molecule_chembl_id,canonical_smiles,pIC50,n_measurements
CHEMBL1076700,Cc1cc(Nc2nc3cccc(-c4cc(F)c(CN5CCOCC5)c(F)c4)c3o2)ccc1C(=O)NCCCN(C)C,7.013228265733755,1
CHEMBL1078178,N#CCNC(=O)c1ccc(-c2ccnc(Nc3ccc(N4CCOCC4)cc3)n2)cc1,7.522878745280337,4
CHEMBL1080159,Cc1cc(Nc2nc3cccc(-c4cc(F)c(CN5CCOCC5)c(F)c4)c3o2)ccc1C(=O)N(C)C,6.698970004336019,1
CHEMBL1081290,COc1cc(Nc2nc3cccc(-c4ccccc4)c3o2)cc(OC)c1OC,5.468521082957745,1
CHEMBL1081443,COc1cc(Nc2nc3cccc(-c4ccccn4)c3o2)cc(OC)c1OC,6.1938200260161125,1
CHEMBL1081484,COc1cc(Nc2nc3cccc(-c4ccc(C(=O)N5CCOCC5)c(F)c4)c3o2)cc(OC)c1OC,7.200659450546418,1
CHEMBL1081485,COc1cc(Nc2nc3cccc(-c4ccc(CN5CCOCC5)cc4)c3o2)cc(OC)c1OC,6.508638306165727,1
CHEMBL1081663,CN(C)C(=O)c1ccc(Nc2nc3cccc(-c4ccc(C(=O)N5CCOCC5)cc4)c3o2)cc1,6.136677139879544,1
CHEMBL1081975,COc1cc(Nc2nc3cccc(-c4ccc5ncccc5c4)c3o2)cc(OC)c1OC,5.853871964321762,1
CHEMBL1081976,COc1cc(Nc2nc3cccc(-c4cccc(NS(C)(=O)=O)c4)c3o2)cc(OC)c1OC,5.443697499232712,1
CHEMBL1081977,COc1cc(Nc2nc3cccc(-c4ccc(NS(C)(=O)=O)cc4)c3o2)cc(OC)c1OC,6.823908740944319,1
CHEMBL1081978,COc1cc(Nc2nc3cccc(-c4ccc(C(=O)N5CCOCC5)cc4)c3o2)cc(OC)c1OC,6.958607314841775,1
CHEMBL1082022,CNC(=O)c1ccc(Nc2nc3cccc(-c4cc(F)c(CN5CCOCC5)c(F)c4)c3o2)cc1C,6.920818753952375,1
CHEMBL1082023,Cc1cc(-c2cccc3nc(Nc4ccc(N5CCN(C)CC5)cc4)oc23)ccc1C(=O)N1CCOCC1,6.522878745280337,1
CHEMBL1088856,COc1cc(-c2cnc3cccc(-c4ccc(C(=O)N5CCOCC5)c(C)c4)c3n2)cc(OC)c1OC,5.853871964321762,1
CHEMBL1088857,COc1cc(-c2cnc3cccc(-c4ccc(CN5CCOCC5)c(F)c4)c3n2)cc(OC)c1OC,5.657577319177793,1
CHEMBL1089773,CN1CCN(c2ccc(-c3cnc4cccc(-c5cc(F)c(CN6CCOCC6)c(F)c5)c4n3)cc2)CC1,7.026872146400302,1
CHEMBL1089813,COc1cc(-c2cnc3cccc(-c4ccc(CN5CCOCC5)cc4C)c3n2)cc(OC)c1OC,5.376750709602099,1
CHEMBL1089814,COc1cc(-c2cnc3cccc(-c4ccc(CN5CCOCC5)cc4F)c3n2)cc(OC)c1OC,5.031517051446065,1
CHEMBL1089815,Cc1cc(-c2cccc3ncc(-c4ccc(C(=O)N5CCOCC5)c(C)c4)nc23)ccc1CN1CCOCC1,6.357535479757878,1
CHEMBL1089833,COc1cc(-c2cnc3cccc(-c4ccc(CN5CCS(=O)(=O)CC5)cc4)c3n2)cc(OC)c1OC,6.2839966563652006,1
CHEMBL1091565,COc1cc(-c2cnc3cccc(-c4ccc(C(=O)N5CCOCC5)cc4)c3n2)cc(OC)c1OC,5.5376020021010435,1
CHEMBL1092063,Cc1cc(-c2cnc3cccc(-c4ccc(CN5CCS(=O)(=O)CC5)cc4)c3n2)ccc1C(=O)N1CCN(C)CC1,6.481486060122113,1
CHEMBL1092840,Cc1cc(-c2cnc3cccc(-c4ccc(CN5CCOCC5)c(F)c4)c3n2)ccc1C(=O)N1CCOCC1,6.2839966563652006,1
CHEMBL1092925,CN1CCN(c2ccc(-c3cnc4cccc(-c5cc(F)c(CN6CCS(=O)(=O)CC6)c(F)c5)c4n3)cn2)CC1,7.0655015487564325,1
CHEMBL1092926,Fc1cc(-c2cccc3ncc(-c4cnn(C5CCNCC5)c4)nc23)cc(F)c1CN1CCOCC1,7.191928252151049,2
CHEMBL1093119,Cc1cc(-c2cnc3cccc(-c4cc(F)c(CN5CCOCC5)c(F)c4)c3n2)ccc1C(=O)N1CCOCC1,6.920818753952375,1
CHEMBL1093191,COc1cc(-c2cnc3cccc(-c4ccc(CC(=O)N5CCOCC5)cc4)c3n2)cc(OC)c1OC,6.1938200260161125,1
CHEMBL1093454,COc1cc(-c2cnc3cccc(-c4ccc(CN5CCOCC5)c(C)c4)c3n2)cc(OC)c1OC,5.146910470148135,1
CHEMBL1093468,COc1cc(-c2cnc3cccc(-c4ccc(CC(=O)N5CCS(=O)(=O)CC5)cc4)c3n2)cc(OC)c1OC,6.468521082957745,1
CHEMBL1093749,CNS(=O)(=O)c1ccc(-c2cccc3ncc(-c4cc(OC)c(OC)c(OC)c4)nc23)cc1,6.1938200260161125,1
CHEMBL1231124,Cc1cc(Nc2nc(N[C@@H](C)c3ncc(F)cn3)ncc2Cl)[nH]n1,8.698970004336019,3
CHEMBL1235315,O=C1CCN(c2ncc(C(F)(F)F)c(C3=C(c4c[nH]c5ccccc45)C(=O)NC3=O)n2)CC1,5.363211310965625,1
CHEMBL1287812,CCOC(=O)c1cccc(Nc2nc(N)n(C(=O)c3c(F)cccc3F)n2)c1,5.764471553092451,1
CHEMBL1287853,Cc1cnc(Nc2ccc(OCCN3CCCC3)cc2)nc1Nc1cccc(S(=O)(=O)NC(C)(C)C)c1,6.508638306165727,7
CHEMBL1287883,Nc1nc(Nc2cccc(S(N)(=O)=O)c2)nn1C(=O)c1c(F)cccc1F,7.154901959985743,1
CHEMBL1287910,Nc1nc(Nc2cccc(C(=O)O)c2)nn1C(=O)c1c(F)cccc1F,6.161150909262744,1
CHEMBL1287940,COC(=O)c1ccc(Nc2nc(N)n(C(=O)c3c(F)cccc3F)n2)cc1,6.119186407719209,1
CHEMBL1287941,Nc1nc(Nc2ccc(C(=O)O)cc2)nn1C(=O)c1c(F)cccc1F,7.376750709602099,1
CHEMBL1287971,Nc1nc(Nc2ccccc2)nn1C(=O)c1c(F)cccc1F,6.443697499232712,1
CHEMBL1288001,CN(C)c1cccc(Nc2nc(N)n(C(=O)c3c(F)cccc3F)n2)c1,7.154901959985743,1
CHEMBL1288002,CN(C)c1ccc(Nc2nc(N)n(C(=O)c3c(F)cccc3F)n2)cc1,7.154901959985743,1
CHEMBL1288032,Nc1nc(Nc2cccnc2)nn1C(=O)c1c(F)cccc1F,6.522878745280337,1
CHEMBL1288062,CCOC(=O)c1cccc(Nc2nc(N)n(C(=O)c3ccccc3F)n2)c1,5.218963061378868,1
CHEMBL1650951,CC(C)(O)C(=O)N1CCN(c2ccc(C(F)(F)F)c(C3=C(c4c[nH]c5ccccc45)C(=O)NC3=O)c2)CC1,5.675717544702307,3
CHEMBL1650955,O=CN1CCN(c2ccc(C(F)(F)F)c(C3=C(c4c[nH]c5ccccc45)C(=O)NC3=O)c2)CC1,5.297569463554475,1
CHEMBL1651521,COc1cc(O)c2c(c1)CCC[C@H](O)CC(=O)/C=C\C[C@H](C)OC2=O,5.356547323513812,1
CHEMBL1789941,N#CC[C@H](C1CCCC1)n1cc(-c2ncnc3[nH]ccc23)cn1,7.721246399047171,18
CHEMBL1795071,N#CC[C@H](C1CCCC1)n1cc(-c2ncnc3[nH]ccc23)cn1.O=P(O)(O)O,6.935542010773082,1
CHEMBL1834657,CCN1CCN(c2ccc(Nc3cc(N(C)C(=O)Nc4c(Cl)c(OC)cc(OC)c4Cl)ncn3)cc2)CC1.O=P(O)(O)O,5.481091426308586,1
CHEMBL1852688,CCN1CCN(c2ccc(Nc3cc(N(C)C(=O)Nc4c(Cl)c(OC)cc(OC)c4Cl)ncn3)cc2)CC1,5.481091426308586,1
CHEMBL188343,c1nc2c(NC3CCCCC3)nc(Nc3ccc(N4CCOCC4)cc3)nc2[nH]1,7.0713337517843655,4
CHEMBL1938642,NC(=O)c1cnc(N)c2cc(-c3ccc(N4CCOCC4)cc3)sc12,7.180456064458132,1
CHEMBL1938643,CNC(=O)c1cnc(N)c2cc(-c3ccc(N4CCOCC4)cc3)sc12,5.876148359032914,1
CHEMBL1938644,CCNC(=O)c1cnc(N)c2cc(-c3ccc(N4CCOCC4)cc3)sc12,5.97061622231479,1
CHEMBL1938645,Nc1ncc(C(=O)Nc2ccccc2)c2sc(-c3ccc(N4CCOCC4)cc3)cc12,5.701146923590294,1
CHEMBL1938646,Nc1ncc(C(=O)NCc2ccccc2)c2sc(-c3ccc(N4CCOCC4)cc3)cc12,5.585026652029182,1
CHEMBL1938647,CC(C)(C)NC(=O)c1cnc(N)c2cc(-c3ccc(N4CCOCC4)cc3)sc12,5.156144577376839,1
CHEMBL1938648,CN(C)C(=O)c1cnc(N)c2cc(-c3ccc(N4CCOCC4)cc3)sc12,5.288192770958809,1
CHEMBL1938649,CNC(=O)c1cnc(N)c2cc(-c3ccccc3)sc12,6.028260409112222,1
CHEMBL1938650,CNC(=O)c1cnc(N)c2cc(-c3ccc(C)cc3)sc12,6.051587034221399,1
CHEMBL1938651,CNC(=O)c1cnc(N)c2cc(-c3ccc(C(C)(C)C)cc3)sc12,6.694648630553377,1
CHEMBL1938652,CNC(=O)c1cnc(N)c2cc(-c3ccc(OC(F)(F)F)cc3)sc12,6.681936665037238,1
CHEMBL1938653,CNC(=O)c1cnc(N)c2cc(-c3ccc(C(C)(C)C#N)cc3)sc12,6.835647144215563,1
CHEMBL1938654,CNC(=O)c1cnc(N)c2cc(-c3ccc(S(=O)(=O)NC(C)(C)C)cc3)sc12,6.575118363368933,1
CHEMBL1938655,CC(C)(C)NS(=O)(=O)c1ccc(-c2cc3c(N)ncc(C(=O)NCCO)c3s2)cc1,6.030584087646019,1
CHEMBL1938656,COCCNC(=O)c1cnc(N)c2cc(-c3ccc(S(=O)(=O)NC(C)(C)C)cc3)sc12,5.8297382846050425,1
CHEMBL1938657,CN(C)CCNC(=O)c1cnc(N)c2cc(-c3ccc(S(=O)(=O)NC(C)(C)C)cc3)sc12,5.3872161432802645,1
CHEMBL1938658,CC(C)(C)NS(=O)(=O)c1ccc(-c2cc3c(N)ncc(C(=O)NCCN4CCCCC4)c3s2)cc1,5.573488738635425,1
CHEMBL1938659,CC(C)(C)NS(=O)(=O)c1ccc(-c2cc3c(N)ncc(C(=O)NCCN4CCOCC4)c3s2)cc1,6.120904120499927,1
CHEMBL1938660,CC(C)(C)NS(=O)(=O)c1ccc(-c2cc3c(N)ncc(C(=O)NCCCN4CCOCC4)c3s2)cc1,5.809668301829708,1
CHEMBL2012519,COc1cc(O)c2c(c1)CCC[C@H](O)[C@H](O)C(=O)/C=C\C[C@H](C)OC2=O,5.3872161432802645,1
CHEMBL2035042,CN1C/C=C/CCn2ccc3ccc(cc32)-c2ccnc(n2)Nc2cccc(c2)C1,5.823908740944319,1
CHEMBL2035043,C1=C/Cn2ccc3ccc(cc32)-c2ccnc(n2)Nc2cccc(c2)COC/1,6.823908740944319,1
CHEMBL2035044,CN1C/C=C/CCOc2cc(ccn2)-c2ccnc(n2)Nc2cccc(c2)C1,7.187086643357144,1
CHEMBL2035045,CN1C/C=C/COCc2cncc(c2)-c2ccnc(n2)Nc2cccc(c2)C1,5.229147988357856,1
CHEMBL2035046,C1=C/COCc2cncc(c2)-c2ccnc(n2)Nc2cccc(c2)COC/1,6.022276394711152,1
CHEMBL2035047,CN1C/C=C/COCc2ccc(o2)-c2ccnc(n2)Nc2cccc(c2)C1,5.823908740944319,1
CHEMBL2035048,C1=C/COCc2ccc(o2)-c2ccnc(n2)Nc2cccc(c2)COC/1,6.173925197299173,1
CHEMBL2035050,Cc1cnc2nc1-c1ccc3ccn(c3c1)C/C=C/COCc1cc(ccc1OCCN1CCCC1)N2,6.356547323513812,1
CHEMBL2035051,C1=C/COCc2cc(ccc2OCCN2CCCC2)Nc2nccc(n2)-c2cncc(c2)COC/1,6.200659450546418,1
CHEMBL2035052,C1=C/COCc2cc(ccc2OCCN2CCCC2)Nc2nccc(n2)-c2ccnc(c2)OCC/1,7.522878745280337,1
CHEMBL2035053,Cc1cnc2nc1-c1ccnc(c1)OCC/C=C/COCc1cc(ccc1OCCN1CCCC1)N2,7.142667503568732,1
CHEMBL2035054,CN1C/C=C/COCc2ccc(o2)-c2ccnc(n2)Nc2ccc(OCCN3CCCC3)c(c2)C1,6.1487416512809245,1
CHEMBL2035055,CN1C/C=C/COCc2ccc(s2)-c2ccnc(n2)Nc2ccc(OCCN3CCCC3)c(c2)C1,7.3872161432802645,1
CHEMBL2035056,COCCOc1ccc2cc1CN(C)C/C=C/COCc1ccc(o1)-c1ccnc(n1)N2,6.229147988357855,1
CHEMBL2035181,C1=C/COCc2cc(ccc2OCCN2CCCC2)Nc2nccc(n2)-c2cc(co2)COC/1,6.508638306165727,1
CHEMBL2035182,COCCOc1ccc2cc1CN(C)C/C=C/COCc1ccc(s1)-c1ccnc(n1)N2,7.481486060122112,1
CHEMBL2035183,C1=C/COCc2cc(ccc2OCCN2CCCC2)Nc2nccc(n2)-c2ccc(s2)COC/1,7.494850021680094,1
CHEMBL2035184,C1=C/COCc2cc(ccc2OCCN2CCCC2)Nc2nccc(n2)-c2csc(c2)COC/1,7.327902142064283,1
CHEMBL2035185,C1=C/COCc2cc(ccc2OCCN2CCCC2)Nc2nccc(n2)-c2ccc(o2)COC/1,6.638272163982407,1
CHEMBL2035186,C1=C/COCc2cc(ccc2OCCN2CCCC2)Nc2nccc(n2)-c2coc(c2)COC/1,6.920818753952375,1
CHEMBL2035187,C1=N/C2=N/c3ccc(OCCN4CCCC4)c(c3)COC/C=C/COCc3cccc(c3)C(=C1)N2,7.301029995663981,6
CHEMBL2103743,C[C@@H]1CCN(C(=O)CC#N)C[C@@H]1N(C)c1ncnc2[nH]ccc12.O=C(O)CC(O)(CC(=O)O)C(=O)O,6.8297382846050425,25
CHEMBL2103874,CNS(=O)(=O)C[C@H]1CC[C@H](N(C)c2[nH]cnc3nccc2-3)CC1,7.124360062995832,3
CHEMBL2105759,CCS(=O)(=O)N1CC(CC#N)(n2cc(-c3ncnc4[nH]ccc34)cn2)C1,7.275724130399211,13
CHEMBL2107823,Cc1cc(Nc2cc(CN3CCOCC3)c3nc(C)c(Cc4ccc(Cl)cc4F)n3n2)n[nH]1,7.196379748084128,2
CHEMBL21156,CC(C)(C)c1nc2c3ccc(F)cc3c3c(=O)[nH]ccc3c2[nH]1,9.0,8
CHEMBL215943,Cc1ccc(C(=O)Nc2cccc(C(F)(F)F)c2)cc1-c1ccc2nc(NCCN3CCOCC3)ncc2c1,5.73754891026957,1
CHEMBL2178352,CN1CCN(c2ccc(Nc3ncc4nc(Nc5ccccc5)n(C5CCCC5)c4n3)cc2)CC1,5.173925197299174,1
CHEMBL2181082,O=C1CCN(CCOc2ccc3cc2COCC=CCOCc2cccc(c2)-c2ccnc(n2)N3)C1,6.853871964321762,1
CHEMBL2181083,C1=CCOCc2cccc(c2)-c2ccnc(n2)Nc2cc(cc(OCCN3CCCC3)c2)COC1,7.096910013008056,1
CHEMBL2181084,C1=CCOCc2cccc(c2)-c2ccnc(n2)Nc2cc(cc(OCCN3CCOCC3)c2)COC1,7.0915149811213505,1
CHEMBL2181086,CCN(CC)CCC(=O)Nc1cc2cc(c1)Nc1nccc(n1)-c1cccc(c1)COCC=CCOC2,7.7447274948966935,1
CHEMBL2181087,COc1cc2cc(c1OCCN1CCCC1)COCC=CCOCc1cccc(c1)-c1ccnc(n1)N2,6.769551078621726,1
CHEMBL2181088,Cc1cnc2nc1-c1cccc(c1)COCC=CCOCc1cc(ccc1OCCN1CCCC1)N2,7.2441251443275085,1
CHEMBL2181310,Fc1cnc2nc1-c1cccc(c1)COCC=CCOCc1cc(ccc1OCCN1CCCC1)N2,6.853871964321762,1
CHEMBL2181311,COc1ccc2cc1-c1ccnc(n1)Nc1ccc(OCCN3CCCC3)c(c1)COCC=CCOC2,6.2076083105017466,1
CHEMBL2181312,Fc1cc2cc(c1)-c1ccnc(n1)Nc1ccc(OCCN3CCCC3)c(c1)COCC=CCOC2,7.443697499232712,1
CHEMBL2181313,COc1ccc2cc1COCC=CCOCc1cc(ccc1OCCN1CCCC1)Nc1nccc-2n1,6.7447274948966935,1
CHEMBL2181315,C1=CCCOc2cccc(c2)-c2ccnc(n2)Nc2cccc(c2)OCC1,5.2839966563652006,1
CHEMBL2181316,C1=CCOc2cccc(c2)Nc2nccc(n2)-c2cccc(c2)OCC1,7.154901959985743,1
CHEMBL2181317,COc1ccc2cc1COCC=CCCOc1cccc(c1)-c1ccnc(n1)N2,6.823908740944319,1
CHEMBL2181318,COc1ccc2cc1COCC=CCOc1cccc(c1)-c1ccnc(n1)N2,6.920818753952375,1
CHEMBL2181319,COc1ccc2cc1COCC=CCOCc1cccc(c1)-c1ccnc(n1)N2,6.6777807052660805,1
CHEMBL2181320,Oc1ccc2cc1COCC=CCOCc1cccc(c1)-c1ccnc(n1)N2,6.769551078621726,1
CHEMBL2181321,C1=CCOCc2cc(ccc2N2CCOCC2)Nc2nccc(n2)-c2cccc(c2)COC1,6.795880017344075,1
CHEMBL2181322,C1=CCOCc2cc(ccc2N2CCNCC2)Nc2nccc(n2)-c2cccc(c2)COC1,6.853871964321762,1
CHEMBL2181323,CN1CCN(c2ccc3cc2COCC=CCOCc2cccc(c2)-c2ccnc(n2)N3)CC1,6.721246399047171,1
CHEMBL2181324,OCCN1CCN(c2ccc3cc2COCC=CCOCc2cccc(c2)-c2ccnc(n2)N3)CC1,6.795880017344075,1
CHEMBL2181325,CC(=O)N1CCN(c2ccc3cc2COCC=CCOCc2cccc(c2)-c2ccnc(n2)N3)CC1,6.958607314841775,1
CHEMBL2181326,CCS(=O)(=O)N1CCN(c2ccc3cc2COCC=CCOCc2cccc(c2)-c2ccnc(n2)N3)CC1,6.853871964321762,1
CHEMBL2181327,CN(C)CCN(C)c1ccc2cc1COCC=CCOCc1cccc(c1)-c1ccnc(n1)N2,7.1487416512809245,1
CHEMBL2181328,ClCCOc1ccc2cc1COCC=CCOCc1cccc(c1)-c1ccnc(n1)N2,6.327902142064283,1
CHEMBL2181329,CCN(CC)CCOc1ccc2cc1COCC=CCOCc1cccc(c1)-c1ccnc(n1)N2,7.102372908709558,1
CHEMBL2181331,C1=CCOCc2cc(ccc2OCCN2CCCCC2)Nc2nccc(n2)-c2cccc(c2)COC1,7.075720713938118,1
CHEMBL2181332,O=C1CCCN1CCOc1ccc2cc1COCC=CCOCc1cccc(c1)-c1ccnc(n1)N2,6.7447274948966935,1
CHEMBL2206059,CS(=O)(=O)NCc1nc2cnc3[nH]ccc3c2n1[C@@H]1C[C@H]2CC[C@@H]1C2,6.853871964321762,3
CHEMBL2208034,O=C(Nc1ccc(-c2ccnc(Nc3ccc(N4CCOCC4)cc3)n2)cc1)[C@H]1CCCN1,6.458046525541763,1
CHEMBL221959,C[C@@H]1CCN(C(=O)CC#N)C[C@@H]1N(C)c1ncnc2[nH]ccc12,7.449771646944906,33
CHEMBL2322135,c1cc2c(ncc3[nH]nc(C4CCCCC4)c32)[nH]1,7.301029995663981,1
CHEMBL2322136,Cn1nc(C2CCCCC2)c2c3cc[nH]c3ncc21,6.522878745280337,1
CHEMBL2322137,c1cc2c(ncc3onc(C4CCCCC4)c32)[nH]1,7.221848749616356,1
CHEMBL2322140,c1cc2c3c(cnc2[nH]1)CCCN3C1CCCCC1,6.275724130399211,1
CHEMBL2322141,c1cc2c(ncc3nnc(C4CCCCC4)n32)[nH]1,5.920818753952375,1
CHEMBL2322143,c1cc2c(ncc3ccc(C4CCCCC4)n32)[nH]1,5.318758762624412,1
CHEMBL2386635,C[C@@H](O)c1nc2cnc3[nH]ccc3c2n1[C@H]1CC[C@H](CC#N)CC1,9.698970004336019,2
CHEMBL261386,O=c1[nH]ccc2c3[nH]c(-c4ccccc4Cl)nc3c3ccc(F)cc3c12,8.154901959985743,1
CHEMBL3039513,CC[C@@](C)(Nc1ccnc(-c2c[nH]c3ncccc23)n1)C(=O)NCC(F)(F)F,5.823908740944319,4
CHEMBL3114761,O=C1NC(=O)C(c2c[nH]c3ccccc23)=C1Nc1cccc(O[C@H]2CCN(c3ccnc(F)c3)C2)c1,5.23455498190985,1
CHEMBL3114768,O=C1NC(=O)C(c2c[nH]c3ccccc23)=C1Nc1ccc(OCCn2ccnc2)cc1,5.132650382811208,1
CHEMBL3114772,O=C1NC(=O)C(c2c[nH]c3ccccc23)=C1Nc1ccc(OCCNc2ccnc(F)c2)cc1,5.006828394969235,1
CHEMBL3114775,Cn1cc(C2=C(Nc3cccc(OCCNc4ccnc(F)c4)c3)C(=O)NC2=O)c2ccccc21,5.292089334286894,1
CHEMBL3114776,CN(CCOc1cccc(NC2=C(c3c[nH]c4ccccc34)C(=O)NC2=O)c1)c1ccnc(F)c1,6.002176919254275,1
CHEMBL3114786,O=C1NC(=O)C(c2c[nH]c3ccccc23)=C1Nc1cccc(OC2CCN(c3ccnc(F)c3)C2)c1,4.923468780746188,1
CHEMBL3137308,NC(=O)c1cnc2[nH]ccc2c1N[C@@H]1[C@@H]2CC3C[C@H]1C[C@@](O)(C3)C2,8.318758762624412,5
CHEMBL3137331,CNC(=O)c1ccc(Nc2ncc(C(F)(F)F)c(NCc3nccnc3N(C)S(C)(=O)=O)n2)cc1,6.889376624766669,1
CHEMBL3216659,Cl.Cl.O=C1Nc2cc(Br)ccc2/C1=C1/Nc2ccccc2/C1=N\OCCN1CCNCC1,7.301029995663981,1
CHEMBL3301606,CC1(C)CN(C(=O)c2ccc(-c3cccc4nc(NC(=O)C5CC5)nn34)cc2)C1,6.65368668352426,2
CHEMBL3301607,O=C(Nc1nc2cccc(-c3ccc(CN4CCS(=O)(=O)CC4)cc3)n2n1)C1CC1,6.935542010773082,22
CHEMBL3352892,C[C@@]1(C#N)CCC[C@H]1Nc1c(C(N)=O)cnn2cccc12,7.522878745280337,1
CHEMBL3359907,C[C@@H](Nc1c(C(N)=O)cnn2cccc12)C(C)(C)C,7.795880017344075,1
CHEMBL3359908,CC1(C)CCC[C@H]1Nc1c(C(N)=O)cnn2cccc12,8.096910013008056,1
CHEMBL3359909,C[C@H](Nc1c(C(N)=O)cnn2cccc12)C(C)(C)C,6.167491087293763,1
CHEMBL3359910,CC1(C)CCC[C@@H]1Nc1c(C(N)=O)cnn2cccc12,6.886056647693163,1
CHEMBL3359911,NC(=O)c1cnn2cccc2c1NC1CCCC1,6.823908740944319,1
CHEMBL3359912,CC1(C)[C@@H](O)CC[C@H]1Nc1c(C(N)=O)cnn2cccc12,7.102372908709558,1
CHEMBL3359913,CC1(C)[C@H](O)CC[C@H]1Nc1c(C(N)=O)cnn2cccc12,7.657577319177793,1
CHEMBL3359914,CC1(C)[C@H](Nc2c(C(N)=O)cnn3cccc23)CC[C@]1(C)O,6.6777807052660805,1
CHEMBL3359915,CC1(C)[C@H](Nc2c(C(N)=O)cnn3cccc23)CC[C@@]1(C)O,8.154901959985743,1
CHEMBL3359916,CC1(C)C[C@@](C)(O)C[C@H]1Nc1c(C(N)=O)cnn2cccc12,6.552841968657781,1
CHEMBL3359917,CC1(C)C[C@](C)(O)C[C@H]1Nc1c(C(N)=O)cnn2cccc12,7.045757490560675,1
CHEMBL3359918,CC1(C)[C@H](N)CC[C@H]1Nc1c(C(N)=O)cnn2cccc12,6.958607314841775,1
CHEMBL3359919,CC1(C)[C@@H](N)CC[C@H]1Nc1c(C(N)=O)cnn2cccc12,6.958607314841775,1
CHEMBL3359920,CC1(C)[C@H](Nc2c(C(N)=O)cnn3cccc23)CC[C@@]1(C)N,7.2839966563652006,1
CHEMBL3359921,CC1(C)[C@H](Nc2c(C(N)=O)cnn3cccc23)CC[C@]1(C)N,7.013228265733755,1
CHEMBL3359922,C[C@]1(O)CCC[C@H]1Nc1c(C(N)=O)cnn2cccc12,6.823908740944319,1
CHEMBL3359923,C[C@@]1(O)CCC[C@H]1Nc1c(C(N)=O)cnn2cccc12,6.721246399047171,1
CHEMBL3359924,C[C@]1(CO)CCC[C@H]1Nc1c(C(N)=O)cnn2cccc12,7.468521082957745,1
CHEMBL3359925,C[C@@]1(CO)CCC[C@H]1Nc1c(C(N)=O)cnn2cccc12,6.4089353929735005,1
CHEMBL3359926,C[C@]1(C#N)CCC[C@H]1Nc1c(C(N)=O)cnn2cccc12,8.221848749616356,1
CHEMBL3359927,C[C@]1(F)CCC[C@H]1Nc1c(C(N)=O)cnn2cccc12,8.698970004336019,1
CHEMBL3359928,C[C@@]1(F)CCC[C@@H]1Nc1c(C(N)=O)cnn2cccc12,6.3979400086720375,1
CHEMBL3359929,C[C@@]1(F)CCC[C@H]1Nc1c(C(N)=O)cnn2cccc12,6.958607314841775,1
CHEMBL3360318,COc1ccc(-c2cccc3nc(NC(=O)C4CC4)nn23)cc1,6.284832642151542,1
CHEMBL3360348,O=C(Nc1nc2cccc(-c3ccc(NS(=O)(=O)C4CC4)cc3)n2n1)C1CC1,6.522878745280337,1
CHEMBL3360353,O=C(Nc1nc2cccc(-c3ccc(CN4CCOCC4)cc3)n2n1)C1CC1,5.6786087216883105,2
CHEMBL3360356,O=C(Nc1nc2cccc(-c3ccc(CN4CCC(F)(F)CC4)cc3)n2n1)C1CC1,6.899974406886593,2
CHEMBL3403537,Cc1ccc(Cl)cc1-c1cn(-c2ncnc3[nH]ccc23)cc1C(N)=O,7.366531544420414,1
CHEMBL3403541,Cc1ccc(Cl)cc1-n1cc(-c2ncnc3[nH]ccc23)cc1C(N)=O,8.698970004336019,1
CHEMBL3403542,Cc1ccc(Cl)cc1-n1cc(-c2ncnn3cccc23)cc1C(N)=O,6.910094888560602,1
CHEMBL3403546,CCc1ccc(Cl)cc1-n1cc(-c2ncnn3cccc23)cc1C(N)=O,7.568636235841013,1
CHEMBL3403549,NC(=O)c1cc(-c2ncnc3[nH]ccc23)cn1-c1cc(C(F)(F)F)ccc1Cl,8.522878745280337,1
CHEMBL3426891,CN1CCN(c2ccc(Nc3ncc(Cl)c(NC[C@H]4CCCO4)n3)cc2)CC1,8.301029995663981,1
CHEMBL3545215,CCn1c(C(=O)N(C2CC2)C2CC2)cc2c3c(ncn3C)c(Nc3cc(C)n(C)n3)nc21,7.180456064458132,1
CHEMBL3589164,NC(=O)c1cc(-c2ccc(Cl)c(Cl)c2)cc2c1[nH]c1ccc(C(=O)N3CCOCC3)cc12,7.508638306165727,1
CHEMBL3589165,NC(=O)c1cc(-c2ccccc2)cc2c1[nH]c1ccc(C(=O)N3CCOCC3)cc12,7.795880017344075,1
CHEMBL3589166,COc1cccc(-c2cc(C(N)=O)c3[nH]c4ccc(C(=O)N5CCOCC5)cc4c3c2)c1,7.494850021680094,1
CHEMBL3589167,NC(=O)c1cc(-c2ccc(Cl)cc2Cl)cc2c1[nH]c1ccc(C(=O)N3CCOCC3)cc12,7.3979400086720375,1
CHEMBL3589168,CCCOc1cccc(-c2cc(C(N)=O)c3[nH]c4ccc(C(=O)N5CCOCC5)cc4c3c2)c1,6.889410289700751,1
CHEMBL3589169,CN1CCN(C(=O)c2ccc3[nH]c4c(C(N)=O)cc(-c5ccc(Cl)cc5)cc4c3c2)CC1,8.55284196865778,1
CHEMBL3589170,CN(C)[C@H]1CCN(C(=O)c2ccc3[nH]c4c(C(N)=O)cc(-c5ccc(Cl)c(Cl)c5)cc4c3c2)C1,7.346787486224656,1
CHEMBL3589171,COc1cccc(-c2cc(C(N)=O)c3[nH]c4ccc(C(=O)N5CCN(C)CC5)cc4c3c2)c1,7.4089353929735005,1
CHEMBL3589172,NC(=O)c1cc(Cc2ccccc2)cc2c1[nH]c1ccc(C(=O)N3CCOCC3)cc12,6.747146969020107,1
CHEMBL3589173,NC(=O)c1cc(-c2ccc(Cl)c(Cl)c2)cc2c3c([nH]c12)CCC(C(=O)N1CCOCC1)C3,6.216096420727265,1
CHEMBL3589174,NC(=O)c1cc(-c2ccccc2)cc2c1[nH]c1cc(C(=O)N3CCOCC3)ccc12,7.154901959985743,1
CHEMBL3589175,COc1cccc(-c2cc(C(N)=O)c3[nH]c4cc(C(=O)N5CCOCC5)ccc4c3c2)c1,6.767003889607846,1
CHEMBL3589176,COc1ccc(-c2cc(C(N)=O)c3[nH]c4cc(C(=O)N5CCOCC5)ccc4c3c2)cc1F,6.696803942579511,1
CHEMBL3589177,COc1cccc(-c2cc(C(N)=O)c3[nH]c4cc(C(=O)N5CC[C@H](N(C)C)C5)ccc4c3c2)c1,6.614393726401688,1
CHEMBL3589178,COc1cccc(-c2cc(C(N)=O)c3[nH]c4cc(NC(=O)C5CCOCC5)ccc4c3c2)c1,7.060480747381382,1
CHEMBL3589179,NC(=O)c1cc(-c2ccccc2)cc2c1[nH]c1cc(N3CCOCC3)ccc12,6.801342913045577,1
CHEMBL3589325,CN1CCN(c2ccc3c(c2)[nH]c2c(C(N)=O)cc(-c4ccccc4)cc23)CC1,7.1487416512809245,1
CHEMBL3589326,CN1CCN(c2ccc3c(c2)[nH]c2c(C(N)=O)cc(-c4cccc(Cl)c4)cc23)CC1,6.795880017344075,1
CHEMBL3589327,CN1CCN(c2ccc3c(c2)[nH]c2c(C(N)=O)cc(-c4ccc(CN5CCOCC5)c(Cl)c4)cc23)CC1,6.705533773838407,1
CHEMBL3589328,Cc1ccc(-c2cc(C(N)=O)c3[nH]c4cc(N5CCOCC5)ccc4c3c2)cn1,6.931814138253839,1
CHEMBL3589329,CN1CCN(c2ccc3c(c2)[nH]c2c(C(N)=O)cc(-c4ccc5c(cnn5C)c4)cc23)CC1,6.607303046740334,1
CHEMBL3593765,NC(=O)c1cnc2[nH]ccc2c1NC1CCN(Cc2ccccc2)CC1,6.95663772197887,1
CHEMBL3601115,C=CC(=O)Nc1cccc(CNc2nc(Nc3cnn(CCOC)c3)ncc2Cl)c1,6.39040559077478,1
CHEMBL3601120,C=CC(=O)Nc1cccc(CNc2nc(Nc3cnn(CCO)c3)ncc2Cl)c1,6.853871964321762,1
CHEMBL3601862,C=CC(=O)Nc1cccc(CNc2nc(Nc3cnn(CCOCCOCCOCCNC(=O)CCCC[C@@H]4SC[C@@H]5NC(=O)N[C@@H]54)c3)ncc2Cl)c1,5.505845405981558,1
CHEMBL3613597,CC(C)c1nn(C)cc1-c1nc2c(N3CCN(Cc4cccnc4)CC3)c(Br)cnc2[nH]1,8.0,1
CHEMBL3621496,CN1CCN(C(=O)c2ccc3c(c2)[nH]c2c(C(N)=O)ccc(-c4ccccc4F)c23)CC1,6.123205023799299,1
CHEMBL3622130,CCn1c(C(=O)N(C2CC2)C2CC2)cc2c3c(ncn3C)c(NC)nc21,7.154901959985743,1
CHEMBL3622131,CCn1c(C(=O)N(C2CC2)C2CC2)cc2c3c(ncn3C)c(NCCCOC)nc21,6.161150909262744,1
CHEMBL3622132,CCn1c(C(=O)N(C2CC2)C2CC2)cc2c3c(ncn3C)c(NC(=O)OCCOC)nc21,5.769551078621726,1
CHEMBL3622133,CCn1c(C(=O)N(C2CC2)C2CC2)cc2c3c(ncn3C)c(NC(=O)NCCOC)nc21,6.5376020021010435,1
CHEMBL3622134,CCn1c(C(=O)N(C2CC2)C2CC2)cc2c3c(ncn3C)c(Nc3nccs3)nc21,7.552841968657781,1
CHEMBL3622135,CCn1c(C(=O)N(C2CC2)C2CC2)cc2c3c(ncn3C)c(Nc3nc(C)cs3)nc21,7.346787486224656,1
CHEMBL3622136,CCn1c(C(=O)N(C2CC2)C2CC2)cc2c3c(ncn3C)c(Nc3ncc(C)s3)nc21,7.337242168318426,1
CHEMBL3622137,CCn1c(C(=O)N(C2CC2)C2CC2)cc2c3c(ncn3C)c(Nc3nc(C)c(C)s3)nc21,6.958607314841775,1
CHEMBL3622148,CCn1nc(Nc2nc3c(cc(C(=O)N(C4CC4)C4CC4)n3CC)c3c2ncn3C)cc1C,6.657577319177793,1
CHEMBL3622149,CCn1c(C(=O)N(C2CC2)C2CC2)cc2c3c(ncn3C)c(Nc3cc(C)nn3C)nc21,5.638272163982407,1
CHEMBL3622150,CCn1c(C(=O)N(C2CC2)C2CC2)cc2c3c(ncn3C)c(Nc3cc(C)[nH]n3)nc21,8.721246399047171,1
CHEMBL3622193,CN1CCN(C(=O)c2ccc3c(c2)[nH]c2c(C(N)=O)ccc(-c4cccc(NC(=O)c5ccc(N(C)C)cc5)c4F)c23)CC1,4.844663962534939,1
CHEMBL3622376,c1nc(-c2cn(CC3CO3)nn2)c2cc[nH]c2n1,5.249954687988232,3
CHEMBL3622820,N#CCC1(n2cc(-c3ncnc4[nH]ccc34)cn2)CN(C2CCN(C(=O)c3ccnc(C(F)(F)F)c3F)CC2)C1,5.743689482623546,2
CHEMBL3622821,CC[C@@H]1CN(C(=O)NCC(F)(F)F)C[C@@H]1c1cnc2cnc3[nH]ccc3n12,5.328827157284917,14
CHEMBL3622822,NCCCn1c(CCN)nc2cc(C(N)=O)ccc21,5.1938200260161125,1
CHEMBL3622823,NCCCn1c(-c2ccccc2)nc2cc(C(N)=O)ccc21,5.568636235841013,1
CHEMBL3622824,NCCc1nc2cc(C(N)=O)ccc2n1CCN,5.508638306165727,1
CHEMBL3622825,NCCCc1nc2cc(C(N)=O)ccc2n1CCN,5.6020599913279625,1
CHEMBL3622826,NCCn1c(C2CCNCC2)nc2cc(C(N)=O)ccc21,5.431798275933005,3
CHEMBL3622827,NCCn1c(C2CCCCC2)nc2cc(C(N)=O)ccc21,5.481486060122113,1
CHEMBL3622828,NCCn1c(-c2ccccc2)nc2cc(C(N)=O)ccc21,5.376750709602099,1
CHEMBL3622829,NCCn1c(Cc2ccccc2)nc2cc(C(N)=O)ccc21,5.1249387366083,1
CHEMBL3622830,N#Cc1ccc(-c2nc3cc(C(N)=O)ccc3n2CCN)cc1,5.6020599913279625,1
CHEMBL3622831,Cc1ccc(-c2nc3cc(C(N)=O)ccc3n2CCN)cc1,5.455931955649724,1
CHEMBL3622832,CC(C)c1ccc(-c2nc3cc(C(N)=O)ccc3n2CCN)cc1,5.568636235841013,1
CHEMBL3622833,NCCn1c(-c2ccc(C(F)(F)F)cc2)nc2cc(C(N)=O)ccc21,5.494850021680094,1
CHEMBL3622834,NCCn1c(-c2ccc(O)cc2)nc2cc(C(N)=O)ccc21,5.494850021680094,1
CHEMBL3622835,NCCn1c(-c2ccc(O)cc2O)nc2cc(C(N)=O)ccc21,5.431798275933005,1
CHEMBL3622836,NCCn1c(-c2ccncc2)nc2cc(C(N)=O)ccc21,5.236572006437063,1
CHEMBL3622837,NCCn1c(-c2cccnc2N)nc2cc(C(N)=O)ccc21,5.366531544420414,1
CHEMBL3622838,NCCn1c(-c2cncnc2)nc2cc(C(N)=O)ccc21,5.552841968657781,1
CHEMBL3644618,CCc1cc(O)c(F)cc1-c1ccc2c(-c3nc4c([nH]3)CCN(C(=O)c3ccc(F)cc3)C4)n[nH]c2c1,9.096910013008056,1
CHEMBL3644620,CCc1cc(O)c(F)cc1-c1ccc2c(-c3nc4c([nH]3)CCN(C(=O)c3cnc(N5CCCCC5)cn3)C4)n[nH]c2c1,7.527243550682788,1
CHEMBL3655080,CN(c1ncnc2[nH]ccc12)[C@H]1C[C@@H](NS(=O)(=O)CC(F)(F)F)C1,5.991399828238082,2
CHEMBL3655081,CCCS(=O)(=O)N[C@H]1C[C@@H](N(C)c2ncnc3[nH]ccc23)C1,6.081758821270926,4
CHEMBL3655082,CC(C)CS(=O)(=O)N[C@H]1C[C@@H](N(C)c2ncnc3[nH]ccc23)C1,6.319664486585437,2
CHEMBL3655083,CN(c1ncnc2[nH]ccc12)[C@H]1C[C@@H](NS(=O)(=O)[C@H]2C[C@H](CC#N)C2)C1,6.015472686656207,2
CHEMBL3655084,CN(c1ncnc2[nH]ccc12)[C@H]1C[C@@H](NS(=O)(=O)[C@H]2C[C@@H](CC#N)C2)C1,5.567030709125595,2
CHEMBL3655086,CN(c1ncnc2[nH]ccc12)[C@H]1C[C@@H](NS(=O)(=O)CC2COC2)C1,5.623423042943488,2
CHEMBL3655087,CN(c1ncnc2[nH]ccc12)[C@H]1C[C@@H](NS(=O)(=O)[C@H]2C[C@@](C)(CC#N)C2)C1,5.280668713016273,2
CHEMBL3655088,CN(c1ncnc2[nH]ccc12)[C@H]1C[C@@H](NS(=O)(=O)[C@H]2C[C@](C)(CC#N)C2)C1,5.61261017366127,2
CHEMBL3655089,CN(c1ncnc2[nH]ccc12)[C@H]1C[C@@H](NS(=O)(=O)c2cc(C#N)ccn2)C1,6.585026652029182,2
CHEMBL3655090,CN(c1ncnc2[nH]ccc12)[C@H]1C[C@@H](NS(=O)(=O)c2cccc(C(C)(C)O)c2)C1,5.175874166083451,2
CHEMBL3655092,CCCS(=O)(=O)N[C@H]1CC[C@@H](N(C)c2ncnc3[nH]ccc23)C1,5.690369832574102,1
CHEMBL3655093,CN(c1ncnc2[nH]ccc12)[C@H]1C[C@@H](NS(=O)(=O)CC2CC(F)(F)C2)C1,6.113509274827518,2
CHEMBL3655094,CN(c1ncnc2[nH]ccc12)[C@H]1C[C@@H](NS(=O)(=O)C2CC(F)(F)C2)C1,6.490797477668897,2
CHEMBL3655095,CN(c1ncnc2[nH]ccc12)[C@H]1C[C@@H](NS(=O)(=O)CC2CC2)C1,5.728158393463501,2
CHEMBL3655096,CN(c1ncnc2[nH]ccc12)[C@H]1C[C@@H](NS(=O)(=O)C2CN(C3CC3)C2)C1,3.8089185078770313,2
CHEMBL3655097,CN(c1ncnc2[nH]ccc12)[C@H]1C[C@@H](NS(=O)(=O)NCC2CC2)C1,5.749579997691106,2
CHEMBL3655098,CN(c1ncnc2[nH]ccc12)[C@H]1C[C@@H](NS(=O)(=O)N2CC[C@@H](C#N)C2)C1,6.4723700991286615,2
CHEMBL3655099,CN(c1ncnc2[nH]ccc12)[C@H]1C[C@@H](NS(=O)(=O)N2CC[C@H](C#N)C2)C1,5.950781977329818,2
CHEMBL3655100,Cn1cc2c(n1)CN(S(=O)(=O)N[C@H]1C[C@@H](N(C)c3ncnc4[nH]ccc34)C1)C2,5.131943638176958,2
CHEMBL3655101,CN(c1ncnc2[nH]ccc12)[C@H]1C[C@@H](NS(=O)(=O)N2C[C@H]3C[C@@H](C2)O3)C1,5.692503962086787,2
CHEMBL3655102,CN(c1ncnc2[nH]ccc12)[C@H]1C[C@@H](NS(=O)(=O)N2CC(C#N)C2)C1,6.478861916295964,2
CHEMBL3655103,CN(c1ncnc2[nH]ccc12)[C@H]1C[C@@H](NS(=O)(=O)N2CCC(c3cc[nH]n3)CC2)C1,6.437707135543525,2
CHEMBL3655104,CN(CCC#N)S(=O)(=O)N[C@H]1C[C@@H](N(C)c2ncnc3[nH]ccc23)C1,5.924453038607469,2
CHEMBL3658853,CN(c1ncnc2[nH]ccc12)[C@H]1C[C@@H](NS(=O)(=O)N2C[C@H]3C[C@@]3(C#N)C2)C1,6.247951552180561,2
CHEMBL3658855,CN(c1ncnc2[nH]ccc12)[C@H]1C[C@H](NS(=O)(=O)N2CCC(C#N)C2)C1,5.104025267640935,2
CHEMBL3658856,CN(c1ncnc2[nH]ccc12)[C@H]1C[C@@H](CS(=O)(=O)N2CCC(F)(F)CC2)C1,6.146910470148135,2
CHEMBL3658857,CN(c1ncnc2[nH]ccc12)[C@H]1C[C@@H](CS(=O)(=O)N2CCC(O)(C(F)(F)F)CC2)C1,6.446116973356125,2
CHEMBL3658858,CN(c1ncnc2[nH]ccc12)[C@H]1C[C@@H](CS(=O)(=O)N2CC[C@@H](C#N)C2)C1,6.35261702988538,2
CHEMBL3658859,CN(c1ncnc2[nH]ccc12)[C@H]1C[C@@H](CS(=O)(=O)N2CC[C@H](C#N)C2)C1,5.958607314841775,2
CHEMBL3658860,CCCCS(=O)(=O)C[C@H]1C[C@@H](N(C)c2ncnc3[nH]ccc23)C1,6.257274868695302,2
CHEMBL3658861,CCCS(=O)(=O)C[C@H]1C[C@H](N(C)c2ncnc3[nH]ccc23)C1,5.442492798094342,2
CHEMBL3658862,CN(c1ncnc2[nH]ccc12)[C@H]1C[C@@H](CS(=O)(=O)CCC2CC2)C1,5.835647144215563,2
CHEMBL3658863,CN(c1ncnc2[nH]ccc12)[C@H]1C[C@@H](CS(=O)(=O)CC2CC(F)(F)C2)C1,6.235077015350112,2
CHEMBL3658864,CN(c1ncnc2[nH]ccc12)[C@H]1C[C@@H](CS(=O)(=O)[C@H]2CC[C@H](C#N)C2)C1,6.075720713938118,2
CHEMBL3658865,CN(c1ncnc2[nH]ccc12)[C@H]1C[C@@H](CS(=O)(=O)[C@@H]2CC[C@@H](C#N)C2)C1,5.484126156288321,3
CHEMBL3658867,CN(c1ncnc2[nH]ccc12)[C@H]1C[C@@H](CS(=O)(=O)c2ccc(F)c(Cl)c2)C1,6.616184634019569,2
CHEMBL3658868,CN(c1ncnc2[nH]ccc12)[C@H]1C[C@@H](CS(=O)(=O)c2cc(C#N)ccn2)C1,6.3788237182249645,2
CHEMBL3658869,Cc1ncc(S(=O)(=O)N[C@H]2C[C@@H](N(C)c3ncnc4[nH]ccc34)C2)s1,6.262807357295263,2
CHEMBL366266,O=C1NC(=O)C(c2cn(CCCn3ccnc3)c3ccccc23)=C1Nc1ccccc1,5.636388020107856,1
CHEMBL3671804,CC1(C)[C@H](Nc2c(C(N)=O)cnn3cc(-c4cccnc4)cc23)CC[C@]1(C)N,7.468521082957745,1
CHEMBL3671805,Cc1ccncc1-c1cc2c(N[C@@H]3CC[C@](C)(N)C3(C)C)c(C(N)=O)cnn2c1,6.7447274948966935,1
CHEMBL3694577,Clc1cnc2nc1NCc1cccc(c1)OCc1cccc(c1)N2,6.3979400086720375,1
CHEMBL3694578,Clc1cnc2nc1NCc1cccc(c1)OCCc1cccc(c1)N2,7.455931955649724,1
CHEMBL3694579,O=S1(=O)Nc2cccc(c2)CNc2nc(ncc2Cl)Nc2cccc1c2,6.080921907623926,1
CHEMBL3694581,Clc1cnc2nc1NCc1cccc(c1)OCCCc1cccc(c1)N2,7.6020599913279625,1
CHEMBL3694583,Clc1cnc2nc1NCc1cccc(c1)OCCOc1cccc(c1)N2,7.366531544420414,1
CHEMBL3694584,Clc1cnc2nc1NCCc1cccc(c1)OCc1cccc(c1)N2,6.3585258894959,1
CHEMBL3694585,Clc1cnc2nc1NCCc1cccc(c1)OCCc1cccc(c1)N2,7.275724130399211,1
CHEMBL3694586,Clc1cnc2nc1NCCCc1cccc(c1)OCc1cccc(c1)N2,6.6252516539898965,1
CHEMBL3694588,Clc1cnc2nc1NCCc1cccc(c1)OCCCc1cccc(c1)N2,6.3979400086720375,1
CHEMBL3694589,Clc1cnc2nc1NCCCc1cccc(c1)OCCc1cccc(c1)N2,6.97469413473523,1
CHEMBL3694590,Clc1cnc2nc1NCc1cc(ccc1Br)OCCCc1cccc(c1)N2,6.522878745280337,1
CHEMBL3694591,Clc1cnc2nc1NCc1cc(ccc1-c1ccccc1)OCCCc1cccc(c1)N2,6.3979400086720375,1
CHEMBL3694592,Clc1cnc2nc1NCc1cc(Br)cc(c1)OCCCc1cccc(c1)N2,6.826813731587726,1
CHEMBL3694593,Nc1ccc2cc1CCc1cncc(c1)Nc1ncc(Cl)c(n1)NC2,6.413412695328245,1
CHEMBL3702942,N#C[C@H]1C[C@H](O)CC[C@@H]1n1cc(C(N)=O)c(Nc2ccc(C(F)(F)F)cc2)n1,6.958607314841775,2
CHEMBL3702982,[C-]#[N+][C@H]1C[C@@H](N2CCC2)CC[C@@H]1n1cc(C(N)=O)c(Nc2ccc(C(F)(F)F)cc2)n1,5.7447274948966935,1
CHEMBL3703085,CN(C)[C@H]1CC[C@H](n2cc(C(N)=O)c(Nc3ccc(Cl)cc3)n2)[C@@H](C#N)C1,7.886056647693163,1
CHEMBL3745954,COc1ccc(F)c(-c2nc3c(NCC4CCNCC4)c(Cl)cnc3[nH]2)c1,4.943095148663527,1
CHEMBL3746463,COc1cc(F)c(-c2nc3c(NCC4CCNCC4)c(Cl)cnc3[nH]2)cc1OC,4.552841968657781,1
CHEMBL3747305,COc1ccc(-c2nc3c(NCC4CCNCC4)c(Cl)cnc3[nH]2)cc1OC,5.892790030352131,1
CHEMBL3763184,CCC(C(C)C)n1cc(-c2ccn(C)n2)c2[nH]nc(N)c2c1=O,6.101054758470825,2
CHEMBL3763213,CC(C)[C@H](C)n1cc(-c2cc(N3CCOCC3)n(C)n2)c2[nH]nc(N)c2c1=O,7.979303657420887,2
CHEMBL3763252,CC(C)C(C)n1cc(-c2ccc(N3CCOCC3)cn2)c2[nH]nc(N)c2c1=O,8.045757490560675,2
CHEMBL3763289,Nc1n[nH]c2ccn(-c3ccccc3Cl)c(=O)c12,6.431798275933005,1
CHEMBL3763310,O=C(O)Cc1cnc(Nc2n[nH]c3ccc(-c4ncccc4Cl)cc23)s1,6.187086643357144,1
CHEMBL3763697,CC(C)Cn1cc(-c2ccn(C)n2)c2[nH]nc(N)c2c1=O,6.550637409205253,2
CHEMBL3763833,Cc1ccccc1-n1cc(-c2ccccc2)c2[nH]nc(N)c2c1=O,6.113509274827518,1
CHEMBL3763864,Cc1ccccc1-n1cc(-c2ccn(C)n2)c2[nH]nc(N)c2c1=O,7.522878745280337,1
CHEMBL3763991,CC(C)[C@H](C)n1cc(-c2ccc(N3CCOCC3)cn2)c2[nH]nc(N)c2c1=O,8.177485467639428,2
CHEMBL3764030,CC(C)[C@H](C)n1cc(-c2ccn(C)n2)c2[nH]nc(N)c2c1=O,7.541773025725037,2
CHEMBL3764167,CCC(C)n1cc(-c2ccn(C)n2)c2[nH]nc(N)c2c1=O,6.834286351739628,2
CHEMBL3764277,CC(C)[C@H](C)n1cc(-c2cc(C3CCOCC3)n(C)n2)c2[nH]nc(N)c2c1=O,7.98369061957464,2
CHEMBL3764383,CC(C)[C@@H](C)n1cc(-c2ccc(N3CCOCC3)cn2)c2[nH]nc(N)c2c1=O,7.1848877946237835,2
CHEMBL3764463,Nc1n[nH]c2c(-c3ccccn3)cn(-c3ccccc3Cl)c(=O)c12,8.173925197299173,1
CHEMBL3764637,CC(C)C(C)n1cc(-c2ccn(C)n2)c2[nH]nc(N)c2c1=O,7.354648878356072,2
CHEMBL3765131,Cn1ccc(-c2cn(-c3ccccc3Cl)c(=O)c3c(N)n[nH]c23)n1,8.00436480540245,1
CHEMBL3765517,CC(C)[C@H](C)n1cc(-c2cc(N3CCS(=O)(=O)CC3)n(C)n2)c2[nH]nc(N)c2c1=O,7.779545458967391,2
CHEMBL3765822,CC(C)[C@@H](C)n1cc(-c2cc(C(C)(C)O)n(C)n2)c2[nH]nc(N)c2c1=O,7.699513552156626,2
CHEMBL3780091,N[C@H]1CC[C@@H](Nc2cc[nH]c(=O)c2-c2nc3ccccc3[nH]2)CC1,8.823908740944319,1
CHEMBL3780467,COC(=O)C1CCc2[nH]c(-c3c(N[C@H]4CC[C@@H](N)CC4)cc[nH]c3=O)nc2C1,8.154901959985743,1
CHEMBL3781427,O=c1[nH]ccc(NC2CCOCC2)c1-c1nc2ccccc2[nH]1,8.045757490560675,1
CHEMBL3782012,CS(=O)(=O)c1ccc(Nc2nn(C3CCOCC3)cc2C(N)=O)cc1,7.221848749616356,1
CHEMBL3787112,Nc1ncnc2c1c(-c1cccc(O)c1)cn2[C@H]1C[C@@H](CN2CCC2)C1,5.823908740944319,1
CHEMBL3814099,NCCCn1c2ccc(C(N)=O)cc2nc1[C@H]1CC[C@H](O)CC1,4.512861624522814,1
CHEMBL3814195,NCCCn1c(C2CCNCC2)nc2cc(C(N)=O)ccc21,4.508638306165727,1
CHEMBL3814293,NC(=O)c1ccc2c(c1)nc([C@H]1CC[C@H](O)CC1)n2CCO,5.366531544420414,1
CHEMBL3814406,C[C@@H](O)Cn1c2ccc(C(N)=O)cc2nc1[C@H]1CC[C@H](O)CC1,4.590066876668706,1
CHEMBL3814934,CNCCn1c(C2CCNCC2)nc2cc(C(N)=O)ccc21,5.3872161432802645,1
CHEMBL3814951,NC(=O)c1ccc2c(c1)nc([C@H]1CC[C@H](O)CC1)n2CCCO,4.374687549038326,1
CHEMBL3815154,CNCCn1c2ccc(C(N)=O)cc2nc1[C@H]1CC[C@H](O)CC1,5.251811972993799,1
CHEMBL386661,CNc1ncc2cc(-c3cc(C(=O)Nc4cc(C(F)(F)F)ccc4OC4CCN(C)CC4)ccc3C)ccc2n1,5.5638373529592435,1
CHEMBL3884319,CC1(C)C(=O)N([C@H]2CCc3c(O)cccc32)c2nc(Nc3ccccc3)ncc21,5.0,1
CHEMBL3889588,Fc1ccc(C2(NC[C@H]3CC[C@H](c4nnn5cnc6[nH]ccc6c45)CC3)CC2)cc1,6.107905397309519,2
CHEMBL388978,CN[C@@H]1C[C@H]2O[C@@](C)([C@@H]1OC)n1c3ccccc3c3c4c(c5c6ccccc6n2c5c31)C(=O)NC4,9.454692883534175,7
CHEMBL3889789,O[C@H]1Cc2ccccc2[C@H]1NC1CCC(c2nnn3cnc4[nH]ccc4c23)CC1,6.698970004336019,2
CHEMBL3890993,OC1CN(C[C@H]2CC[C@@H](c3nnn4cnc5[nH]ccc5c34)CC2)C1,6.0915149811213505,2
CHEMBL3891030,c1coc(CN2CCC(c3nnn4cnc5[nH]ccc5c34)CC2)c1,6.769551078621726,2
CHEMBL3891204,c1cc2c(ncn3nnc(C4CCC4)c23)[nH]1,6.3872161432802645,2
CHEMBL3891913,O=C1c2cnc3[nH]ccc3c2N([C@H]2CC[C@H](CNCC(F)(F)F)CC2)CN1CC(F)(F)F,6.638272163982407,1
CHEMBL3891947,Cc1ccc(CNC[C@H]2CC[C@H](c3nnn4cnc5[nH]ccc5c34)CC2)s1,8.443697499232712,3
CHEMBL3892138,N#Cc1cccc(CN2CCC(c3nnn4cnc5[nH]ccc5c34)CC2)c1,6.337242168318426,3
CHEMBL3892159,CC1CC1NC[C@H]1CC[C@H](c2nnn3cnc4[nH]ccc4c23)CC1,6.853871964321762,2
CHEMBL3892296,CC(=O)OC[C@H]1CC[C@H](c2nnn3cnc4[nH]ccc4c23)CC1,7.494850021680094,3
CHEMBL3892444,CN(CC(F)(F)F)C[C@H]1CC[C@H](N2CN(C)C(=O)c3cnc4[nH]ccc4c32)CC1,7.2839966563652006,1
CHEMBL3892634,N#CCN1CN(C2CCCCC2)c2c(cnc3[nH]ccc23)C1=O,7.318758762624412,1
CHEMBL3892672,CN1CN([C@H]2CC[C@H](CNCC(F)(F)F)CC2)c2c(cnc3[nH]ccc23)C1=O,7.2076083105017466,1
CHEMBL3892991,CN(C[C@H]1CC[C@H](N2CN(CC(F)(F)F)C(=O)c3cnc4[nH]ccc4c32)CC1)S(C)(=O)=O,6.366531544420414,1
CHEMBL3893247,CCN1CN([C@H]2CC[C@H](CNS(=O)(=O)CC(F)(F)F)CC2)c2c(cnc3[nH]ccc23)C1=O,6.769551078621726,1
CHEMBL3893600,O=C1NCN([C@H]2CC[C@H](CN3CC[C@@H](F)C3)CC2)c2c1cnc1[nH]ccc21,6.481486060122113,1
CHEMBL3894161,c1cc2c(ncn3nnc(C4CCN(Cc5csnn5)CC4)c23)[nH]1,6.958607314841775,2
CHEMBL3894474,N#CCCNC[C@H]1CC[C@H](c2nnn3cnc4[nH]ccc4c23)CC1,7.356547323513812,2
CHEMBL3894490,COCN1CN([C@H]2CC[C@H](CNCC(F)F)CC2)c2c(cnc3[nH]ccc23)C1=O,6.638272163982407,1
CHEMBL3894516,O=C(NCC(F)(F)F)[C@H]1CC[C@H](c2nnn3cnc4[nH]ccc4c23)CC1,6.795880017344075,2
CHEMBL3894535,CS(=O)(=O)c1ccc2c(c1)CCN2C[C@H]1CC[C@H](c2nnn3cnc4[nH]ccc4c23)CC1,6.42021640338319,2
CHEMBL3895546,F[C@H]1CCN(C[C@H]2CC[C@H](c3nnn4cnc5[nH]ccc5c34)CC2)C1,6.6020599913279625,3
CHEMBL3896113,CN1CN([C@H]2CC[C@H](COCCC#N)CC2)c2c(cnc3[nH]ccc23)C1=O,7.619788758288394,1
CHEMBL3896215,O=C(Nc1nncs1)N1CCCC(c2nnn3cnc4[nH]ccc4c23)C1,6.376750709602099,3
CHEMBL3896236,CCN1CN([C@H]2CC[C@H](CN(C)CC#N)CC2)c2c(cnc3[nH]ccc23)C1=O,6.154901959985743,1
CHEMBL3896324,N#CCNS(=O)(=O)C[C@H]1CC[C@H](c2nnn3cnc4[nH]ccc4c23)CC1,6.568636235841013,2
CHEMBL3896461,OC1CCN(C[C@H]2CC[C@H](c3nnn4cnc5[nH]ccc5c34)CC2)CC1,6.366531544420414,2
CHEMBL3896712,c1ccc(CN2CCCC(c3nnn4cnc5[nH]ccc5c34)C2)cc1,5.585026652029182,3
CHEMBL3896725,O[C@@H](CNC[C@H]1CC[C@H](c2nnn3cnc4[nH]ccc4c23)CC1)c1ccccc1,7.494850021680094,2
CHEMBL3896766,CC(C)(C)NC[C@H]1CC[C@H](c2nnn3cnc4[nH]ccc4c23)CC1,6.309803919971486,2
CHEMBL3896777,O=S1(=O)CCN(C[C@H]2CC[C@H](c3nnn4cnc5[nH]ccc5c34)CC2)CC1,6.823908740944319,2
CHEMBL3896784,OC(CNC[C@H]1CC[C@H](c2nnn3cnc4[nH]ccc4c23)CC1)c1ccccc1,7.356547323513812,2
CHEMBL3896798,Cc1noc(C)c1CN1CCC(c2nnn3cnc4[nH]ccc4c23)CC1,7.292429823902063,1
CHEMBL3897300,c1ccc(CCCN[C@H]2CC[C@H](c3nnn4cnc5[nH]ccc5c34)CC2)cc1,6.346787486224656,2
CHEMBL3897648,CN(C)[C@H]1CC[C@H](c2nnn3cnc4[nH]ccc4c23)CC1,6.096910013008056,2
CHEMBL3897798,FC(F)(F)c1ccc(CN2CCC(c3nnn4cnc5[nH]ccc5c34)CC2)cn1,6.443697499232712,2
CHEMBL3897849,CN(C[C@H]1CC[C@H](c2nnn3cnc4[nH]ccc4c23)CC1)c1ccc(C#N)cc1,6.236572006437063,2
CHEMBL3897850,Cc1cc(OC(F)(F)F)ccc1NC1CCC(c2nnn3cnc4[nH]ccc4c23)CC1,6.3872161432802645,1
CHEMBL3898196,O[C@@H](CN[C@H]1CC[C@H](c2nnn3cnc4[nH]ccc4c23)CC1)c1ccccc1,6.455931955649724,2
CHEMBL3898786,N#CCC(=O)N1CCCC(c2ncn3cnc4[nH]ccc4c23)C1,6.638272163982407,2
CHEMBL3898818,N#CC(C#N)=C[C@H]1CC[C@H](c2nnn3cnc4[nH]ccc4c23)CC1,6.619788758288394,2
CHEMBL3898972,CN(C[C@H]1CC[C@H](N2CN(C3CC3)C(=O)c3cnc4[nH]ccc4c32)CC1)S(C)(=O)=O,6.585026652029182,1
CHEMBL3899570,Fc1ccc(CN2CCC(c3nnn4cnc5[nH]ccc5c34)CC2)cc1C(F)(F)F,6.154901959985743,2
CHEMBL3899634,N#Cc1ccc(CN2CCC(c3nnn4cnc5[nH]ccc5c34)CC2)c(F)c1,6.823908740944319,2
CHEMBL3899650,Cc1cc(C#N)ccc1NC[C@H]1CC[C@H](c2nnn3cnc4[nH]ccc4c23)CC1,6.327902142064283,3
CHEMBL3900105,N#CC[C@H]1CC[C@H](c2nnn3cnc4[nH]ccc4c23)CC1,8.537602002101044,2
CHEMBL3900224,FC(F)(F)[C@H]1CC[C@H](c2nnn3cnc4[nH]ccc4c23)CC1,7.3872161432802645,3
CHEMBL3900631,c1cc2c(ncn3nnc([C@H]4CC[C@H](CN5CCCC5)CC4)c23)[nH]1,6.481486060122113,2
CHEMBL3900746,FC(F)(F)c1ccc(CNC[C@H]2CC[C@H](c3nnn4cnc5[nH]ccc5c34)CC2)cc1,8.585026652029182,2
CHEMBL3901392,N#CCN1CN([C@H]2CC[C@H](CNCC(F)(F)F)CC2)c2c(cnc3[nH]ccc23)C1=O,7.2441251443275085,1
CHEMBL3901870,CN(C)C(=O)CN1CN([C@H]2CC[C@H](CNCC(F)(F)F)CC2)c2c(cnc3[nH]ccc23)C1=O,7.096910013008056,1
CHEMBL3902123,N#CCN1CCC(c2nnn3cnc4[nH]ccc4c23)CC1,6.853871964321762,2
CHEMBL3902287,C[C@H](O)CNC[C@H]1CC[C@H](c2nnn3cnc4[nH]ccc4c23)CC1,7.060480747381382,2
CHEMBL3902333,N#C[C@H]1CC[C@H](c2nnn3cnc4[nH]ccc4c23)CC1,6.3872161432802645,2
CHEMBL3902428,OCCN1CCN(C[C@H]2CC[C@H](c3nnn4cnc5[nH]ccc5c34)CC2)CC1,6.275724130399211,2
CHEMBL3902431,OC12CC3CC(C1)CC(c1nnn4cnc5[nH]ccc5c14)(C3)C2,7.2839966563652006,2
CHEMBL3902447,N#Cc1ccc(CN2CCCC(c3nnn4cnc5[nH]ccc5c34)C2)cc1,6.055517327849832,2
CHEMBL3902570,OC[C@H]1CC[C@@H](c2nnn3cnc4[nH]ccc4c23)CC1,6.823908740944319,2
CHEMBL3902992,N#CC[C@H]1CC[C@@H](c2nnn3cnc4[nH]ccc4c23)CC1,6.769551078621726,2
CHEMBL3903353,CC(C)(C)OC(=O)N[C@H]1CC[C@H](c2nnn3cnc4[nH]ccc4c23)CC1,5.366531544420414,1
CHEMBL3903790,N#Cc1ccc(CN[C@H]2CC[C@H](c3nnn4cnc5[nH]ccc5c34)CC2)cc1,7.055517327849832,2
CHEMBL3903817,CN1CN([C@H]2CC[C@H](CNC3(C(F)(F)F)CC3)CC2)c2c(cnc3[nH]ccc23)C1=O,7.468521082957745,1
CHEMBL3904186,CC1(NC[C@H]2CC[C@H](c3nnn4cnc5[nH]ccc5c34)CC2)CC1,6.481486060122113,2
CHEMBL3904312,OCCNC[C@H]1CC[C@H](c2nnn3cnc4[nH]ccc4c23)CC1,7.026872146400302,2
CHEMBL3904453,c1cc2c(ncn3nnc([C@H]4CC[C@H](NCC5CC5)CC4)c23)[nH]1,6.1487416512809245,2
CHEMBL3904533,CN(c1ncnc2[nH]ccc12)[C@H]1C[C@@H](NS(=O)(=O)N2C[C@@H]3C[C@]3(C#N)C2)C1,5.705533773838407,2
CHEMBL3904571,N#CCC(=O)N(CC#N)C[C@H]1CC[C@H](c2nnn3cnc4[nH]ccc4c23)CC1,6.508638306165727,2
CHEMBL3904756,Clc1ccc(CN[C@H]2CC[C@H](c3nnn4cnc5[nH]ccc5c34)CC2)cc1,6.958607314841775,2
CHEMBL3905498,c1cc(CN2CCC(c3nnn4cnc5[nH]ccc5c34)CC2)ccn1,6.187086643357144,2
CHEMBL3905617,CC(C)(C)OC(=O)N1CCC(CNC[C@H]2CC[C@H](c3nnn4cnc5[nH]ccc5c34)CC2)CC1,6.1487416512809245,2
CHEMBL3905627,CC(=O)SC[C@H]1CC[C@H](c2nnn3cnc4[nH]ccc4c23)CC1,7.552841968657781,3
CHEMBL3905686,CC(=O)N1CCC2(CCC(Nc3nc(Nc4cnn(C)c4)ncc3Cl)CC2)CC1,8.397940008672037,1
CHEMBL3906070,O=C1NCN(C2CCCCC2)c2c1cnc1[nH]ccc21,7.585026652029182,1
CHEMBL3906210,CC(C)NC[C@H]1CC[C@H](c2nnn3cnc4[nH]ccc4c23)CC1,6.376750709602099,2
CHEMBL3906263,c1ccc(CCN[C@H]2CC[C@H](c3nnn4cnc5[nH]ccc5c34)CC2)cc1,6.7447274948966935,2
CHEMBL3906776,O[C@H]1CCCC[C@H]1CNC[C@H]1CC[C@H](c2nnn3cnc4[nH]ccc4c23)CC1,6.431798275933005,2
CHEMBL3906857,N#Cc1ccc(N[C@H]2CC[C@H](c3nnn4cnc5[nH]ccc5c34)CC2)cc1,7.251811972993799,2
CHEMBL3906872,O=C(OCc1ccccc1)N1CCCC(c2nnn3cnc4[nH]ccc4c23)C1,5.657577319177793,2
CHEMBL3906967,OC[C@H]1CC[C@H](c2nnn3cnc4[nH]ccc4c23)CC1,7.42021640338319,6
CHEMBL3907076,OC[C@@H]1CCCN1C[C@H]1CC[C@H](c2nnn3cnc4[nH]ccc4c23)CC1,6.455931955649724,2
CHEMBL3907106,CCN1CN([C@H]2CC[C@H](CNCC(F)F)CC2)c2c(cnc3[nH]ccc23)C1=O,6.481486060122113,1
CHEMBL3907503,C=C1CCC(c2nnn3cnc4[nH]ccc4c23)CC1,6.920818753952375,2
CHEMBL3907565,Fc1ccc(N[C@H]2CC[C@H](c3nnn4cnc5[nH]ccc5c34)CC2)cc1,6.619788758288394,2
CHEMBL3907648,c1cc2c(ncn3nnc([C@H]4CC[C@H](CNC5COC5)CC4)c23)[nH]1,6.468521082957745,2
CHEMBL3907770,Fc1ccc(CN2CCC(c3nnn4cnc5[nH]ccc5c34)CC2)c(F)c1,6.5376020021010435,2
CHEMBL3907774,O=S(=O)(C[C@H]1CC[C@H](c2nnn3cnc4[nH]ccc4c23)CC1)C1CC1,6.585026652029182,2
CHEMBL3907944,CN(c1ccc(F)cc1)C1CCC(c2nnn3cnc4[nH]ccc4c23)CC1,6.7447274948966935,2
CHEMBL3908040,N#Cc1ccc(CNC[C@H]2CC[C@H](c3nnn4cnc5[nH]ccc5c34)CC2)cc1,8.229147988357855,2
CHEMBL3908073,Cc1ccc(CNC(=O)[C@H]2CC[C@H](c3nnn4cnc5[nH]ccc5c34)CC2)o1,6.6020599913279625,2
CHEMBL3908624,CS(=O)(=O)c1ccc(CN2CCC(c3nnn4cnc5[nH]ccc5c34)CC2)cc1,6.187086643357144,2
CHEMBL3909024,O=C1COc2cc(NC[C@H]3CC[C@H](c4nnn5cnc6[nH]ccc6c45)CC3)ccc2N1,6.619788758288394,2
CHEMBL3909146,FC(F)(F)c1ccc(CN2CCC(c3nnn4cnc5[nH]ccc5c34)CC2)o1,6.920818753952375,2
CHEMBL3909793,c1cncc(CN2CCCC(c3nnn4cnc5[nH]ccc5c34)C2)c1,6.6020599913279625,1
CHEMBL3909814,Fc1ccc(NC[C@H]2CC[C@H](c3nnn4cnc5[nH]ccc5c34)CC2)cc1,6.327902142064283,3
CHEMBL3910814,CCN1CN([C@H]2CC[C@H](CN(C)S(C)(=O)=O)CC2)c2c(cnc3[nH]ccc23)C1=O,6.431798275933005,1
CHEMBL3911096,FC(F)(F)C(F)(F)CN[C@H]1CC[C@H](c2nnn3cnc4[nH]ccc4c23)CC1,6.769551078621726,2
CHEMBL3911142,FC(F)CNC[C@H]1CC[C@H](c2nnn3cnc4[nH]ccc4c23)CC1,6.853871964321762,2
CHEMBL3911186,O=C1CCC(c2nnn3cnc4[nH]ccc4c23)CC1,6.259637310505756,3
CHEMBL3911320,Nc1n[nH]c2ccc(C(=O)N3CCC[C@H]3c3ccc(Cl)cc3)cc12,6.554395796726403,1
CHEMBL3911362,N#Cc1ccc(CCNC[C@H]2CC[C@H](c3nnn4cnc5[nH]ccc5c34)CC2)cc1,7.096910013008056,2
CHEMBL3911589,O=C1c2cnc3[nH]ccc3c2N([C@H]2CC[C@H](CN3CCCS3(=O)=O)CC2)CN1C1CC1,6.698970004336019,1
CHEMBL3911874,Cc1ccccc1-c1nnn2cnc3[nH]ccc3c12,6.886056647693163,2
CHEMBL3912192,FC(F)(F)Sc1ccc(CN2CCC(c3nnn4cnc5[nH]ccc5c34)CC2)cc1,6.568636235841013,1
CHEMBL3912419,c1ccc(CCNC[C@H]2CC[C@H](c3nnn4cnc5[nH]ccc5c34)CC2)cc1,7.00436480540245,2
CHEMBL3912503,N#CCNC(=O)C[C@H]1CC[C@@H](c2nnn3cnc4[nH]ccc4c23)CC1,6.267606240177032,2
CHEMBL3912553,Clc1ncc(CN2CCC(c3nnn4cnc5[nH]ccc5c34)CC2)s1,7.040958607678906,2
CHEMBL3913143,N#CCN1CN([C@H]2CC[C@H](CNC3CC3)CC2)c2c(cnc3[nH]ccc23)C1=O,6.886056647693163,1
CHEMBL3913228,c1ccc(CCCN2CCC(c3nnn4cnc5[nH]ccc5c34)CC2)cc1,6.356547323513812,1
CHEMBL3913397,Cc1cc(C#N)ccc1NC1CCC(c2nnn3cnc4[nH]ccc4c23)CC1,6.958607314841775,2
CHEMBL3913565,Cc1ccc(CN(C[C@H]2CC[C@H](c3nnn4cnc5[nH]ccc5c34)CC2)C(=O)CC#N)o1,6.236572006437063,2
CHEMBL3913622,CCN1CN([C@H]2CC[C@H](CNS(=O)(=O)C3CC3)CC2)c2c(cnc3[nH]ccc23)C1=O,6.431798275933005,1
CHEMBL3914503,COc1cc(O)ccc1-c1ccc2c(-c3nc4ccccc4[nH]3)n[nH]c2c1,6.99097425791309,1
CHEMBL3914847,OC1(CNC[C@H]2CC[C@H](c3nnn4cnc5[nH]ccc5c34)CC2)CCCCC1,6.292429823902063,2
CHEMBL3915165,CN(C[C@H]1CC[C@H](c2nnn3cnc4[nH]ccc4c23)CC1)c1ccc(F)cc1,7.040958607678906,1
CHEMBL3915844,CC1CCN(C(=O)CC#N)CC1c1nnn2cnc3[nH]ccc3c12,6.040958607678906,2
CHEMBL3916308,O=C1c2cnc3[nH]ccc3c2N([C@H]2CC[C@H](CNCC(F)(F)F)CC2)CN1CC1CCCO1,7.0,1
CHEMBL3916457,FC(F)(F)C(NC[C@H]1CC[C@H](c2nnn3cnc4[nH]ccc4c23)CC1)C(F)(F)F,6.2076083105017466,2
CHEMBL3916636,FC(F)(F)C1(NC[C@H]2CC[C@H](c3nnn4cnc5[nH]ccc5c34)CC2)CC1,6.568636235841013,2
CHEMBL3916687,O=C(CNC[C@H]1CC[C@H](c2nnn3cnc4[nH]ccc4c23)CC1)NCC(F)(F)F,6.494850021680094,2
CHEMBL3916915,FC(F)(F)c1ccc(CN2CCC(c3nnn4cnc5[nH]ccc5c34)CC2)cc1,6.200659450546418,3
CHEMBL3917030,c1cc2c(ncn3nnc([C@H]4CC[C@H](CN5CCOCC5)CC4)c23)[nH]1,6.494850021680094,2
CHEMBL3917073,Cn1cc(Nc2ncc(Cl)c(NC3CC4CN(S(C)(=O)=O)CC4C3)n2)cn1,7.7447274948966935,1
CHEMBL3917405,O=C(CCCCCCOc1ccc2cc1COC/C=C/COCc1cccc(c1)-c1ccnc(n1)N2)NO,8.0,1
CHEMBL3917774,c1cc2c(ncn3nnc(C4CCCCCC4)c23)[nH]1,7.568636235841013,3
CHEMBL3917860,OC(CNC[C@H]1CC[C@H](c2nnn3cnc4[nH]ccc4c23)CC1)(c1ccccc1)C(F)(F)F,6.200659450546418,2
CHEMBL3917954,FC1(F)Oc2ccc(NC[C@H]3CC[C@H](c4nnn5cnc6[nH]ccc6c45)CC3)cc2O1,6.2839966563652006,2
CHEMBL3918308,BrC[C@H]1CC[C@H](c2nnn3cnc4[nH]ccc4c23)CC1,8.585026652029182,3
CHEMBL3918854,FC(F)(F)Oc1ccc(CN2CCC(c3nnn4cnc5[nH]ccc5c34)CC2)cc1,7.2076083105017466,1
CHEMBL3918943,FC(F)(F)C(N[C@H]1CC[C@H](c2nnn3cnc4[nH]ccc4c23)CC1)C(F)(F)F,6.075720713938118,2
CHEMBL3919034,CN(C)S(=O)(=O)c1ccc2c(c1)CCN2C[C@H]1CC[C@H](c2nnn3cnc4[nH]ccc4c23)CC1,6.214670164989233,2
CHEMBL3919050,COc1ccc(CNC[C@H]2CC[C@H](c3nnn4cnc5[nH]ccc5c34)CC2)cc1,8.318758762624412,2
CHEMBL3919463,CN1CN([C@H]2CC[C@H](CNS(C)(=O)=O)CC2)c2c(cnc3[nH]ccc23)C1=O,7.494850021680094,1
CHEMBL3919766,N#Cc1cc(F)ccc1NC[C@H]1CC[C@H](c2nnn3cnc4[nH]ccc4c23)CC1,6.721246399047171,3
CHEMBL3920091,O=C1SCCC1NC[C@H]1CC[C@H](c2nnn3cnc4[nH]ccc4c23)CC1,7.356547323513812,2
CHEMBL3920329,O=C(CC(F)(F)F)NC[C@H]1CC[C@H](c2nnn3cnc4[nH]ccc4c23)CC1,6.275724130399211,2
CHEMBL3921365,CN(C)[C@H]1CCN(C[C@H]2CC[C@H](c3nnn4cnc5[nH]ccc5c34)CC2)C1,6.309803919971486,2
CHEMBL3921442,N#CCCNC(=O)[C@H]1CC[C@H](c2nnn3cnc4[nH]ccc4c23)CC1,6.795880017344075,2
CHEMBL3922146,CN(CC#N)C[C@H]1CC[C@H](N2CN(C3CC3)C(=O)c3cnc4[nH]ccc4c32)CC1,6.318758762624412,1
CHEMBL3922240,Fc1ccc(CN2CCC(c3nnn4cnc5[nH]ccc5c34)CC2)cc1,7.0,3
CHEMBL3922303,Fc1ccc([C@@H]2C[C@H]2CN[C@H]2CC[C@H](c3nnn4cnc5[nH]ccc5c34)CC2)cc1,6.173925197299173,2
CHEMBL3922392,N#Cc1ccc(N[C@H]2CC[C@@H](c3nnn4cnc5[nH]ccc5c34)CC2)cc1,6.431798275933005,2
CHEMBL3922488,N#CC1CCN(C[C@H]2CC[C@H](c3nnn4cnc5[nH]ccc5c34)CC2)CC1,6.214670164989233,2
CHEMBL3923184,NC[C@H]1CC[C@H](c2nnn3cnc4[nH]ccc4c23)CC1,6.7447274948966935,2
CHEMBL3923513,Ic1ccc(CN2CCC(c3nnn4cnc5[nH]ccc5c34)CC2)o1,6.795880017344075,2
CHEMBL3923711,CCNC[C@H]1CC[C@H](c2nnn3cnc4[nH]ccc4c23)CC1,6.853871964321762,2
CHEMBL3923802,c1cc2c(ncn3nnc([C@H]4CC[C@H](CNC5CCCC5)CC4)c23)[nH]1,6.494850021680094,2
CHEMBL3924171,Cc1cc(OC(F)(F)F)ccc1NC[C@H]1CC[C@H](c2nnn3cnc4[nH]ccc4c23)CC1,6.42021640338319,1
CHEMBL3924291,O=C(OCc1ccccc1)N1CCCC(c2ncn3cnc4[nH]ccc4c23)C1,6.886056647693163,1
CHEMBL3924572,O=C(CC(F)(F)F)N(CC(F)(F)F)C[C@H]1CC[C@H](c2nnn3cnc4[nH]ccc4c23)CC1,6.443697499232712,2
CHEMBL3924902,CN(C)C[C@H]1CC[C@H](N2CNC(=O)c3cnc4[nH]ccc4c32)CC1,6.698970004336019,1
CHEMBL3925854,Fc1ccc(CN2CCC(c3nnn4cnc5[nH]ccc5c34)CC2)c(Cl)c1,6.468521082957745,2
CHEMBL3926516,Fc1ccc(C2(NC[C@H]3CC[C@H](c4nnn5cnc6[nH]ccc6c45)CC3)COC2)cc1,6.366531544420414,2
CHEMBL3926748,c1cc2c(ncn3nnc(C4CCC(N5CCOCC5)CC4)c23)[nH]1,6.259637310505756,2
CHEMBL3926766,c1cc2c(ncn3nnc(C4CC5CCC4C5)c23)[nH]1,7.6020599913279625,3
CHEMBL3926817,Clc1ccc(CCNC[C@H]2CC[C@H](c3nnn4cnc5[nH]ccc5c34)CC2)cc1,7.275724130399211,2
CHEMBL3926894,OC(CN[C@H]1CC[C@H](c2nnn3cnc4[nH]ccc4c23)CC1)(c1cccnc1)C(F)(F)F,6.6777807052660805,2
CHEMBL3927252,SC[C@H]1CC[C@H](c2nnn3cnc4[nH]ccc4c23)CC1,8.013228265733755,2
CHEMBL3927649,Brc1ccc(CN2CCC(c3nnn4cnc5[nH]ccc5c34)CC2)cc1,6.823908740944319,2
CHEMBL3927827,O=C(N[C@H]1CC[C@H](c2nnn3cnc4[nH]ccc4c23)CC1)OCc1ccccc1,5.376750709602099,2
CHEMBL3927961,c1cc2c(ncn3nnc([C@H]4CC[C@@H](CNC5CC5)CC4)c23)[nH]1,6.026872146400302,2
CHEMBL3928091,O=C1CN(C[C@H]2CC[C@H](c3nnn4cnc5[nH]ccc5c34)CC2)CCN1,6.013228265733755,2
CHEMBL3928338,O=C(NCS(=O)(=O)c1ccccc1)[C@H]1CC[C@H](c2nnn3cnc4[nH]ccc4c23)CC1,6.6777807052660805,1
CHEMBL3928932,CCc1cc(O)ccc1-c1ccc2c(-c3nc4ccccc4[nH]3)n[nH]c2c1,8.040958607678906,1
CHEMBL3929096,FC(F)(F)CN1CCC(c2nnn3cnc4[nH]ccc4c23)CC1,6.795880017344075,3
CHEMBL3929124,FC(F)[C@H]1CC[C@H](c2nnn3cnc4[nH]ccc4c23)CC1,7.366531544420414,3
CHEMBL3929865,Oc1cccc(-c2ccc3c(-c4nc5ccccc5[nH]4)n[nH]c3c2)c1,6.535808629359001,1
CHEMBL3930342,CN(CC(F)(F)F)C[C@H]1CC[C@H](N2CNC(=O)c3cnc4[nH]ccc4c32)CC1,7.5376020021010435,1
CHEMBL3930389,N#CC(C#N)C[C@H]1CC[C@H](c2nnn3cnc4[nH]ccc4c23)CC1,7.173925197299173,2
CHEMBL3930431,c1cc2c(ncn3nnc([C@H]4CC[C@H](CN5CCC5)CC4)c23)[nH]1,6.638272163982407,2
CHEMBL3931093,Brc1ncc(CN2CCC(c3nnn4cnc5[nH]ccc5c34)CC2)s1,6.958607314841775,2
CHEMBL3931226,Fc1cc(CN2CCC(c3nnn4cnc5[nH]ccc5c34)CC2)ccc1C(F)(F)F,6.008773924307505,2
CHEMBL3931293,O=C(CC(F)(F)F)N1CCC(c2nnn3cnc4[nH]ccc4c23)CC1,6.3872161432802645,1
CHEMBL3931368,CN[C@H]1CC[C@H](c2nnn3cnc4[nH]ccc4c23)CC1,6.1249387366083,2
CHEMBL3931713,FC1(F)CCN(C[C@H]2CC[C@H](c3nnn4cnc5[nH]ccc5c34)CC2)C1,6.045757490560675,2
CHEMBL3932070,CN1CN([C@H]2CC[C@H](CNC3(C#N)CC3)CC2)c2c(cnc3[nH]ccc23)C1=O,7.187086643357144,1
CHEMBL3932456,FC(F)(F)CN[C@H]1CC[C@H](c2nnn3cnc4[nH]ccc4c23)CC1,6.823908740944319,2
CHEMBL3933397,O=C1COc2ccc(NC[C@H]3CC[C@H](c4nnn5cnc6[nH]ccc6c45)CC3)cc2N1,6.698970004336019,2
CHEMBL3933612,O=C(OCc1ccccc1)N1CCC(c2nnn3cnc4[nH]ccc4c23)CC1,6.3872161432802645,3
CHEMBL3933776,O=C1c2cnc3[nH]ccc3c2N([C@H]2CC[C@H](CNCC(F)F)CC2)CN1C1CC1,6.5376020021010435,1
CHEMBL3934061,O=C1NCN([C@H]2CC[C@H](CNCC(F)(F)Br)CC2)c2c1cnc1[nH]ccc21,7.431798275933005,1
CHEMBL3934116,IC[C@H]1CC[C@H](c2nnn3cnc4[nH]ccc4c23)CC1,8.136677139879543,2
CHEMBL3934192,OCCN(C[C@H]1CC[C@H](c2nnn3cnc4[nH]ccc4c23)CC1)C1CCCCC1,6.2076083105017466,2
CHEMBL3934426,CN(CCC#N)C[C@H]1CC[C@H](c2nnn3cnc4[nH]ccc4c23)CC1,6.443697499232712,2
CHEMBL3934440,Fc1ccc(NC[C@H]2CC[C@H](c3nnn4cnc5[nH]ccc5c34)CC2)cc1F,6.0655015487564325,2
CHEMBL3934580,CS(=O)(=O)C[C@H]1CC[C@H](c2nnn3cnc4[nH]ccc4c23)CC1,7.356547323513812,2
CHEMBL3934627,c1cc2c(ncn3nnc([C@H]4CC[C@H](CNC[C@@H]5CCCO5)CC4)c23)[nH]1,6.920818753952375,2
CHEMBL3934831,N#CCN1CN([C@H]2CC[C@H](CNCC(F)F)CC2)c2c(cnc3[nH]ccc23)C1=O,7.267606240177032,1
CHEMBL3934891,O=C[C@H]1CC[C@@H](c2nnn3cnc4[nH]ccc4c23)CC1,7.0,2
CHEMBL3935174,Clc1ccc(NC2CCC(c3nnn4cnc5[nH]ccc5c34)CC2)cc1,6.1249387366083,2
CHEMBL3935408,CC(C#N)=C1CCC(c2nnn3cnc4[nH]ccc4c23)CC1,6.346787486224656,2
CHEMBL3935532,FC(F)(F)CCNC[C@H]1CC[C@H](c2nnn3cnc4[nH]ccc4c23)CC1,6.568636235841013,2
CHEMBL3935688,CN(C)C[C@H]1CC[C@H](c2nnn3cnc4[nH]ccc4c23)CC1,6.721246399047171,2
CHEMBL3935714,S=c1[nH]c(C2CCCCC2)c2c3cc[nH]c3ncn12,7.443697499232712,3
CHEMBL3936356,CC1CCCCC1c1nnn2cnc3[nH]ccc3c12,7.251811972993799,3
CHEMBL3936358,CN1CN([C@H]2CC[C@H](CF)CC2)c2c(cnc3[nH]ccc23)C1=O,7.42021640338319,1
CHEMBL3936565,FC(F)(F)c1cc(CN2CCC(c3nnn4cnc5[nH]ccc5c34)CC2)ccc1Cl,6.853871964321762,1
CHEMBL3936693,CCN1CN([C@H]2CC[C@H](CNCC(F)(F)F)CC2)c2c(cnc3[nH]ccc23)C1=O,6.585026652029182,1
CHEMBL3936877,Clc1ccc(CN2CCC(c3nnn4cnc5[nH]ccc5c34)CC2)c(Cl)n1,6.214670164989233,2
CHEMBL3937067,N#Cc1ccc(CN2CCC(c3nnn4cnc5[nH]ccc5c34)CC2)s1,7.2076083105017466,2
CHEMBL3937827,N#Cc1ccc(NC[C@H]2CC[C@H](c3nnn4cnc5[nH]ccc5c34)CC2)cc1C(F)(F)F,6.431798275933005,2
CHEMBL3938113,O=C1NCN([C@H]2CC[C@H](CNC3(C(F)(F)F)CC3)CC2)c2c1cnc1[nH]ccc21,7.721246399047171,1
CHEMBL3938593,CCOC(=O)CC1CCC(c2nnn3cnc4[nH]ccc4c23)CC1,6.236572006437063,2
CHEMBL3939232,OCC1(NC[C@H]2CC[C@H](c3nnn4cnc5[nH]ccc5c34)CC2)CC1,6.259637310505756,2
CHEMBL3939325,N#CC1CN(C[C@H]2CC[C@H](c3nnn4cnc5[nH]ccc5c34)CC2)C1,6.318758762624412,2
CHEMBL3940267,Fc1cnccc1CN1CCC(c2nnn3cnc4[nH]ccc4c23)CC1,6.853871964321762,2
CHEMBL3940421,O=S(=O)(c1ccc(NC[C@H]2CC[C@H](c3nnn4cnc5[nH]ccc5c34)CC2)cc1)C(F)(F)F,6.337242168318426,2
CHEMBL3940644,FC(F)(F)C1CCN(C[C@H]2CC[C@H](c3nnn4cnc5[nH]ccc5c34)CC2)CC1,6.130768280269024,2
CHEMBL3940782,Clc1ccc(CCN[C@H]2CC[C@H](c3nnn4cnc5[nH]ccc5c34)CC2)cc1,7.187086643357144,2
CHEMBL3941241,c1ccc(CN[C@H]2CC[C@@H](c3nnn4cnc5[nH]ccc5c34)CC2)cc1,6.481486060122113,2
CHEMBL3941431,N#CCN[C@H]1CC[C@H](c2nnn3cnc4[nH]ccc4c23)CC1,6.42021640338319,2
CHEMBL3941598,c1cc2c(ncn3nnc([C@H]4CC[C@H](NC5CC5)CC4)c23)[nH]1,6.481486060122113,2
CHEMBL3941925,Clc1ccc(C2(NC[C@H]3CC[C@H](c4nnn5cnc6[nH]ccc6c45)CC3)COC2)cc1,6.102372908709558,2
CHEMBL3942120,CN(CCO)C[C@H]1CC[C@H](c2nnn3cnc4[nH]ccc4c23)CC1,6.494850021680094,2
CHEMBL3942424,Fc1ccc(CN[C@H]2CC[C@@H](c3nnn4cnc5[nH]ccc5c34)CC2)cc1,6.508638306165727,2
CHEMBL3942459,N#CCN(CC1CC1)C[C@H]1CC[C@H](c2nnn3cnc4[nH]ccc4c23)CC1,6.958607314841775,2
CHEMBL3942741,FC[C@H]1CC[C@H](c2nnn3cnc4[nH]ccc4c23)CC1,7.958607314841775,2
CHEMBL3942783,CN(CC#N)C[C@H]1CC[C@H](N2CN(CC(F)(F)F)C(=O)c3cnc4[nH]ccc4c32)CC1,6.356547323513812,1
CHEMBL3943501,c1cc2c(ncn3nnc([C@H]4CC[C@H](CNc5ccc(N6CCOCC6)cc5)CC4)c23)[nH]1,6.886056647693163,2
CHEMBL3943509,CN(CC#N)C[C@H]1CC[C@H](N2CN(C)C(=O)c3cnc4[nH]ccc4c32)CC1,6.619788758288394,1
CHEMBL3943557,O[C@H]1CC[C@@H](c2nnn3cnc4[nH]ccc4c23)CC1,7.017728766960431,3
CHEMBL3943928,FC(F)(Br)CN[C@H]1CC[C@H](c2nnn3cnc4[nH]ccc4c23)CC1,7.886056647693163,2
CHEMBL3943994,CS(=O)(=O)c1ccc(CNC[C@H]2CC[C@H](c3nnn4cnc5[nH]ccc5c34)CC2)cc1,8.060480747381382,3
CHEMBL3944182,CCN1CN([C@H]2CC[C@H](CNCC#N)CC2)c2c(cnc3[nH]ccc23)C1=O,6.823908740944319,1
CHEMBL3944237,O=C1c2cnc3[nH]ccc3c2N([C@H]2CC[C@H](CNCC(F)(F)F)CC2)CN1CC1CC1,6.5376020021010435,1
CHEMBL3944322,Cn1cc(Nc2ncc(Cl)c(NC3CCC4(CC3)CCN(C(=O)CC#N)C4)n2)cn1,9.0,1
CHEMBL3944831,c1ccc(CN2CCC(c3nnn4cnc5[nH]ccc5c34)CC2)cc1,6.00436480540245,2
CHEMBL3944859,N#CCC[C@H]1CC[C@H](c2nnn3cnc4[nH]ccc4c23)CC1,7.619788758288394,2
CHEMBL3945378,N#Cc1ccc(CNC(=O)[C@H]2CC[C@H](c3nnn4cnc5[nH]ccc5c34)CC2)cc1,6.267606240177032,2
CHEMBL3945399,CC(C#N)[C@H]1CC[C@H](c2nnn3cnc4[nH]ccc4c23)CC1,7.6020599913279625,2
CHEMBL3945740,OCc1ccc(-c2nnn3cnc4[nH]ccc4c23)cc1,6.886056647693163,3
CHEMBL3945787,N[C@H]1CC[C@H](c2nnn3cnc4[nH]ccc4c23)CC1,6.356547323513812,3
CHEMBL3945964,Fc1ccccc1CN1CCC(c2nnn3cnc4[nH]ccc4c23)CC1,6.552841968657781,2
CHEMBL3946125,OC(CN[C@H]1CC[C@H](c2nnn3cnc4[nH]ccc4c23)CC1)(c1ccc(F)cc1)C(F)(F)F,6.619788758288394,2
CHEMBL3946758,FC(F)CN[C@H]1CC[C@H](c2nnn3cnc4[nH]ccc4c23)CC1,6.698970004336019,2
CHEMBL3947242,CN1CN([C@H]2CC[C@H](CNS(=O)(=O)CC(F)(F)F)CC2)c2c(cnc3[nH]ccc23)C1=O,7.585026652029182,1
CHEMBL3947499,CN1CN([C@H]2CC[C@H](CNC3CC3)CC2)c2c(cnc3[nH]ccc23)C1=O,6.823908740944319,1
CHEMBL3947711,OC(CN1CCC(c2nnn3cnc4[nH]ccc4c23)CC1)c1ccc(C(F)(F)F)cc1,6.346787486224656,2
CHEMBL3947782,O=S(=O)(O)C[C@H]1CC[C@H](c2nnn3cnc4[nH]ccc4c23)CC1,6.167491087293763,2
CHEMBL3947889,c1cc2c(ncn3nnc([C@H]4CC[C@H](CN5CCSC5)CC4)c23)[nH]1,6.795880017344075,2
CHEMBL3948605,c1cc2c(ncn3cnc(C4CCCCC4)c23)[nH]1,7.229147988357855,3
CHEMBL3948691,Cc1ccc(CNC[C@H]2CC[C@H](c3nnn4cnc5[nH]ccc5c34)CC2)o1,7.795880017344075,2
CHEMBL3948921,CNC[C@H]1CC[C@H](c2nnn3cnc4[nH]ccc4c23)CC1,6.6777807052660805,2
CHEMBL3949040,Fc1cc(Cl)ccc1CN1CCC(c2nnn3cnc4[nH]ccc4c23)CC1,7.013228265733755,2
CHEMBL3949226,CN1CN([C@H]2CC[C@H](CN3CCN(CCC#N)CC3)CC2)c2c(cnc3[nH]ccc23)C1=O,6.040958607678906,1
CHEMBL3949242,OC(CNC[C@H]1CC[C@H](c2nnn3cnc4[nH]ccc4c23)CC1)C(F)(F)F,6.356547323513812,2
CHEMBL3949248,COc1ccc(C(O)(CN[C@H]2CC[C@H](c3nnn4cnc5[nH]ccc5c34)CC2)C(F)(F)F)cc1OC,6.443697499232712,2
CHEMBL3949257,Fc1cc(C(F)(F)F)cc(F)c1CN1CCC(c2nnn3cnc4[nH]ccc4c23)CC1,6.022276394711152,2
CHEMBL3949285,Clc1ccc(CN2CCC(c3nnn4cnc5[nH]ccc5c34)CC2)s1,7.2441251443275085,2
CHEMBL3949323,Fc1ccc(CCNC[C@H]2CC[C@H](c3nnn4cnc5[nH]ccc5c34)CC2)cc1,7.552841968657781,2
CHEMBL3949461,c1cc2c(ncn3nnc([C@H]4CC[C@H](CNC5CCC5)CC4)c23)[nH]1,6.638272163982407,2
CHEMBL3949572,CCN1CN([C@H]2CC[C@H](CNS(C)(=O)=O)CC2)c2c(cnc3[nH]ccc23)C1=O,6.769551078621726,1
CHEMBL3950137,O=C(C[C@H]1CC[C@H](c2nnn3cnc4[nH]ccc4c23)CC1)NCC(F)(F)F,6.055517327849832,2
CHEMBL3950208,CN1CN([C@H]2CC[C@H](CN3CC(O)C3)CC2)c2c(cnc3[nH]ccc23)C1=O,7.214670164989233,1
CHEMBL3950399,NC(=O)C1CCN(C[C@H]2CC[C@H](c3nnn4cnc5[nH]ccc5c34)CC2)CC1,6.1938200260161125,2
CHEMBL3950680,Fc1ccc(CNC[C@H]2CC[C@H](c3nnn4cnc5[nH]ccc5c34)CC2)cc1C(F)(F)F,8.481486060122112,3
CHEMBL3951060,CO[C@H]1CC[C@H](c2nnn3cnc4[nH]ccc4c23)CC1,6.698970004336019,2
CHEMBL3951107,N#CCCN(CCC#N)C[C@H]1CC[C@H](c2nnn3cnc4[nH]ccc4c23)CC1,7.657577319177793,2
CHEMBL3951230,c1csc(CN2CCC(c3nnn4cnc5[nH]ccc5c34)CC2)c1,6.6777807052660805,2
CHEMBL3951710,CC(C)(O)C1CCN(C[C@H]2CC[C@H](c3nnn4cnc5[nH]ccc5c34)CC2)CC1,6.026872146400302,2
CHEMBL3952221,CN1CN([C@H]2CC[C@H](CN(C)S(C)(=O)=O)CC2)c2c(cnc3[nH]ccc23)C1=O,6.958607314841775,1
CHEMBL3952261,N#CCN(C[C@H]1CC[C@H](c2nnn3cnc4[nH]ccc4c23)CC1)C(=O)CC(F)(F)F,6.494850021680094,2
CHEMBL3952936,N#CCN1CN([C@H]2CC[C@H](CO)CC2)c2c(cnc3[nH]ccc23)C1=O,7.2839966563652006,1
CHEMBL3953229,N#CCCN(CCC#N)C1CCC(c2nnn3cnc4[nH]ccc4c23)CC1,7.552841968657781,2
CHEMBL3953381,COc1ccc(C(O)(CN[C@H]2CC[C@H](c3nnn4cnc5[nH]ccc5c34)CC2)C(F)(F)F)cc1,6.6777807052660805,2
CHEMBL3953486,Fc1ccc(CN2CCC(c3nnn4cnc5[nH]ccc5c34)CC2)cc1F,6.309803919971486,2
CHEMBL3953550,N#Cc1ccc(CN2CCC(c3nnn4cnc5[nH]ccc5c34)CC2)cc1,6.769551078621726,3
CHEMBL3954454,Clc1ccc(CNC[C@H]2CC[C@H](c3nnn4cnc5[nH]ccc5c34)CC2)cc1,8.55284196865778,2
CHEMBL3954540,CN1CN(C2CCCCC2)c2c(cnc3[nH]ccc23)C1=O,7.337242168318426,1
CHEMBL3954792,CC(C)(C)OC(=O)N1CC[C@H](NC[C@H]2CC[C@H](c3nnn4cnc5[nH]ccc5c34)CC2)C1,6.292429823902063,2
CHEMBL3954819,OC(CN[C@H]1CC[C@H](c2nnn3cnc4[nH]ccc4c23)CC1)c1ccccc1,6.585026652029182,2
CHEMBL3954894,ClC[C@H]1CC[C@H](c2nnn3cnc4[nH]ccc4c23)CC1,8.920818753952375,2
CHEMBL3955496,O=c1[nH]c(C2CCCCC2)c2c3cc[nH]c3ncn12,7.107905397309519,3
CHEMBL3955720,N#CCNC[C@H]1CC[C@H](c2nnn3cnc4[nH]ccc4c23)CC1,7.431798275933005,2
CHEMBL3956418,c1nc(CCNC[C@H]2CC[C@H](c3nnn4cnc5[nH]ccc5c34)CC2)c[nH]1,7.0,2
CHEMBL3956439,O=C1c2cnc3[nH]ccc3c2N([C@H]2CC[C@H](CNCC(F)(F)F)CC2)CN1C1CC1,6.721246399047171,1
CHEMBL3956450,CN(C)S(=O)(=O)C[C@H]1CC[C@H](c2nnn3cnc4[nH]ccc4c23)CC1,6.769551078621726,2
CHEMBL3956611,N#Cc1ccc(NC2CCC(c3nnn4cnc5[nH]ccc5c34)CC2)cc1,6.853871964321762,2
CHEMBL3956945,OC1(C(F)(F)F)CN(C[C@H]2CC[C@H](c3nnn4cnc5[nH]ccc5c34)CC2)C1,6.431798275933005,2
CHEMBL3956966,OC1(c2ccc(Cl)c(C(F)(F)F)c2)CCN(C[C@H]2CC[C@H](c3nnn4cnc5[nH]ccc5c34)CC2)CC1,6.508638306165727,2
CHEMBL3957421,FC(F)(F)c1ccc(CN[C@H]2CC[C@@H](c3nnn4cnc5[nH]ccc5c34)CC2)cc1,6.6020599913279625,2
CHEMBL3957659,Clc1cc(CN2CCC(c3nnn4cnc5[nH]ccc5c34)CC2)ccn1,6.585026652029182,2
CHEMBL3957838,O=C1c2cnc3[nH]ccc3c2N([C@H]2CC[C@H](CN3CCCS3(=O)=O)CC2)CN1CC(F)(F)F,6.455931955649724,1
CHEMBL3957921,c1cc2c(ncn3nnc([C@H]4CC[C@H](CNCC5CC5)CC4)c23)[nH]1,7.167491087293763,2
CHEMBL3957937,Fc1cccc(CN2CCC(c3nnn4cnc5[nH]ccc5c34)CC2)c1,6.4089353929735005,3
CHEMBL3957990,CC(NC[C@H]1CC[C@H](c2nnn3cnc4[nH]ccc4c23)CC1)c1ccc(F)c(F)c1,7.142667503568732,2
CHEMBL3958508,N#Cc1ccc(CCN[C@H]2CC[C@H](c3nnn4cnc5[nH]ccc5c34)CC2)cc1,6.236572006437063,2
CHEMBL3958601,O=C(OCc1ccccc1)N1CCC(c2[nH]c(=S)n3cnc4[nH]ccc4c23)CC1,6.301029995663981,2
CHEMBL3958797,c1cncc(CN2CCC(c3nnn4cnc5[nH]ccc5c34)CC2)c1,5.823908740944319,3
CHEMBL3959556,C#CCNC[C@H]1CC[C@H](c2nnn3cnc4[nH]ccc4c23)CC1,6.568636235841013,2
CHEMBL3959692,Fc1ccc(C2(NC[C@H]3CC[C@H](c4nnn5cnc6[nH]ccc6c45)CC3)CCC2)cc1,6.1249387366083,2
CHEMBL3959789,O=C(Nc1cccc(C(F)(F)F)c1)N1CCC(c2nnn3cnc4[nH]ccc4c23)CC1,6.0655015487564325,1
CHEMBL3960109,O=C1OCCC1NC[C@H]1CC[C@H](c2nnn3cnc4[nH]ccc4c23)CC1,6.698970004336019,2
CHEMBL3960523,O=C1c2cnc3[nH]ccc3c2N([C@H]2CC[C@H](CF)CC2)CN1C1CC1,6.958607314841775,1
CHEMBL3960910,N#Cc1ccc(CN2CCC(c3ncn4cnc5[nH]ccc5c34)CC2)cc1,6.5376020021010435,1
CHEMBL3961357,N#Cc1ccc(CN2CCC(c3nnn4cnc5[nH]ccc5c34)CC2)cc1F,6.113509274827518,2
CHEMBL3961430,COCN1CN([C@H]2CC[C@H](CN(C)CC(F)(F)F)CC2)c2c(cnc3[nH]ccc23)C1=O,7.142667503568732,1
CHEMBL3962051,N#CC1CC12CCC(c1nnn3cnc4[nH]ccc4c13)CC2,7.346787486224656,2
CHEMBL3962117,CC1(C)CC1NC[C@H]1CC[C@H](c2nnn3cnc4[nH]ccc4c23)CC1,6.568636235841013,2
CHEMBL3962138,CSc1ccc(C(O)(CN[C@H]2CC[C@H](c3nnn4cnc5[nH]ccc5c34)CC2)C(F)(F)F)cc1,6.4089353929735005,2
CHEMBL3962300,O=C(NCCO)[C@H]1CC[C@H](c2nnn3cnc4[nH]ccc4c23)CC1,6.481486060122113,2
CHEMBL3962451,c1cc2c(ncn3nnc(C4CCN(Cc5cocn5)CC4)c23)[nH]1,6.013228265733755,2
CHEMBL3963319,CC1CCN(C(=O)OC(C)(C)C)CC1c1nnn2cnc3[nH]ccc3c12,5.3872161432802645,3
CHEMBL3963387,c1cc2c(ncn3nnc([C@H]4CC[C@H](CNC5CSC5)CC4)c23)[nH]1,6.4089353929735005,2
CHEMBL3963389,COCN1CN([C@H]2CC[C@H](CNCC(F)(F)F)CC2)c2c(cnc3[nH]ccc23)C1=O,7.130768280269024,1
CHEMBL3963428,OC(CN[C@H]1CC[C@H](c2nnn3cnc4[nH]ccc4c23)CC1)(c1ccccc1)C(F)(F)F,6.568636235841013,2
CHEMBL3963443,c1cc2c(ncn3nnc([C@H]4CC[C@H](CNC5CC5)CC4)c23)[nH]1,7.0,2
CHEMBL3963532,Cc1nc(C2CCCCC2)c2c3cc[nH]c3ncn12,6.229147988357855,3
CHEMBL3963555,Cc1cc(NC(=O)N2CCCC(c3nnn4cnc5[nH]ccc5c34)C2)sn1,6.1487416512809245,2
CHEMBL3964008,FC1(F)Oc2ccc(CN3CCC(c4nnn5cnc6[nH]ccc6c45)CC3)cc2O1,6.2441251443275085,2
CHEMBL3964946,CN1CN([C@H]2CC[C@H](C(F)F)CC2)c2c(cnc3[nH]ccc23)C1=O,7.356547323513812,1
CHEMBL3965217,N#Cc1ccc(CN2CCC(c3nnn4cnc5[nH]ccc5c34)CC2)cc1C(F)(F)F,6.102372908709558,2
CHEMBL3965307,OCCN(Cc1ccccc1)C[C@H]1CC[C@H](c2nnn3cnc4[nH]ccc4c23)CC1,6.920818753952375,2
CHEMBL3965670,FC(F)(F)c1nc2cc(NC[C@H]3CC[C@H](c4nnn5cnc6[nH]ccc6c45)CC3)ccc2[nH]1,7.346787486224656,2
CHEMBL3965965,Fc1ccc(CN2CCC(c3nnn4cnc5[nH]ccc5c34)CC2)cn1,6.698970004336019,2
CHEMBL3966425,Clc1ccc(CN[C@H]2CC[C@@H](c3nnn4cnc5[nH]ccc5c34)CC2)cc1,6.823908740944319,2
CHEMBL3966746,CSCN1CN([C@H]2CC[C@H](CNCC(F)(F)F)CC2)c2c(cnc3[nH]ccc23)C1=O,6.795880017344075,1
CHEMBL3966840,OC1CN(C[C@H]2CC[C@H](c3nnn4cnc5[nH]ccc5c34)CC2)C1,7.309803919971486,2
CHEMBL3967370,CS(=O)(=O)NC[C@H]1CC[C@H](N2CN(CC(F)(F)F)C(=O)c3cnc4[nH]ccc4c32)CC1,6.958607314841775,1
CHEMBL3967397,c1ccc(CNC[C@H]2CC[C@H](c3nnn4cnc5[nH]ccc5c34)CC2)cc1,8.259637310505756,2
CHEMBL3967682,c1ccc(CCNC2CCC(c3nnn4cnc5[nH]ccc5c34)CC2)cc1,6.638272163982407,2
CHEMBL3967688,CN1CN([C@H]2CC[C@H](CNCC(F)F)CC2)c2c(cnc3[nH]ccc23)C1=O,7.075720713938118,1
CHEMBL3967735,O=C[C@H]1CC[C@H](c2nnn3cnc4[nH]ccc4c23)CC1,7.259637310505756,2
CHEMBL3967749,Brc1ccc(CN2CCC(c3nnn4cnc5[nH]ccc5c34)CC2)s1,6.958607314841775,2
CHEMBL3967880,O=C(O)C1CN(C[C@H]2CC[C@H](c3nnn4cnc5[nH]ccc5c34)CC2)C1,6.3979400086720375,2
CHEMBL3968041,O=S(=O)(C[C@H]1CC[C@H](c2nnn3cnc4[nH]ccc4c23)CC1)C(F)(F)F,7.522878745280337,2
CHEMBL3968326,N#CCNC[C@H]1CC[C@H](N2CN(CC(F)(F)F)C(=O)c3cnc4[nH]ccc4c32)CC1,6.795880017344075,1
CHEMBL3968423,N#Cc1ccc(CN[C@H]2CC[C@@H](c3nnn4cnc5[nH]ccc5c34)CC2)cc1,6.508638306165727,2
CHEMBL3968872,CN(CC(F)(F)F)C[C@H]1CC[C@H](N2CN(CC#N)C(=O)c3cnc4[nH]ccc4c32)CC1,7.214670164989233,1
CHEMBL3969473,c1cc2c(ncn3nnc(C4CCCCC4)c23)[nH]1,7.337242168318426,2
CHEMBL3969516,N#Cc1ccc(NC[C@H]2CC[C@H](c3nnn4cnc5[nH]ccc5c34)CC2)cc1C#N,6.040958607678906,2
CHEMBL3969865,O=C(Nc1nncs1)N1CCC(c2nnn3cnc4[nH]ccc4c23)CC1,6.698970004336019,2
CHEMBL3970109,N#CC1CCN(C2CCC(c3nnn4cnc5[nH]ccc5c34)CC2)CC1,6.376750709602099,3
CHEMBL3971373,N#C/C=C/[C@H]1CC[C@H](c2nnn3cnc4[nH]ccc4c23)CC1,6.853871964321762,2
CHEMBL3971389,O=C(CC(F)(F)F)N1CCCC(c2nnn3cnc4[nH]ccc4c23)C1,6.2441251443275085,3
CHEMBL3971717,OCCN(CCO)C[C@H]1CC[C@H](c2nnn3cnc4[nH]ccc4c23)CC1,6.229147988357855,2
CHEMBL3972033,O=C(NCCc1ccc(F)cc1)[C@H]1CC[C@H](c2nnn3cnc4[nH]ccc4c23)CC1,6.431798275933005,2
CHEMBL3972067,FC(F)(F)CN(CC1CC1)[C@H]1CC[C@H](c2nnn3cnc4[nH]ccc4c23)CC1,6.2076083105017466,2
CHEMBL3972353,FC(F)(F)C(F)(F)CNC[C@H]1CC[C@H](c2nnn3cnc4[nH]ccc4c23)CC1,6.455931955649724,2
CHEMBL3972475,N#Cc1cc(F)c(CN2CCC(c3nnn4cnc5[nH]ccc5c34)CC2)c(F)c1,7.327902142064283,3
CHEMBL3972506,FCCNC[C@H]1CC[C@H](c2nnn3cnc4[nH]ccc4c23)CC1,7.443697499232712,2
CHEMBL3973017,Fc1ccc(NC[C@H]2CC[C@H](c3nnn4cnc5[nH]ccc5c34)CC2)c(C(F)(F)F)c1,6.096910013008056,1
CHEMBL3973060,O=C(OCc1ccccc1)N1CCC(c2ncn3cnc4[nH]ccc4c23)CC1,6.267606240177032,1
CHEMBL3973072,N#CCCN1CCN(C[C@H]2CC[C@H](c3nnn4cnc5[nH]ccc5c34)CC2)CC1,6.1249387366083,2
CHEMBL3973102,FC(F)(Br)CN[C@H]1CC[C@@H](c2nnn3cnc4[nH]ccc4c23)CC1,6.119186407719209,2
CHEMBL3973302,Cc1cnc(CNC[C@H]2CC[C@H](c3nnn4cnc5[nH]ccc5c34)CC2)cn1,7.3872161432802645,2
CHEMBL3973343,O/N=C/[C@H]1CC[C@H](c2nnn3cnc4[nH]ccc4c23)CC1,6.2839966563652006,2
CHEMBL3973486,FC(F)(F)Oc1ccc(NC[C@H]2CC[C@H](c3nnn4cnc5[nH]ccc5c34)CC2)cc1,6.060480747381382,3
CHEMBL3974289,O=C(C[C@H]1CC[C@@H](c2nnn3cnc4[nH]ccc4c23)CC1)NCC(F)(F)F,6.102372908709558,2
CHEMBL3974904,c1cc2c(ncn3nnc(C4CCNCC4)c23)[nH]1,6.366531544420414,1
CHEMBL3974989,Fc1cc(C(F)(F)F)ccc1CN1CCC(c2nnn3cnc4[nH]ccc4c23)CC1,6.508638306165727,2
CHEMBL3975088,O=S(=O)(C[C@H]1CC[C@H](c2nnn3cnc4[nH]ccc4c23)CC1)c1ccc(F)cc1,6.468521082957745,2
CHEMBL3975158,COC[C@H]1CC[C@H](c2nnn3cnc4[nH]ccc4c23)CC1,6.853871964321762,2
CHEMBL3975250,N#Cc1ccc(NC2CCC(c3nnn4cnc5[nH]ccc5c34)CC2)c(F)c1,6.7447274948966935,3
CHEMBL3975399,N#CCC(=O)N(CC(F)(F)F)C[C@H]1CC[C@H](c2nnn3cnc4[nH]ccc4c23)CC1,6.886056647693163,2
CHEMBL3975439,O=C1NCCN1CCNC[C@H]1CC[C@H](c2nnn3cnc4[nH]ccc4c23)CC1,6.7447274948966935,2
CHEMBL3975691,CS(=O)(=O)NC[C@H]1CC[C@H](N2CN(C3CC3)C(=O)c3cnc4[nH]ccc4c32)CC1,7.040958607678906,1
CHEMBL3976204,CN1CN([C@H]2CC[C@H](CNCC#N)CC2)c2c(cnc3[nH]ccc23)C1=O,7.376750709602099,1
CHEMBL3976587,c1cc2c(ncn3nnc([C@H]4CC[C@H](CNC56CC(C5)C6)CC4)c23)[nH]1,6.229147988357855,2
CHEMBL3976846,N#CCNC[C@H]1CC[C@H](N2CN(C3CC3)C(=O)c3cnc4[nH]ccc4c32)CC1,6.958607314841775,1
CHEMBL3977017,Clc1ccc(CN2CCC(c3nnn4cnc5[nH]ccc5c34)CC2)cn1,6.5376020021010435,2
CHEMBL3977129,CC1(O)CN(C[C@H]2CC[C@H](c3nnn4cnc5[nH]ccc5c34)CC2)C1,6.886056647693163,2
CHEMBL3977718,Cn1cc(Nc2ncc(Cl)c(NC3CC4CN(C(=O)CC#N)CC4C3)n2)cn1,8.154901959985743,1
CHEMBL3978189,COCC1(NC[C@H]2CC[C@H](c3nnn4cnc5[nH]ccc5c34)CC2)CC1,6.508638306165727,2
CHEMBL3978202,FC(F)(F)CNC[C@H]1CC[C@H](c2nnn3cnc4[nH]ccc4c23)CC1,7.200659450546418,2
CHEMBL3978620,OC(CN[C@H]1CC[C@H](c2nnn3cnc4[nH]ccc4c23)CC1)(c1ccc(Cl)cc1)C(F)(F)F,6.356547323513812,2
CHEMBL3978777,c1cc(CCNC2CCC(c3nnn4cnc5[nH]ccc5c34)CC2)ccn1,6.468521082957745,2
CHEMBL3979340,Brc1ccc(CN2CCC(c3nnn4cnc5[nH]ccc5c34)CC2)o1,7.008773924307505,2
CHEMBL3979623,O=S(=O)(C[C@H]1CC[C@H](c2nnn3cnc4[nH]ccc4c23)CC1)NCC(F)(F)F,6.522878745280337,2
CHEMBL3979988,Clc1ccc(CN2CCC(c3nnn4cnc5[nH]ccc5c34)CC2)o1,7.0,2
CHEMBL3980095,Fc1ccc(CN[C@H]2CC[C@H](c3nnn4cnc5[nH]ccc5c34)CC2)cc1,6.920818753952375,2
CHEMBL3980241,O[C@H]1CCN(C[C@H]2CC[C@H](c3nnn4cnc5[nH]ccc5c34)CC2)C1,7.0,2
CHEMBL3980246,N#CCC(=O)N(C[C@H]1CC[C@H](c2nnn3cnc4[nH]ccc4c23)CC1)C1CC1,6.075720713938118,2
CHEMBL3980979,FC(F)(F)c1ccc(CN[C@H]2CC[C@H](c3nnn4cnc5[nH]ccc5c34)CC2)cc1,7.337242168318426,2
CHEMBL3980992,COCCN(C)C[C@H]1CC[C@H](c2nnn3cnc4[nH]ccc4c23)CC1,6.055517327849832,2
CHEMBL3981038,COCCN1CN([C@H]2CC[C@H](CNCC(F)(F)F)CC2)c2c(cnc3[nH]ccc23)C1=O,7.221848749616356,1
CHEMBL3981130,FC1(F)CN(C[C@H]2CC[C@H](c3nnn4cnc5[nH]ccc5c34)CC2)C1,6.0655015487564325,2
CHEMBL3981338,Clc1cnccc1CN1CCC(c2nnn3cnc4[nH]ccc4c23)CC1,6.508638306165727,2
CHEMBL3981393,N#CCC(=O)NC[C@H]1CC[C@H](c2nnn3cnc4[nH]ccc4c23)CC1,6.3872161432802645,2
CHEMBL3981443,c1csc(CN2CCC(c3nnn4cnc5[nH]ccc5c34)CC2)n1,6.337242168318426,2
CHEMBL3981542,N#CCNC(=O)[C@H]1CC[C@H](c2nnn3cnc4[nH]ccc4c23)CC1,6.823908740944319,2
CHEMBL3981587,N#CCNC[C@H]1CC[C@H](N2CNC(=O)c3cnc4[nH]ccc4c32)CC1,7.721246399047171,1
CHEMBL3981673,O=C1c2cnc3[nH]ccc3c2N([C@H]2CC[C@H](CNS(=O)(=O)C3CC3)CC2)CN1CC(F)(F)F,6.376750709602099,1
CHEMBL3981841,N#CCCCN1CN([C@H]2CC[C@H](CNCC(F)(F)F)CC2)c2c(cnc3[nH]ccc23)C1=O,6.698970004336019,1
CHEMBL3983078,c1cc2c(ncn3nnc(C4CCN(Cc5cncs5)CC4)c23)[nH]1,6.920818753952375,3
CHEMBL3983127,FC1(F)CCC(c2nnn3cnc4[nH]ccc4c23)CC1,6.508638306165727,1
CHEMBL3983231,Fc1ccc(NC2CCC(c3nnn4cnc5[nH]ccc5c34)CC2)cc1,6.886056647693163,3
CHEMBL3983344,NC(=O)[C@H]1CC[C@H](c2nnn3cnc4[nH]ccc4c23)CC1,6.5376020021010435,2
CHEMBL3983447,Fc1ccc(CCN[C@H]2CC[C@H](c3nnn4cnc5[nH]ccc5c34)CC2)cc1,7.0,2
CHEMBL3983594,N#CCN1CN([C@H]2CC[C@H](CNC3(C(F)(F)F)CC3)CC2)c2c(cnc3[nH]ccc23)C1=O,7.346787486224656,1
CHEMBL3983856,O=C(NC1CC1)[C@H]1CC[C@H](c2nnn3cnc4[nH]ccc4c23)CC1,6.251811972993799,2
CHEMBL3984424,O[C@H]1CC[C@H](c2nnn3cnc4[nH]ccc4c23)CC1,6.823908740944319,3
CHEMBL3984482,c1cc2c(ncn3nnc([C@H]4CC[C@H](NN5CCOCC5)CC4)c23)[nH]1,6.301029995663981,2
CHEMBL3984562,CS(=O)(=O)NC[C@H]1CC[C@H](c2nnn3cnc4[nH]ccc4c23)CC1,7.795880017344075,2
CHEMBL3984749,CN1CN([C@H]2CC[C@H](CN3CCCS3(=O)=O)CC2)c2c(cnc3[nH]ccc23)C1=O,7.026872146400302,1
CHEMBL3984960,Fc1ccc(CNC[C@H]2CC[C@H](c3nnn4cnc5[nH]ccc5c34)CC2)cc1,8.638272163982407,3
CHEMBL3985119,O=S(=O)(C[C@H]1CC[C@H](c2nnn3cnc4[nH]ccc4c23)CC1)NC1CC1,6.376750709602099,2
CHEMBL3985220,N#CC=C1CCC(c2nnn3cnc4[nH]ccc4c23)CC1,7.468521082957745,2
CHEMBL3985243,FC(F)(Br)CNC[C@H]1CC[C@H](c2nnn3cnc4[nH]ccc4c23)CC1,7.0,2
CHEMBL3985363,c1ccc(CN[C@H]2CC[C@H](c3nnn4cnc5[nH]ccc5c34)CC2)cc1,6.958607314841775,2
CHEMBL3985390,FC1CN(C[C@H]2CC[C@H](c3nnn4cnc5[nH]ccc5c34)CC2)C1,6.229147988357855,2
CHEMBL3985391,COc1ccc(C(O)(CN[C@H]2CC[C@H](c3nnn4cnc5[nH]ccc5c34)CC2)C(F)(F)F)cn1,6.7447274948966935,2
CHEMBL3985528,N#CCN1CN([C@H]2CC[C@H](CF)CC2)c2c(cnc3[nH]ccc23)C1=O,7.309803919971486,1
CHEMBL3985597,CC(C)(C)OC(=O)N1CCC(c2nnn3cnc4[nH]ccc4c23)CC1,5.275724130399211,2
CHEMBL3985603,O=C(NCC(F)(F)F)C1CN(C[C@H]2CC[C@H](c3nnn4cnc5[nH]ccc5c34)CC2)C1,6.236572006437063,2
CHEMBL3986377,Fc1cc(CN2CCC(c3nnn4cnc5[nH]ccc5c34)CC2)ccc1Cl,6.522878745280337,2
CHEMBL3986613,O=C1NCN([C@H]2CC[C@H](CNCC(F)(F)F)CC2)c2c1cnc1[nH]ccc21,7.657577319177793,1
CHEMBL3986618,Clc1ccc(CN2CCC(c3nnn4cnc5[nH]ccc5c34)CC2)cc1,6.6777807052660805,3
CHEMBL3986660,FC(F)(F)Oc1ccc(CNC[C@H]2CC[C@H](c3nnn4cnc5[nH]ccc5c34)CC2)cc1,8.309803919971486,2
CHEMBL3986686,c1cc2c(ncn3nnc(C4CCCN(Cc5cncs5)C4)c23)[nH]1,6.0,3
CHEMBL4060201,O=C(CCCCCCn1cc(-c2ncnc3[nH]ccc23)cn1)NO,6.72584215073632,1
CHEMBL4060444,Cc1ccc(-c2cc3c(N[C@@H]4CC[C@](C)(N)C4(C)C)c(C(N)=O)cnn3c2)cn1,7.5376020021010435,1
CHEMBL4060536,Cc1ccc(-c2cc3c(N[C@@H]4CC[C@](C)(N)C4(C)C)c(C(N)=O)cnn3c2)cc1,8.065501548756432,1
CHEMBL4060984,CC1(C)[C@H](Nc2c(C(N)=O)cnn3cc(-c4cc[nH]n4)cc23)CC[C@]1(C)N,7.853871964321762,1
CHEMBL4061128,N#Cc1ccc(Nc2nn([C@H]3COCC[C@@H]3C#N)cc2C(N)=O)cc1,8.920818753952375,1
CHEMBL4062062,CC1(C)[C@H](Nc2c(C(N)=O)cnn3cc(-c4ccc(Cl)cc4)cc23)CC[C@]1(C)N,8.0,1
CHEMBL4062471,NC(=O)c1cnn2cccc2c1NCc1cccc(NC(=O)Cn2sc3ccccc3c2=O)c1,6.619788758288394,1
CHEMBL4063870,CC1(C)[C@H](Nc2c(C(N)=O)cnn3cc(-c4ccncc4)cc23)CC[C@]1(C)N,7.356547323513812,1
CHEMBL4064171,N#Cc1ccc(Nc2nn([C@H]3COCC[C@@H]3C#N)cc2C(N)=O)cc1C#N,7.958607314841775,1
CHEMBL4065365,COc1ccc2c(c1)/C(=C1/Nc3ccccc3/C1=N\OCC(O)CO)C(=O)N2,8.562759091150266,2
CHEMBL4066193,COc1cc(Nc2nn([C@H]3COCC[C@@H]3C#N)cc2C(N)=O)cc(F)n1,7.886056647693163,1
CHEMBL4066236,CCc1cc(O)ccc1-c1ccc2c(-c3nc4c([nH]3)CN(C)CC4)n[nH]c2c1,7.696803942579511,1
CHEMBL4066404,CCCCN(C)S(=O)(=O)C[C@H]1C[C@@H](N(C)c2ncnc3[nH]ccc23)C1,5.656985502849232,1
CHEMBL4066730,N#CCC(=O)Nc1cccc(CNc2c(C(N)=O)cnn3cccc23)c1,5.698970004336019,1
CHEMBL4066906,C[C@@H]1NS(=O)(=O)c2ccc(Nc3nn([C@H]4COCC[C@@H]4C#N)cc3C(N)=O)cc21,8.769551078621726,1
CHEMBL4067915,N#C[C@H]1CCOC[C@@H]1n1cc(C(N)=O)c(Nc2ccnc(F)c2)n1,8.522878745280337,1
CHEMBL4068357,C[C@@H]1CCN(C(=O)N2CCCC2)C[C@@H]1N(C)c1ncnc2[nH]ccc12,6.3400083284161095,2
CHEMBL4068856,Cc1ccccc1-c1cc2c(N[C@@H]3CC[C@](C)(N)C3(C)C)c(C(N)=O)cnn2c1,7.292429823902063,1
CHEMBL4069127,COc1cc(-c2cc3c(N[C@@H]4CC[C@](C)(N)C4(C)C)c(C(N)=O)cnn3c2)ccn1,7.443697499232712,1
CHEMBL4069951,CCc1cc(O)ccc1-c1ccc2c(-c3nc4c([nH]3)CN(S(C)(=O)=O)CC4)n[nH]c2c1,7.600326278518962,1
CHEMBL4070136,CC(C)Oc1ccc(-c2cc3c(N[C@@H]4CC[C@](C)(N)C4(C)C)c(C(N)=O)cnn3c2)cn1,7.522878745280337,1
CHEMBL4070687,CC1(C)[C@H](Nc2c(C(N)=O)cnn3cc(-c4cccc(C#N)c4)cc23)CC[C@]1(C)N,7.259637310505756,1
CHEMBL4071005,COc1cc(Nc2nn([C@H]3COCC[C@@H]3C#N)cc2C(N)=O)ccc1Cl,7.920818753952375,1
CHEMBL4071255,COc1ccccc1-c1cc2c(N[C@@H]3CC[C@](C)(N)C3(C)C)c(C(N)=O)cnn2c1,7.6777807052660805,1
CHEMBL4071806,CC1(C)[C@H](Nc2c(C(N)=O)cnn3cc(-c4cccc(F)c4)cc23)CC[C@]1(C)N,7.657577319177793,1
CHEMBL4072239,NC(=O)c1cnc(Nc2ccccc2)cc1NCc1ccccc1,6.111259039317107,1
CHEMBL4072848,COc1cc(Nc2nn([C@H]3COCC[C@@H]3C#N)cc2C(N)=O)ccc1C#N,8.045757490560675,1
CHEMBL4073562,Cc1cc(-c2cc3c(N[C@@H]4CC[C@](C)(N)C4(C)C)c(C(N)=O)cnn3c2)ccn1,8.244125144327509,1
CHEMBL4076191,CC1(C)[C@H](Nc2c(C(N)=O)cnn3cc(-c4ccccc4F)cc23)CC[C@]1(C)N,7.823908740944319,1
CHEMBL4076473,N#C[C@H]1CCOC[C@@H]1n1cc(C(N)=O)c(Nc2cc(F)c3nccc(Cl)c3c2)n1,7.920818753952375,1
CHEMBL4076767,COc1cc(N2CCOCC2)ccc1Nc1nc(NC2CCCCC2)c2cc[nH]c2n1,3.87942606879415,1
CHEMBL4076794,COc1cccc(-c2cc3c(N[C@@H]4CC[C@](C)(N)C4(C)C)c(C(N)=O)cnn3c2)c1,7.920818753952375,1
CHEMBL4076823,CC1(C)[C@H](Nc2c(C(N)=O)cnn3cc(-c4cccc(Cl)c4)cc23)CC[C@]1(C)N,7.698970004336019,1
CHEMBL4077508,CC1(C)[C@H](Nc2c(C(N)=O)cnn3cc(-c4ccc(F)cc4)cc23)CC[C@]1(C)N,7.853871964321762,1
CHEMBL4077886,N#C[C@H]1CCOC[C@@H]1n1cc(C(N)=O)c(Nc2ccc(C3CC3)cc2)n1,8.4089353929735,1
CHEMBL4078165,CCc1cc(O)ccc1-c1ccc2c(C(=O)NC)n[nH]c2c1,6.098977826751921,1
CHEMBL4078773,COc1ccc(-c2cc3c(N[C@@H]4CC[C@](C)(N)C4(C)C)c(C(N)=O)cnn3c2)cc1,8.036212172654444,1
CHEMBL4078799,Cn1cc(-c2ccc(Nc3nn([C@H]4COCC[C@@H]4C#N)cc3C(N)=O)cc2)cn1,9.698970004336019,1
CHEMBL4079092,Cc1ncnc2ccc(Nc3nn([C@H]4COCC[C@@H]4C#N)cc3C(N)=O)cc12,7.853871964321762,1
CHEMBL4079880,CC1(C)[C@H](Nc2c(C(N)=O)cnn3cc(-c4ccncc4F)cc23)CC[C@]1(C)N,7.337242168318426,1
CHEMBL4080797,COc1ccc(-c2cc3c(N[C@@H]4CC[C@](C)(N)C4(C)C)c(C(N)=O)cnn3c2)cn1,7.6020599913279625,1
CHEMBL4083798,CC1(C)[C@H](Nc2c(C(N)=O)cnn3cc(-c4ccccc4C#N)cc23)CC[C@]1(C)N,7.468521082957745,1
CHEMBL4084341,Cc1cnccc1-c1cc2c(N[C@@H]3CC[C@](C)(N)C3(C)C)c(C(N)=O)cnn2c1,7.5376020021010435,1
CHEMBL4085737,N#Cc1ccc(Nc2nn([C@H]3COCC[C@@H]3C#N)cc2C(N)=O)cc1Cl,8.397940008672037,1
CHEMBL4086057,CCc1cc(O)ccc1-c1ccc2c(-c3ncc[nH]3)n[nH]c2c1,8.337242168318426,1
CHEMBL4087076,CC(C)c1cc(O)ccc1-c1ccc2c(-c3nc4ccccc4[nH]3)n[nH]c2c1,6.406381691870464,1
CHEMBL4087655,Cc1cccc(-c2cc3c(N[C@@H]4CC[C@](C)(N)C4(C)C)c(C(N)=O)cnn3c2)c1,8.102372908709558,1
CHEMBL4088216,CN1C(=O)[C@@H](N2CCc3cn(Cc4ccccc4)nc3C2=O)COc2ccccc21,6.0,1
CHEMBL4088262,COc1ccnc2c(F)cc(Nc3nn([C@H]4COCC[C@@H]4C#N)cc3C(N)=O)cc12,8.096910013008056,1
CHEMBL4088673,CC1(C)[C@H](Nc2c(C(N)=O)cnn3cc(-c4cncc(F)c4)cc23)CC[C@]1(C)N,7.221848749616356,1
CHEMBL4089118,N#C[C@H]1CCOC[C@@H]1n1cc(C(N)=O)c(Nc2ccc([C@H](O)C(F)(F)F)cc2)n1,9.397940008672037,1
CHEMBL4089164,CC1(C)[C@H](Nc2c(C(N)=O)cnn3cc(-c4cncnc4)cc23)CC[C@]1(C)N,6.721246399047171,1
CHEMBL4089234,N#C[C@H]1CCOC[C@@H]1n1cc(C(N)=O)c(Nc2ccc(Cl)cc2)n1,8.698970004336019,1
CHEMBL4089515,C[C@@H]1CCN(C(=O)N2CC[C@@H](S(=O)(=O)c3cccc(O)c3)C2)C[C@@H]1N(C)c1ncnc2[nH]ccc12,6.018362575344231,1
CHEMBL4091096,CCOc1ccc(-c2cc3c(N[C@@H]4CC[C@](C)(N)C4(C)C)c(C(N)=O)cnn3c2)cn1,7.42021640338319,1
CHEMBL4091582,CC1(C)[C@H](Nc2c(C(N)=O)cnn3cc(-c4ccc(C#N)cc4)cc23)CC[C@]1(C)N,8.065501548756432,1
CHEMBL4092626,CN(C)c1cc(Nc2nn([C@H]3COCC[C@@H]3C#N)cc2C(N)=O)cc(F)n1,7.886056647693163,1
CHEMBL4093318,NC(=O)c1cnn2cc(-c3ccccc3)cc2c1NCc1ccccc1,6.928117992693875,1
CHEMBL4093813,CCc1cc(O)ccc1-c1ccc2c(-c3nc4c([nH]3)CN(C(C)=O)CC4)n[nH]c2c1,7.6439741428068775,1
CHEMBL4094440,NS(=O)(=O)c1cncc(-c2nc(NCc3ccccn3)c3c(-c4ccccc4)cccc3n2)c1,4.301029995663981,2
CHEMBL409450,O=C1Nc2cc(Br)ccc2/C1=C1/Nc2ccccc2/C1=N\O,7.522878745280337,1
CHEMBL4095596,CC(CCCCCC(=O)NO)n1cc(-c2ncnc3[nH]ccc23)cn1,6.841637507904751,1
CHEMBL4096145,CC1(C)[C@H](Nc2c(C(N)=O)cnn3cc(-c4ccccc4)cc23)CC[C@]1(C)N,8.1249387366083,1
CHEMBL4096219,CCc1cc(O)ccc1-c1ccc2c(C(N)=O)n[nH]c2c1,7.2636034977233574,1
CHEMBL4096795,CC1(C)[C@H](Nc2c(C(N)=O)cnn3cc(-c4ccc(C#N)nc4)cc23)CC[C@]1(C)N,7.327902142064283,1
CHEMBL4096821,N#C[C@H]1CCOC[C@@H]1n1cc(C(N)=O)c(Nc2ccc(-n3ccnn3)cc2)n1,9.301029995663981,1
CHEMBL4097152,CCc1cc(O)c(F)cc1-c1ccc2c(-c3nc4c([nH]3)CN(Cc3ccccc3)CC4)n[nH]c2c1,7.2403321553103694,1
CHEMBL4097255,c1ccc(-c2cccc3nc(-c4cncnc4)nc(NCc4ccccn4)c23)cc1,4.301029995663981,1
CHEMBL4097778,CN1C(=O)[C@@H](N2CCc3cn(CC4CCS(=O)(=O)CC4)nc3C2=O)COc2ccccc21,6.0,1
CHEMBL4098840,CC1(C)[C@H](Nc2c(C(N)=O)cnn3cc(-c4ccc(F)nc4)cc23)CC[C@]1(C)N,7.568636235841013,1
CHEMBL4098999,N#Cc1ccc(Nc2nn([C@H]3COCC[C@@H]3C#N)cc2C(N)=O)cc1C1CC1,7.3979400086720375,1
CHEMBL4100288,N#C[C@H]1CCOC[C@@H]1n1cc(C(N)=O)c(Nc2ccccc2)n1,8.537602002101044,1
CHEMBL4101534,CCc1cc(O)ccc1-c1ccc2c(C(=O)Nc3ccc(C)nc3)n[nH]c2c1,6.088363066870558,1
CHEMBL4102140,N#C[C@H]1CCOC[C@@H]1n1cc(C(N)=O)c(Nc2ccc(OC(F)F)cc2)n1,9.154901959985743,1
CHEMBL410295,Cc1cccc(C)c1-n1c(=O)c2cnc(Nc3ccc(N4CCN(C)CC4)cc3)nc2n2c3ccccc3nc12,5.920818753952375,1
CHEMBL4103586,CN(c1ncnc2[nH]ccc12)[C@H]1C[C@@H](CS(=O)(=O)c2ccccc2)C1,9.774690718274137,1
CHEMBL4103980,CCc1cc(O)c(F)cc1-c1ccc2c(-c3nc4ccccc4[nH]3)n[nH]c2c1,7.815308569182402,1
CHEMBL4104127,CC1(C)[C@H](Nc2c(C(N)=O)cnn3cc(-c4ccnc(F)c4)cc23)CC[C@]1(C)N,7.229147988357855,1
CHEMBL4104623,N#C[C@H]1CCOC[C@@H]1n1cc(C(N)=O)c(Nc2ccc(F)cc2)n1,8.744727494896694,1
CHEMBL4104931,CCCc1cc(O)ccc1-c1ccc2c(-c3nc4ccccc4[nH]3)n[nH]c2c1,6.359021942641668,1
CHEMBL4105015,CC1(C)[C@H](Nc2c(C(N)=O)cnn3cc(-c4ccccc4Cl)cc23)CC[C@]1(C)N,7.327902142064283,1
CHEMBL4106456,O=C1NOC[C@H]1NC[C@H]1CC[C@H](c2nnn3cnc4[nH]ccc4c23)CC1,6.431798275933005,2
CHEMBL4107757,N#C[C@H]1CCN(C[C@H]2CC[C@H](c3nnn4cnc5[nH]ccc5c34)CC2)C1,6.443697499232712,2
CHEMBL4107883,N#C[C@H]1CCN(C(=O)[C@H]2CC[C@H](c3nnn4cnc5[nH]ccc5c34)CC2)C1,6.060480747381382,2
CHEMBL4109199,C[C@@H](O)CNC[C@H]1CC[C@H](c2nnn3cnc4[nH]ccc4c23)CC1,6.886056647693163,2
CHEMBL4109603,O[C@H](CN[C@H]1CC[C@H](c2nnn3cnc4[nH]ccc4c23)CC1)c1ccccc1,6.481486060122113,2
CHEMBL4110648,c1cc2c(ncn3nnc([C@H]4CC[C@H](CNC[C@H]5CCCO5)CC4)c23)[nH]1,6.795880017344075,2
CHEMBL4111044,[N-]=[N+]=NC[C@H]1CC[C@H](c2nnn3cnc4[nH]ccc4c23)CC1,8.036212172654444,2
CHEMBL4111878,O[C@@H]1Cc2ccccc2[C@@H]1NC1CCC(c2nnn3cnc4[nH]ccc4c23)CC1,6.5376020021010435,2
CHEMBL4112119,F[C@@H]1CCN(C[C@H]2CC[C@H](c3nnn4cnc5[nH]ccc5c34)CC2)C1,6.366531544420414,2
CHEMBL4112721,O=C(N[C@@H]1CCN(C[C@H]2CC[C@H](c3nnn4cnc5[nH]ccc5c34)CC2)C1)C(F)(F)F,6.0655015487564325,2
CHEMBL4112919,O[C@H](CNC[C@H]1CC[C@H](c2nnn3cnc4[nH]ccc4c23)CC1)c1ccccc1,7.301029995663981,2
CHEMBL4112922,CC(=O)N[C@@H]1CCN(C[C@H]2CC[C@H](c3nnn4cnc5[nH]ccc5c34)CC2)C1,6.214670164989233,2
CHEMBL4113620,O[C@@H]1CCN(C[C@H]2CC[C@H](c3nnn4cnc5[nH]ccc5c34)CC2)C1,7.721246399047171,2
CHEMBL4114359,O[C@@H]1CCN(C[C@H]2CC[C@@H](c3nnn4cnc5[nH]ccc5c34)CC2)C1,6.113509274827518,2
CHEMBL4115208,O=C(NC[C@@H](O)c1ccccc1)[C@H]1CC[C@H](c2nnn3cnc4[nH]ccc4c23)CC1,6.337242168318426,2
CHEMBL4115251,c1cc[n+]2cc(CN3CCC(c4nnn5cnc6[nH]ccc6c45)CC3)sc2c1,6.130768280269024,1
CHEMBL4116008,CCS(=O)(=O)N1CCN(c2ccc(Nc3ncc(C(N)=O)c(NC4CC4)n3)cc2)CC1,9.301029995663981,3
CHEMBL4125719,N#CC(C#N)=Cc1ccc(-c2nc3cnc4[nH]ccc4c3n2C2CCCCC2)o1,7.853871964321762,1
CHEMBL4125861,CN1CCN(C(=O)C(C#N)=Cc2ccc(-c3nc4cnc5[nH]ccc5c4n3C3CCCCC3)o2)CC1,6.101823516502323,1
CHEMBL4126514,CN(C)C(=O)CCc1ccc(-c2nc3cnc4[nH]ccc4c3n2C2CCCCC2)o1,6.856985199745905,1
CHEMBL4127590,N#CCCc1ccc(-c2nc3cnc4[nH]ccc4c3n2C2CCCCC2)o1,7.6020599913279625,1
CHEMBL4128181,CN(C)C(=O)C(C#N)=Cc1ccc(-c2nc3cnc4[nH]ccc4c3n2C2CCCCC2)o1,5.633152653578307,2
CHEMBL4128266,N#C/C=C/c1ccc(-c2nc3cnc4[nH]ccc4c3n2C2CCCCC2)o1,7.356547323513812,1
CHEMBL4128410,CN(C)C(=O)/C=C/c1ccc(-c2nc3cnc4[nH]ccc4c3n2C2CCCCC2)o1,7.107905397309519,2
CHEMBL4159366,CS(=O)(=O)Nc1ccc(-c2ccnc(Nc3ccc(N4CCC(C(=O)NCCCCCCCC(=O)NO)CC4)cc3)n2)cc1,7.130768280269024,1
CHEMBL4160840,O=C(NO)c1ccc(-c2ccnc(Nc3ccc(N4CCOCC4)cc3)n2)cc1,6.377785977033705,1
CHEMBL4175555,CS(=O)(=O)Nc1ccc(-c2ccnc(Nc3ccc(N4CCC(C(=O)Nc5ccc(/C=C/C(=O)NO)cc5)CC4)cc3)n2)cc1,7.337242168318426,1
CHEMBL4175808,Cc1cnc(Nc2cc(N3C[C@@H]4C[C@H]3CN4C)cnc2F)nc1N[C@H](C)C(C)C,4.619788758288394,1
CHEMBL4224807,CN(c1ncnc2[nH]ccc12)[C@@H]1CCN(C(=O)CC#N)C1,6.958607314841775,1
CHEMBL4228766,C1=C/COc2ccc(o2)-c2ccnc(n2)Nc2ccc(OCCN3CCCC3)c(c2)COC/1,6.638272163982407,1
CHEMBL4238190,COCCn1cc(-c2nn(C3CCCN(C(=O)CC#N)C3)c3ncnc(N)c23)cn1,5.492225060282271,1
CHEMBL4238357,Cn1cc(-c2nn(CC3CCCN(C(=O)CC#N)C3)c3ncnc(N)c23)cn1,5.628544218086983,1
CHEMBL4238926,NC(=O)c1cnc2[nH]ccc2c1NC1C2CC3CC1CC(O)(C3)C2,8.309894379144197,4
CHEMBL4241272,C=CC(=O)N1CCCC(Cn2nc(-c3cnn(C)c3)c3c(N)ncnc32)C1,5.40177871530403,1
CHEMBL4242999,Br.NC(=O)c1cnc2[nH]ccc2c1NC1C2CC3CC1CC(O)(C3)C2,8.318758762624412,1
CHEMBL4244148,C=CC(=O)N1CCCC(n2nc(-c3cnn(C)c3)c3c(N)ncnc32)C1,5.929777366539041,1
CHEMBL4245422,C=CC(=O)N1CCC(n2nc(-c3cnn(CCOC)c3)c3c(N)ncnc32)C1,5.763916415104954,1
CHEMBL4248202,Cn1cc(-c2nn(C3CCCN(C(=O)CC#N)C3)c3ncnc(N)c23)cn1,5.614858652395342,1
CHEMBL4249310,C=CC(=O)N1CCC(n2nc(-c3cnn(C)c3)c3c(N)ncnc32)C1,5.847803417665791,1
CHEMBL4249492,C=CC(=O)N1CCCC(n2nc(-c3cnn(CCOC)c3)c3c(N)ncnc32)C1,5.67423811468077,1
CHEMBL4249872,C=CC(=O)N1CCCC(Cn2nc(-c3cnn(CCOC)c3)c3c(N)ncnc32)C1,5.481960094531813,1
CHEMBL4276860,N#CN[C@@H]1CCc2ccc(-c3ncnc4[nH]ccc34)cc21,5.50251746263263,1
CHEMBL4277379,CN(C)CCCn1c(=O)c2cc([N+](=O)[O-])ccc2c2cnc3[nH]ccc3c21,5.321845961989562,2
CHEMBL4278647,C[C@H]1Cc2ccc(-c3ncnc4[nH]ccc34)cc2[C@@H]1NC#N,5.696803942579511,1
CHEMBL4278757,CNc1cc(Nc2cc(C)cc(C)c2)nn2c(C(=O)NCC(C)(CO)CO)cnc12,6.481486060122113,3
CHEMBL4278842,COC(=O)Cn1c(=O)c2cc(OC)c(OC)cc2c2cnc3[nH]ccc3c21,7.734946275564816,2
CHEMBL4278853,CC[C@H](C(=O)NCC(F)(F)F)n1c(=O)c2cc(OC)c(OC)cc2c2cnc3[nH]ccc3c21,6.47346692764776,2
CHEMBL4279157,CNc1cc(Nc2cc(C)cc(C)c2)nn2c(C(N)=O)cnc12,7.301029995663981,3
CHEMBL4279720,C[C@]1(NC#N)CCc2ccc(-c3ncnc4[nH]ccc34)cc21,6.747146969020107,1
CHEMBL4279819,CN(c1ncnc2[nH]ccc12)[C@H]1CN(C(=O)CC#N)CC12CC2,6.600329725273209,2
CHEMBL4279883,CNc1cc(Nc2cc(F)cc(F)c2OC)nn2c(C(=O)NC[C@](C)(O)CO)cnc12,6.707834387816234,4
CHEMBL4279991,COc1cc2c(=O)n([C@@H]3CCNC3)c3c4cc[nH]c4ncc3c2cc1OC,6.754117509943264,2
CHEMBL4280294,CN(C#N)C1CCc2ccc(-c3ncnc4[nH]ccc34)cc21,5.0228710994193175,1
CHEMBL4280783,COc1cc2c(=O)n(CCCN(C)C)c3c4cc[nH]c4ncc3c2cc1OC,6.369343401778855,2
CHEMBL4281080,COc1cc2c(=O)n(C3CCCCCCC3)c3c4cc[nH]c4ncc3c2cc1OC,8.076755981369724,2
CHEMBL4281304,NC(=O)c1cnc2c(NC3CC3)cc(Nc3cccc(-c4ccc(C(F)(F)F)cc4F)c3)nn12,5.958607314841775,3
CHEMBL4281393,N#CN[C@H]1CCc2ccc(-c3ncnc4[nH]ccc34)cc21,5.735418270761922,1
CHEMBL4281492,COC(=O)[C@@H](C(C)C)n1c(=O)c2cc(OC)c(OC)cc2c2cnc3[nH]ccc3c21,6.591336332620157,2
CHEMBL4281693,N#CN[C@@H]1c2cc(-c3ncnc4[nH]ccc34)ccc2C[C@H]1O,5.368049173740783,1
CHEMBL4282627,Cc1cc(C)cc(Nc2cc(NC3CCC3)c3ncc(C(N)=O)n3n2)c1,5.3872161432802645,3
CHEMBL4282720,COc1cc2c(=O)n([C@@H](C(=O)N3CC(C#N)C3)C(C)C)c3c4cc[nH]c4ncc3c2cc1OC,5.24184537803261,2
CHEMBL4282878,N#CN[C@@H]1CCOc2ccc(-c3ncnc4[nH]ccc34)cc21,5.740884155814934,1
CHEMBL4283198,C[C@@H]1Cc2ccc(-c3ncnc4[nH]ccc34)cc2[C@@H]1NC#N,5.335452037753453,1
CHEMBL4283351,CNc1cc(Nc2cccc(C(C)(C)C)c2)nn2c(C(N)=O)cnc12,6.3872161432802645,3
CHEMBL4283458,COc1cc2c(=O)n(C3CCN(C)CC3)c3c4cc[nH]c4ncc3c2cc1OC,6.777478658930803,2
CHEMBL4283724,NC(=O)c1cnc2c(NC3CC3)cc(NC3CCCCC3)nn12,5.494850021680094,3
CHEMBL4284023,CN(c1ncnc2[nH]ccc12)C1CN(C(=O)CC#N)CC12CC2,7.393618634889395,1
CHEMBL4284499,COc1cc2c(=O)n(CC3CCCCC3)c3c4cc[nH]c4ncc3c2cc1OC,7.404338500550601,2
CHEMBL4284952,N#CN[C@H]1CCOc2ccc(-c3ncnc4[nH]ccc34)cc21,5.527097348196336,1
CHEMBL4285530,Cc1cc(C)cc(Nc2cc(NC3CCCC3)c3ncc(C(N)=O)n3n2)c1,5.318758762624412,3
CHEMBL4285755,Cc1cc(C)cc(Nc2cc(NC3CC3)c3ncc(C(N)=O)n3n2)c1,6.154901959985743,3
CHEMBL4285841,CNc1cc(Nc2cccc3c2OCCO3)nn2c(C(=O)NC3CC3)cnc12,8.0,3
CHEMBL4286006,Cc1cc(C)cc(Nc2cc(Nc3ccccc3)c3ncc(C(N)=O)n3n2)c1,5.431798275933005,3
CHEMBL4286103,CC[C@H](C(=O)N1CC(C#N)C1)n1c(=O)c2cc(OC)c(OC)cc2c2cnc3[nH]ccc3c21,7.132650398811027,2
CHEMBL4286762,CCOC(=O)C(CC)n1c(=O)c2cc(OC)c(OC)cc2c2cnc3[nH]ccc3c21,7.7594507517174005,2
CHEMBL4286867,O=C(CCCCCCC(=O)Nc1ccc(-c2ccnc(Nc3ccc(N4CCOCC4)cc3)n2)cc1)NO,7.100179497572904,1
CHEMBL4286963,N#CN[C@H]1C[C@H](O)c2ccc(-c3ncnc4[nH]ccc34)cc21,5.472112434047295,1
CHEMBL4287081,CCNc1cc(Nc2cc(C)cc(C)c2)nn2c(C(N)=O)cnc12,6.221848749616356,3
CHEMBL4287153,CNc1nc2sc(-c3cccc([C@@H](C)NC(=O)c4ccccc4S(C)(=O)=O)c3)nc2c2c1ncn2C,6.7909322507873835,4
CHEMBL4287761,CNc1cc(Nc2cc(F)cc(F)c2OC)nn2c(C(=O)NCC(C)(C)CO)cnc12,7.522878745280337,3
CHEMBL4287893,COc1cc2c(=O)n([C@@H]3CCCNC3)c3c4cc[nH]c4ncc3c2cc1OC,7.345823458122039,1
CHEMBL4288201,N#CNC1CCOc2ccc(-c3ncnc4[nH]ccc34)cc21,5.599116784451637,1
CHEMBL4288673,CN(C)CCCn1c(=O)c2ccccc2c2cnc3[nH]ccc3c21,6.149460986678292,2
CHEMBL4289149,N#Cc1cc(Nc2cc(NC3CC3)c3ncc(C(N)=O)n3n2)cc(C(F)(F)F)c1,5.086186147616283,5
CHEMBL4289375,COC(=O)[C@H](C(C)C)n1c(=O)c2cc(OC)c(OC)cc2c2cnc3[nH]ccc3c21,5.823330067331851,2
CHEMBL4289426,CNc1cc(Nc2cc(C)cc(C)c2)nn2c(C(=O)NCC(C)(C)CO)cnc12,6.958607314841775,3
CHEMBL4289532,CC[C@@H](C(=O)NCC(F)(F)F)n1c(=O)c2cc(OC)c(OC)cc2c2cnc3[nH]ccc3c21,6.563201489768197,1
CHEMBL4289875,Cc1cc(F)cc(Nc2cc(NC3CC3)c3ncc(C(N)=O)n3n2)c1,5.853871964321762,3
CHEMBL4290130,C[C@](O)(CO)CNc1cc(Nc2cccc(-c3ccc(C(F)(F)F)cc3F)c2)nn2c(C(N)=O)cnc12,6.1164220669589096,4
CHEMBL4290597,COc1cc2c(=O)n([C@@H]3CCCN(C(=O)CC#N)C3)c3c4cc[nH]c4ncc3c2cc1OC,8.361510743045363,2
CHEMBL4291200,CNc1cc(Nc2c(F)c(F)cc(F)c2F)nn2c(C(=O)NC[C@](C)(O)CO)cnc12,6.522878745280337,3
CHEMBL4291298,COc1cc2c(=O)n(C3CCNCC3)c3c4cc[nH]c4ncc3c2cc1OC,7.489522020891606,2
CHEMBL4291611,CNc1cc(Nc2cccc(-c3ccccc3)c2)nn2c(C(N)=O)cnc12,6.698970004336019,3
CHEMBL4291720,COc1cc2c(=O)n(C3CCCCCC3)c3c4cc[nH]c4ncc3c2cc1OC,8.649751981665837,2
CHEMBL4292010,N#CNC1CCc2ccc(-c3ncnc4[nH]ccc34)cc21,5.539102157243452,1
CHEMBL4293510,NC(=O)c1cnc2c(N[C@H]3C[C@H]3F)cc(Nc3cccc(-c4ccc(C(F)(F)F)cc4F)c3)nn12,6.494850021680094,3
CHEMBL4293578,CN(c1ncnc2[nH]ccc12)[C@H]1CN(S(=O)(=O)c2cccc(C#N)c2)CC12CC2,7.604681519034148,2
CHEMBL4293619,NC(=O)c1cnc2c(NC3CC3)cc(Nc3ccccc3)nn12,5.958607314841775,3
CHEMBL4293778,CC1(NC#N)CCc2ccc(-c3ncnc4[nH]ccc34)cc21,6.621602099051862,1
CHEMBL4293907,CNc1cc(Nc2cc(C)cc(C)c2)nn2c(C(=O)NC3CC3)cnc12,7.0,3
CHEMBL4294002,COc1cc2c(=O)n([C@@H](C(=O)NCC(F)(F)F)C(C)C)c3c4cc[nH]c4ncc3c2cc1OC,5.934140316031691,2
CHEMBL4295039,CNc1cc(Nc2ccccc2OC)nn2c(C(=O)NCC(C)(C)CO)cnc12,6.920818753952375,3
CHEMBL4295151,COc1cc2c(=O)n(C3CCCCC3)c3c4cc[nH]c4ncc3c2cc1OC,8.714442690992227,2
CHEMBL4297477,Cn1cc(Nc2nccc(N3C[C@H]4CC[C@@H](C3)N4C(=O)[C@@H]3CC3(F)F)n2)cn1,7.638272163982407,5
CHEMBL4297507,C[C@H]1CN(C(=O)CC#N)[C@]12CCN(c1ncnc3[nH]ccc13)C2,7.236572006437063,4
CHEMBL4303389,C[C@H](Nc1cc(-c2cnn(C)c2)cc(Nc2cnccn2)n1)c1ccc(F)cc1,7.657577319177793,3
CHEMBL4435079,CNC(=O)c1cnc(Nc2cc(C)c(F)cn2)cc1Nc1cccc(-c2nncn2C)c1OC,6.823908740944319,1
CHEMBL4435170,[2H]C([2H])([2H])NC(=O)c1nnc(NC(=O)C2CC2)cc1Nc1cccc(-c2ncn(C)n2)c1OC,8.698970004336019,21
CHEMBL4435302,CCNC(=O)c1ccc(Nc2nccc(N3C[C@H]4C[C@@H]3CN4C(=O)CC#N)n2)cc1,5.570247719997592,1
CHEMBL4436287,CCNC(=O)c1ccc(Nc2nccc(N3CCN(C(=O)CC#N)CC3)n2)cc1,6.434152181326482,1
CHEMBL4437638,N#CC[C@H]1CC[C@H](n2c(CNC(=O)CC3CC3)nc3cnc4[nH]ccc4c32)CC1,7.91721462968355,1
CHEMBL4438202,CNC(=O)c1cnc(NC(=O)C2CC2)cc1Nc1ccccc1S(C)(=O)=O,7.652259161754901,2
CHEMBL4439418,N#CC[C@H]1CC[C@H](n2c(CC(=O)NCC(F)(F)F)nc3cnc4[nH]ccc4c32)CC1,8.468521082957745,1
CHEMBL4439617,CNC(=O)c1cnc(Nc2cc(C)c(F)cn2)cc1Nc1cccc(C(=O)NCCO)c1OC,6.568636235841013,1
CHEMBL4440261,CC(C)CNc1c(C(N)=O)cnn2cc(-c3ccccc3)cc12,7.200659450546418,1
CHEMBL4440718,[2H]C([2H])([2H])NC(=O)c1nnc(Nc2ccccn2)cc1Nc1ccccc1S(C)(=O)=O,8.080890389046187,2
CHEMBL4440767,COc1ccc(-c2cc3c(NC(CO)[C@H](O)C4CC4)c(C(N)=O)cnn3c2)cn1,6.292513326014591,2
CHEMBL4441840,CCNC(=O)c1cccc(Nc2cc(Nc3cc(C)c(F)cn3)ncc2C(=O)NC)c1OC,6.552841968657781,1
CHEMBL4443834,CNC(=O)c1cnc(Nc2cc(C)c(F)cn2)cc1Nc1cccc(-c2nnc(C)o2)c1OC,7.0,1
CHEMBL4444169,[2H]C([2H])([2H])NC(=O)c1cnc(Nc2ccc(F)cn2)cc1Nc1ccccc1S(C)(=O)=O,8.05284196865778,2
CHEMBL4444178,[2H]C([2H])([2H])NC(=O)c1nnc(NC(=O)C2CC2)cc1Nc1ccccc1S(C)(=O)=O,7.762164405837785,4
CHEMBL4444606,CNC(=O)c1cnc(Nc2ccc(OC)cn2)cc1Nc1ccccc1S(C)(=O)=O,6.2839966563652006,1
CHEMBL4445892,CCNC(=O)c1ncc(Nc2ncc(F)c(N3C[C@H]4CC[C@H](C3)N4C(=O)C3CC3)n2)cc1C,7.318758762624412,1
CHEMBL4446102,NC(=O)c1cnc2[nH]ccc2c1NC1C2CC3CC1CC(C2)C3O,8.301029995663981,1
CHEMBL4447181,COC[C@H](C(=O)Nc1cccc2c(-c3nc(Nc4cccc(S(C)(=O)=O)c4F)ncc3F)c[nH]c12)N1CCN(C)CC1,6.182434630440219,1
CHEMBL4447360,C[C@@H](O)[C@@H](CO)Nc1c(C(N)=O)cnn2cc(-c3ccccc3)cc12,7.468521082957745,1
CHEMBL4447497,N#CC[C@H]1CC[C@H](n2c(CC(=O)NC34CCC(C(N)=O)(CC3)CC4)nc3cnc4[nH]ccc4c32)CC1,8.481486060122112,1
CHEMBL4447631,Cc1cnc(Nc2ccc(N3CCC(N(C)CCO)CC3)c(F)c2)nc1-c1cnn(C(C)C)c1,8.698970004336019,1
CHEMBL4448796,CCNC(=O)c1ccc(Nc2ncc(F)c(N3C[C@H]4CC[C@H](C3)N4C(=O)C3CC3)n2)nc1,5.142546882964734,1
CHEMBL4450347,C[C@H](O)[C@@H](CO)Nc1c(C(N)=O)cnn2cc(-c3ccccc3)cc12,6.6777807052660805,1
CHEMBL4452772,CC(Oc1cc(-c2cccc(N3CCNCC3)c2)cnc1N)c1cc(F)ccc1Cl,5.5968794788241825,1
CHEMBL4453545,CNC(=O)c1cnc(Nc2ccc(C)nn2)cc1Nc1ccccc1S(C)(=O)=O,6.200659450546418,1
CHEMBL4453827,CCS(=O)(=O)c1ccccc1Nc1cc(Nc2ccc(F)cn2)ncc1C(=O)NC,6.726728668260934,2
CHEMBL4456630,N#CC[C@H]1CC[C@H](n2c(CC(=O)N3CCC(N4CCOCC4)CC3)nc3cnc4[nH]ccc4c32)CC1,8.568636235841012,1
CHEMBL4457060,CNC(=O)c1cnc(Nc2cc(C)c(F)cn2)cc1Nc1cccc(-c2n[nH]c(C)n2)c1OC,7.3979400086720375,1
CHEMBL4458435,Cn1cc(Nc2nccc(N3C[C@H]4CC[C@H](C3)N4C(=O)[C@@H]3CC3(F)F)n2)cn1,7.638272163982407,1
CHEMBL4459585,Cn1cc(-c2cn3nccc3c(-c3cnn([C@]4(CC#N)C[C@@H](C#N)C4)c3)n2)cn1,7.795880017344075,7
CHEMBL4460194,CNC(=O)c1cnc(Nc2ccc(F)cn2)cc1Nc1ccccc1OC,8.2839966563652,3
CHEMBL4460904,CCNC(=O)c1ccc(Nc2nccc(N3C[C@@H]4CC[C@H]3CN4C(=O)C3CC3)n2)cc1,6.8297382846050425,1
CHEMBL4461011,CC(C)(C)CNc1c(C(N)=O)cnn2cc(-c3ccccc3)cc12,7.154901959985743,1
CHEMBL4461078,COc1ccc(F)c(Cl)c1C(C)Oc1cc(-c2cnn(C3CCNCC3)c2)cnc1N,6.111259039317107,1
CHEMBL4463007,N#CC[C@H]1CC[C@H](n2c(=O)[nH]c3cnc(Nc4ccc[nH]c4=O)nc32)CC1,6.886056647693163,1
CHEMBL4463195,C[C@H](O)[C@H](CO)Nc1c(C(N)=O)cnn2cc(-c3ccccc3)cc12,5.886056647693163,1
CHEMBL4465076,COc1ccc(F)cc1C(C)Oc1cc(-c2cnn(C3CCNCC3)c2)cnc1N,6.100179497572904,1
CHEMBL4465409,CNC(=O)c1cnc(Nc2ccccn2)cc1Nc1ccccc1C(N)=O,8.795880017344075,1
CHEMBL4466059,O=C(CCCCCCn1cc(Nc2ncc(Cl)c(NC3CC3)n2)cn1)NO,7.920818753952375,1
CHEMBL4466720,NC(=O)c1ccccc1Nc1cc(Nc2ccc(F)cn2)ncc1C(=O)NC1CC1,7.481486060122112,1
CHEMBL4467881,COc1ccc(-c2cc3c(N[C@H](CO)CC(C)C)c(C(N)=O)cnn3c2)cn1,6.7447274948966935,1
CHEMBL4468025,CNC(=O)c1cnc(Nc2cc(C)c(F)cn2)cc1Nc1cccc(C(=O)NC)c1OC,6.853871964321762,1
CHEMBL4469583,C[C@@H](O)[C@H](CO)Nc1c(C(N)=O)cnn2cc(-c3ccccc3)cc12,6.292429823902063,1
CHEMBL4469750,CNC(=O)c1cnc(Nc2ccc(C#N)cn2)cc1Nc1cccc(-c2ncn(C)n2)c1OC,8.673393743112328,2
CHEMBL4469812,CNC(=O)c1cnc(Nc2ccc(F)cn2)cc1Nc1ccccc1SC,7.12668290053121,2
CHEMBL4470339,Cc1nc2cnc3[nH]ccc3c2n1[C@H]1CC[C@H](CC#N)CC1,9.045757490560675,3
CHEMBL4471290,CC(C)CCNc1c(C(N)=O)cnn2cc(-c3ccccc3)cc12,6.795880017344075,1
CHEMBL4471304,Cn1cc(Nc2nccc(N3C[C@H]4CC[C@H](C3)N4C(=O)[C@H]3CC3(F)F)n2)cn1,6.153662887870195,1
CHEMBL4471710,O=C(CCCCCCn1cc(Nc2ncc(Cl)c(Nc3cccc(Cl)c3)n2)cn1)NO,7.173925197299173,1
CHEMBL4472802,CNC(=O)c1cnc(Nc2ccc(N3CCOCC3)cn2)cc1Nc1ccccc1S(C)(=O)=O,7.236572006437063,1
CHEMBL4472924,NC(=O)c1cnn2cc(-c3ccccc3)cc2c1NC1CCCC1,7.698970004336019,1
CHEMBL4473572,CC(C)(O)CNC(=O)Cc1nc2cnc3[nH]ccc3c2n1[C@H]1CC[C@H](CC#N)CC1,8.130768280269024,4
CHEMBL4474729,CNC(=O)c1cnc(Nc2cc(C)c(F)cn2)cc1Nc1cccc(C(=O)NCc2ccccn2)c1OC,6.7447274948966935,1
CHEMBL4476261,CNC(=O)c1cnc(NC(=O)C2CC2)cc1Nc1cccc(-c2ncn(C)n2)c1OC,8.475390988664909,2
CHEMBL4476770,NC(=O)c1nc(-c2c(F)cccc2Cl)oc1Nc1ccc(C(=O)N2CCOCC2)cc1,9.221848749616356,1
CHEMBL4476830,CNC(=O)c1cnc(Nc2ccc(F)cn2)cc1Nc1ccc(F)c(F)c1OC,7.221848749616356,2
CHEMBL4483364,CCc1cc(O)c(F)cc1-c1cc(NS(=O)(=O)CC)c2cn[nH]c2c1,6.799998134593398,1
CHEMBL4483484,CCc1cc(O)c(F)cc1-c1cc(NP(=O)(CC)CC)c2cn[nH]c2c1,4.70000006855703,1
CHEMBL4483513,CCc1cc(O)c(F)cc1-c1cc(NS(=O)(=O)CCC(=O)OC)c2cn[nH]c2c1,6.399996913372259,1
CHEMBL4483629,Clc1nc(NCc2ccccn2)c2c(-c3ccccc3)cccc2n1,4.301029995663981,2
CHEMBL4514898,CC(C)CN1CCC(NC(=O)Cc2nc3cnc4[nH]ccc4c3n2[C@H]2CC[C@H](CC#N)CC2)CC1,8.585026652029182,1
CHEMBL4516272,CN(C)C(=O)c1cnc(Nc2ccc(F)cn2)cc1Nc1ccccc1C(N)=O,7.060480747381382,1
CHEMBL4516561,CCS(=O)(=O)Nc1cc(-c2ccc(O)c(F)c2)cc2[nH]ncc12,6.599997654072044,1
CHEMBL4517702,CCNC(=O)N1[C@@H]2CC[C@@H]1CN(c1ccnc(Nc3cnn(C)c3)n1)C2,7.1487416512809245,1
CHEMBL4518744,CCS(=O)(=O)Nc1cc(-c2ccc(O)c(Cl)c2)cc2[nH]ncc12,6.599997654072044,1
CHEMBL4518786,N#CCC(=O)Nc1ccc(CNc2cc(Nc3ccc(N4CCOCC4)cc3)ncn2)cc1,5.80576325127617,1
CHEMBL4519857,CCNC(=O)c1ccc(Nc2nccc(N3C[C@@H]4C[C@H]3CN4C(=O)CC#N)n2)cc1,6.874765601649758,2
CHEMBL4520790,Cn1cc(Nc2nccc(N3C[C@H]4CC[C@H](C3)N4C(=O)NCC#N)n2)cn1,7.795880017344075,1
CHEMBL4521312,CCc1cc(O)c(F)cc1-c1cc(NS(=O)(=O)C2CCCC2)c2cn[nH]c2c1,6.399996913372259,1
CHEMBL4522317,CCc1cc(O)c(F)cc1-c1cc(NS(=O)(=O)C(F)(F)F)c2cn[nH]c2c1,6.0,1
CHEMBL4524832,CNC(=O)c1cnc(Nc2ccc(F)cn2)cc1Nc1cccc(C(=O)NC)c1OC,7.9300604567993815,2
CHEMBL4525866,CNC(=O)c1cnc(Nc2ncccn2)cc1Nc1ccccc1C(N)=O,7.221848749616356,1
CHEMBL4526032,Cn1cc(Nc2nccc(N3C[C@H]4CC[C@H](C3)N4C(=O)NCC(F)(F)F)n2)cn1,7.552841968657781,1
CHEMBL4526274,O=C(CCCCCn1cc(Nc2ncc(Cl)c(Nc3ccc(Cl)cc3)n2)cn1)NO,7.309803919971486,1
CHEMBL4526283,CNC(=O)c1cnc(Nc2ccc(F)cn2)cc1Nc1ccccc1S(C)(=O)=O,9.036212172654444,5
CHEMBL4527672,CNC(=O)c1cnc(Nc2cc(C)c(F)cn2)cc1Nc1cccc(C(=O)NCC2CC2)c1OC,6.060480747381382,1
CHEMBL4528395,CCc1cc(O)c(F)cc1-c1cc(NS(=O)(=O)c2ccccn2)c2cn[nH]c2c1,6.199998172182031,1
CHEMBL4529314,CCc1cc(O)c(F)cc1-c1cc(NS(=O)(=O)CCN2CCCCC2)c2cn[nH]c2c1,5.200000237109354,1
CHEMBL4530719,CS(=O)(=O)c1ccccc1Nc1cc(Nc2ccc(F)cn2)ncc1C(N)=O,7.481486060122112,3
CHEMBL4531121,CCS(=O)(=O)Nc1cc(-c2ccc(O)cc2)cc2[nH]ncc12,6.399996913372259,1
CHEMBL4531793,CNC(=O)c1cnc(NC(=O)C(C)C)cc1Nc1ccccc1S(C)(=O)=O,5.2839966563652006,1
CHEMBL4534573,CCc1cc(O)c(F)cc1-c1cc(NS(=O)(=O)N(C)C)c2cn[nH]c2c1,6.799998134593398,1
CHEMBL4534832,CNC(=O)c1ccc(Nc2cc(Nc3ccc(F)cn3)ncc2C(=O)NC)c(OC)c1,6.2839966563652006,1
CHEMBL4535276,O=C(C1CC1)N1[C@@H]2CC[C@@H]1CN(c1nc(Nc3cnn(CCO)c3)ncc1F)C2,7.259637310505756,1
CHEMBL4535413,CCc1cc(O)c(F)cc1-c1cc(NS(=O)(=O)CCN2CCN(C)CC2)c2cn[nH]c2c1,5.100000128334196,1
CHEMBL4537259,CNC(=O)c1cnc(Nc2cc(C)c(F)cn2)cc1Nc1cccc(C(N)=O)c1OC,7.2076083105017466,1
CHEMBL4537678,CNC(=O)c1cnc(Nc2ccc(F)cn2)cc1Nc1ccccc1C(N)=O,7.580890389046187,2
CHEMBL4537718,CC(C)(C#N)CNC(=O)Cc1nc2cnc3[nH]ccc3c2n1[C@H]1CC[C@H](CC#N)CC1,8.318758762624412,4
CHEMBL4539805,CC(C)Nc1c(C(N)=O)cnn2cc(-c3ccccc3)cc12,6.823908740944319,1
CHEMBL4541291,CC(Oc1cc(-c2cnn(C3CCNCC3)c2)cnc1N)c1cc(F)ccc1Cl,5.88672530753565,1
CHEMBL4541547,C=CC(=O)Nc1ccc(CNc2cc(Nc3cnn(CCO)c3)ncn2)cc1,5.662540738709344,1
CHEMBL4542289,CCCC(=O)Nc1cc(Nc2ccccc2S(C)(=O)=O)c(C(=O)NC)cn1,5.6020599913279625,1
CHEMBL4543090,CNC(=O)c1cccc(Nc2cc(Nc3ccc(F)cn3)ncc2C(=O)NC)c1,7.356547323513812,1
CHEMBL4543715,CCc1cc(O)c(F)cc1-c1cc(NS(=O)(=O)CCO)c2cn[nH]c2c1,6.199998172182031,1
CHEMBL4543984,CNC(=O)c1cnc(Nc2cc(C)c(F)cn2)cc1Nc1cccc(-c2nnco2)c1OC,6.769551078621726,1
CHEMBL4544320,CNC(=O)c1cnc(Nc2ccccn2)cc1Nc1ccccc1S(C)(=O)=O,7.8121681930195574,2
CHEMBL4546009,CN1CCN(c2ccc(Nc3cc(NCc4cccc(NC(=O)CC#N)c4)ncn3)cc2)CC1,5.814741234703415,1
CHEMBL4547761,COc1ccc(-c2cc3c(N[C@H](CO)[C@@H](C)O)c(C(N)=O)cnn3c2)cn1,7.568636235841013,1
CHEMBL4548200,CNC(=O)c1cnc(Nc2cc(C)ccn2)cc1Nc1ccccc1S(C)(=O)=O,6.721246399047171,1
CHEMBL4549451,COc1ccc(-c2cc3c(N[C@H](CO)CC4CC4)c(C(N)=O)cnn3c2)cn1,6.920818753952375,1
CHEMBL4549667,CN1C(=O)[C@@H](N2CCc3c(nn(Cc4ccccc4)c3Br)C2=O)COc2ccccc21,6.0,1
CHEMBL4550335,CC(Oc1cc(-c2cn[nH]c2)cnc1N)c1cc(F)ccc1Cl,5.837734385701978,1
CHEMBL4550702,Cn1cc(-c2cnc3c(-c4csc(C(=O)NCC(F)(F)F)c4)cnn3c2)cn1,7.036212172654444,1
CHEMBL4551061,CCc1cc(O)ccc1-c1cc(NS(=O)(=O)CC)c2cn[nH]c2c1,6.299997602857746,1
CHEMBL4551312,CCS(=O)(=O)Nc1cc(-c2ccc(O)c(C)c2)cc2[nH]ncc12,6.0999990348465305,1
CHEMBL4551587,CCNC(=O)c1ccc(Nc2nccc(N3C[C@H]4C[C@@H](C3)N4C(=O)C3CC3)n2)cc1,6.696803942579511,1
CHEMBL4552370,CCNC(=O)c1ccc(Nc2ncc(F)c(N3C[C@H]4CC[C@H](C3)N4C(=O)C3CC3)n2)cc1,7.721246399047171,1
CHEMBL4552628,Cc1sc(C(=O)N[C@@H]2[C@H](N)CCCC2(F)F)cc1-c1cnn2cc(Cl)cnc12,5.0,1
CHEMBL4554460,CCc1cc(O)c(F)cc1-c1cc(NS(=O)(=O)C2CC2)c2cn[nH]c2c1,6.499996931948306,1
CHEMBL4554881,CCNC(=O)c1ccc(Nc2nccc(N3C[C@@H]4C[C@H]3CN4C(=O)C3CC3)n2)cc1,5.7599502278873524,1
CHEMBL4554938,CN1C(=O)c2sccc2N(C)c2nc(Nc3ccc(S(N)(=O)=O)cc3)ncc21,7.658206341213616,2
CHEMBL4557190,CNC(=O)c1cnc(Nc2cc(C)c(F)cn2)cc1Nc1cccc(-c2ncn(C)n2)c1OC,8.659379381312206,2
CHEMBL4559521,CCNC(=O)c1cnc(Nc2ccc(F)cn2)cc1Nc1ccccc1C(N)=O,7.886056647693163,1
CHEMBL4559585,CNC(=O)c1cnc(Nc2ccc(C(F)(F)F)cn2)cc1Nc1cccc(-c2ncn(C)n2)c1OC,7.161150909262744,1
CHEMBL4560212,CCc1cc(O)c(F)cc1-c1cc(NS(=O)(=O)c2ccccc2Cl)c2cn[nH]c2c1,6.499996931948306,1
CHEMBL4561663,NC(=O)c1ccccc1Nc1cc(Nc2ccc(F)cn2)ncc1C(N)=O,7.823908740944319,5
CHEMBL4562491,O=C(CCCCCCn1cc(Nc2ncc(Cl)c(N3CCCCC3)n2)cn1)NO,7.221848749616356,1
CHEMBL4562564,Cn1cc(Nc2nccc(N3C[C@H]4CC[C@H](C3)N4C(=O)C3CC3)n2)cn1,7.119186407719209,1
CHEMBL4563039,CCc1cc(O)c(F)cc1-c1cc(NS(=O)(=O)c2cccnc2)c2cn[nH]c2c1,5.59999938302362,1
CHEMBL4563534,N#CCCNC(=O)Cc1nc2cnc3[nH]ccc3c2n1[C@H]1CC[C@H](CC#N)CC1,8.657577319177793,4
CHEMBL4563864,COCCn1cc(Nc2cc(NCc3cccc(NC(=O)CC#N)c3)ncn2)cn1,5.7594507517174005,1
CHEMBL4564280,CN(C)C(=O)/C(C#N)=C/c1ccc(-c2nc3cnc4[nH]ccc4c3n2C2CCCCC2)o1,6.338187314462739,3
CHEMBL4564318,CCS(=O)(=O)Nc1cc(-c2ccc(O)c(OC)c2)cc2[nH]ncc12,5.59999938302362,1
CHEMBL4565054,CNC(=O)c1cnc(Nc2cc(C)c(F)cn2)cc1Nc1cccc(-c2ncnn2C)c1OC,7.060480747381382,1
CHEMBL4566158,CNC(=O)c1cnc(Nc2cc(C)c(F)cn2)cc1Nc1cccc(-c2ccn(C)n2)c1OC,7.102372908709558,1
CHEMBL4567992,CCS(=O)(=O)Nc1cc(-c2ccc(O)cc2C)cc2[nH]ncc12,6.0999990348465305,1
CHEMBL4568087,Cn1cc(-c2cnc3c(-c4csc(C(=O)N[C@@H]5CCCC[C@@H]5N)c4)cnn3c2)cn1,7.2839966563652006,1
CHEMBL4568896,COc1ccc(-c2cc3c(NC(CO)CO)c(C(N)=O)cnn3c2)cn1,6.481486060122113,1
CHEMBL4569337,CNC(=O)c1cnc(Nc2ccccc2)cc1Nc1ccccc1C(N)=O,7.481486060122112,1
CHEMBL4569508,O=C(NCC(F)(F)F)c1cc(-c2cnn3cc(-c4ccc(OCCN5CCCCC5)cc4)cnc23)cs1,7.1249387366083,1
CHEMBL4569613,CCc1cc(O)c(F)cc1-c1cc(NS(=O)(=O)CCOC)c2cn[nH]c2c1,6.299997602857746,1
CHEMBL4571117,[2H]C([2H])([2H])NC(=O)c1cnc(NC(=O)C2CC2)cc1Nc1cccc(-c2ncn(C)n2)c1OC,8.70446769648675,2
CHEMBL4572373,C=CC(=O)Nc1cccc(CNc2cc(Nc3cnn(CCO)c3)ncn2)c1,5.591590421531571,1
CHEMBL4572426,CNC(=O)c1cnc(Nc2cc(C)c(F)cn2)cc1Nc1cccc(-c2ccnn2C)c1OC,6.522878745280337,1
CHEMBL4572855,CNC(=O)c1cnc(Nc2cc(C)c(F)cn2)cc1Nc1cccc(-c2nc[nH]n2)c1OC,7.638272163982407,1
CHEMBL4574614,C=CC(=O)Nc1cccc(CNc2cc(Nc3cnn(CCOC)c3)ncn2)c1,5.640164517660112,1
CHEMBL4575813,O=C(CCCCCCn1cc(Nc2ncc(Cl)c(Nc3ccc(Cl)cc3)n2)cn1)NO,7.026872146400302,1
CHEMBL4577224,CNC(=O)c1cnc(Nc2cc(C)c(F)cn2)cc1Nc1cccc(C(=O)N(C)C)c1OC,6.1249387366083,1
CHEMBL4577523,COc1nn(C)cc1Nc1nccc(-c2c[nH]c3c(NC(=O)[C@@H](C)N4CCN(C)CC4)cccc23)n1,5.552841968657781,1
CHEMBL4577685,CCS(=O)(=O)Nc1cc(-c2c(C)cc(O)cc2C)cc2[nH]ncc12,5.200000237109354,1
CHEMBL4578980,CNC(=O)c1cnc(Nc2cc(C)c(F)cn2)cc1Nc1cccc(C(=O)NCCN2CCOCC2)c1OC,6.795880017344075,1
CHEMBL4580425,CCc1cc(O)c(F)cc1-c1cc(NS(=O)(=O)CC2CCC2)c2cn[nH]c2c1,6.0999990348465305,1
CHEMBL4580625,CNC(=O)c1cnc(Nc2cc(C)nc(C)n2)cc1Nc1cccc(-c2ncn(C)n2)c1OC,7.721246399047171,1
CHEMBL4580693,CNC(=O)c1cnc(Nc2ncccc2F)cc1Nc1ccccc1C(N)=O,8.229147988357855,1
CHEMBL4580985,Cn1cc(Nc2ncc(F)c(N3C[C@H]4CC[C@H](C3)N4C(=O)C3CC3)n2)cn1,7.275724130399211,1
CHEMBL4581296,CNC(=O)c1cnc(Nc2ccc(F)cn2)cc1Nc1ccc(C(N)=O)cc1OC,6.4089353929735005,1
CHEMBL4582205,CNC(=O)c1cnc(Nc2ccc(F)cn2)cc1Nc1cccc(C(N)=O)c1OC,6.920818753952375,1
CHEMBL4582390,N#CC[C@H]1CC[C@H](n2c(CC(=O)N[C@H]3CC[C@H](O)CC3)nc3cnc4[nH]ccc4c32)CC1,8.42021640338319,1
CHEMBL4583185,[2H]C([2H])([2H])NC(=O)c1nnc(Nc2ccc(F)cn2)cc1Nc1ccccc1S(C)(=O)=O,7.967771005386541,2
CHEMBL4583948,CNC(=O)c1cnc(Nc2ccc(F)cn2)cc1Nc1ccccc1,7.958607314841775,1
CHEMBL4587406,CCNC(=O)c1ccc(Nc2nccc(N3C[C@H]4CC[C@H](C3)N4C(=O)C3CC3)n2)cc1,7.494850021680094,1
CHEMBL4587924,CNC(=O)c1cnc(Nc2ccc(F)cn2)cc1Nc1cccc(C#N)c1OC,6.2441251443275085,1
CHEMBL4588333,N#CC[C@H]1CC[C@H](n2c(CC(=O)NCc3ccc(F)cc3)nc3cnc4[nH]ccc4c32)CC1,7.913640169325252,1
CHEMBL4589842,CCS(=O)(=O)Nc1cc(-c2ccc(O)cc2Cl)cc2[nH]ncc12,6.499996931948306,1
CHEMBL4590082,Cc1cnc(Nc2ccc(N3CCOCC3)cc2)nc1-c1cc2c(o1)CCN(C(=O)CC#N)C2,8.522878745280337,1
CHEMBL4593058,C=CC(=O)Nc1ccc(CNc2cc(Nc3cnn(CCOC)c3)ncn2)cc1,5.63921731012672,1
CHEMBL4594275,N#CCC1CCN(c2nc(Nc3ccc(N4CCC(O)CC4)cc3)c3c(=O)[nH]ncc3n2)CC1,8.096910013008056,1
CHEMBL4594441,COc1cc(Nc2ncc(C)c(Nc3ccc4oc(=O)[nH]c4c3)n2)cc(C)c1F,7.920818753952375,1
CHEMBL4596392,CNC(=O)c1nnc(NC(=O)C2CC2)cc1Nc1cccc(-c2ncn(C)n2)c1OC,8.244125144327509,5
CHEMBL4632897,Cc1[nH]nc2[nH]c(=O)cc([C@H]3CC[C@H](NC(=O)C4CCCC4)CC3)c12,5.167491087293763,1
CHEMBL4632980,Cc1[nH]nc2[nH]c(=O)c(C#N)c(C3CCCCC3)c12,4.958607314841775,1
CHEMBL4633028,Cc1[nH]nc2[nH]c(=O)cc([C@H]3CC[C@H](NC(=O)C4CC4)CC3)c12,5.552841968657781,1
CHEMBL4634289,Cc1[nH]nc2[nH]c(=O)cc([C@@H]3C[C@@H]4C[C@H]3C[C@@H]4CC#N)c12,6.657577319177793,1
CHEMBL4634433,C[C@@H]1[C@@H]2CN(c3nc(Nc4cnn(C)c4)ncc3F)C[C@]12NC(=O)[C@@H]1C[C@H]1C#N,7.455931955649724,4
CHEMBL4635104,C[C@@H]1[C@@H]2CN(c3nc(Nc4cnn(C)c4)ncc3F)C[C@]12NC(=O)[C@H]1CC1(F)F,7.251811972993799,5
CHEMBL4635334,O=C(N[C@]12C[C@H]1CN(c1nc(Nc3cnn(CCO)c3)ncc1F)C2)C1CC1,5.275478372881437,1
CHEMBL4635464,Cc1[nH]nc2[nH]c(=O)cc(-c3ccccc3)c12,5.4089353929735005,1
CHEMBL4635625,C[C@@H]1[C@@H]2CN(c3nc(Nc4cnn(C)c4)ncc3F)C[C@]12NC(=O)[C@@H]1CC1(F)F,7.552841968657781,5
CHEMBL4636220,Cc1[nH]nc2[nH]c(=O)cc([C@H]3C[C@H]4CC[C@@H]3C4)c12,6.366531544420414,1
CHEMBL4636368,Cc1[nH]nc2[nH]c(=O)cc([C@H]3CC[C@H](N)CC3)c12,4.795880017344075,1
CHEMBL4636371,Cc1[nH]nc2[nH]c(=O)cc(C3CCCCC3)c12,6.173925197299173,1
CHEMBL4636795,CN(C)C(=O)c1ccc(Nc2cc(N3CC[C@@](C#N)(C4CC4)C3=O)ccn2)nc1,8.958607314841775,1
CHEMBL4637190,C[C@@H]1[C@@H]2CN(c3nc(Nc4cnn(CCO)c4)ncc3F)C[C@]12NC(=O)[C@H]1C[C@@H]1C#N,7.494850021680094,1
CHEMBL4637587,N#C[C@]1(C2CC2)C(=O)N2C[C@H]1COCC(=O)NCc1cccc(n1)Nc1cc2ccn1,6.386056647693163,2
CHEMBL4638206,CCNC(=O)c1ccc(Nc2nccc(N3CC4CCC(C3)N4C(=O)C3CC3)n2)cc1,7.494850021680094,1
CHEMBL4638696,Cc1[nH]nc2[nH]c(=O)c(CO)c(C3CCCCC3)c12,6.187086643357144,1
CHEMBL4638906,N#C[C@H]1C[C@@H]1C(=O)N[C@@]12C[C@@H]1CN(c1nc(Nc3cnn(CCO)c3)ncc1F)C2,7.173925197299173,1
CHEMBL4638953,Cc1[nH]nc2[nH]c(=O)cc([C@H]3CC[C@H](NC(=O)[C@H]4CC4(F)F)CC3)c12,5.568636235841013,1
CHEMBL4639973,Cc1[nH]nc2[nH]c(=O)cc([C@H]3CC[C@H](NC(=O)[C@@H]4CC4(F)F)CC3)c12,6.657577319177793,1
CHEMBL4640314,O=C(C1CC1)N1C2CCC1CN(c1nc(Nc3cnn(CCO)c3)ncc1F)C2,7.259637310505756,1
CHEMBL4640335,Cc1[nH]nc2[nH]c(=O)cc(C3CCCC3)c12,6.080921907623926,1
CHEMBL4640521,Cc1[nH]nc2[nH]c(=O)cc([C@H]3CCCC[C@H]3C)c12,6.154901959985743,1
CHEMBL4640981,O=C(N[C@@]12C[C@@H]1CN(c1nc(Nc3cnn(CCO)c3)ncc1F)C2)C1CC1,6.856985199745905,1
CHEMBL4641006,N#C[C@]1(C2CC2)C(=O)N2C[C@H]1COCC(=O)NCCCc1cccc(n1)Nc1cc2ccn1,7.502182402701225,2
CHEMBL4641076,Cc1[nH]nc2[nH]c(=O)cc(CC3CCC3)c12,5.958607314841775,1
CHEMBL4642546,Cc1[nH]nc2[nH]c(=O)c(CCO)c(C3CCCCC3)c12,5.468521082957745,1
CHEMBL4643061,Cc1[nH]nc2[nH]c(=O)cc([C@H]3C[C@H]4C[C@@H]3C[C@@H]4CC#N)c12,7.698970004336019,1
CHEMBL4643392,N#C[C@]1(C2CC2)C(=O)N2C[C@H]1COCCCCOCc1cccc(n1)Nc1cc2ccn1,7.493792312618783,2
CHEMBL4643899,N#C[C@]1(C2CC2)C(=O)N2C[C@H]1COC/C=C\COCc1cccc(n1)Nc1cc2ccn1,7.434511654197191,2
CHEMBL4644138,N#C[C@@H]1C[C@H]1C(=O)N[C@@]12C[C@@H]1CN(c1nc(Nc3cnn(CCO)c3)ncc1F)C2,7.5376020021010435,1
CHEMBL4644578,C[C@@H]1[C@@H]2CN(c3nc(Nc4cnn(CCO)c4)ncc3F)C[C@]12NC(=O)[C@@H]1C[C@H]1C#N,7.431798275933005,1
CHEMBL4645039,CCNC(=O)c1ccc(Nc2nccc(N3CC4CC(C3)N4C(=O)C3CC3)n2)cc1,6.679853713888946,1
CHEMBL4645110,N#C[C@]1(C2CC2)C(=O)N2C[C@H]1COC/C=C/COCc1cccc(n1)Nc1cc2ccn1,7.1386830387330935,2
CHEMBL4645113,O=c1cc(C2CCCCC2)c2c[nH]nc2[nH]1,4.619788758288394,1
CHEMBL4645258,N#C[C@]1(C2CC2)C(=O)N2C[C@H]1COCC(=O)NCCc1cccc(n1)Nc1cc2ccn1,7.158026434624244,2
CHEMBL4645613,Cc1[nH]nc2[nH]c(=O)cc([C@@H]3C[C@H]4CC[C@@H]3C4)c12,6.823908740944319,1
CHEMBL4645814,Cc1[nH]nc2[nH]c(=O)cc([C@H]3CC[C@H](CC#N)CC3)c12,6.886056647693163,1
CHEMBL4647115,Cc1[nH]nc2[nH]c(=O)cc([C@@H]3C[C@@H]4C[C@H]3C[C@H]4CC#N)c12,6.7447274948966935,1
CHEMBL4647223,C[C@@H]1[C@@H]2CN(c3nc(Nc4cnn(CCO)c4)ncc3F)C[C@]12NC(=O)C1CC1,7.2441251443275085,1
CHEMBL4647506,Cc1[nH]nc2[nH]c(=O)cc([C@H]3CC[C@H](O)CC3)c12,5.376750709602099,1
CHEMBL4648246,O=c1cc(C2CCCCC2)c2c(C3CC3)[nH]nc2[nH]1,5.795880017344075,1
CHEMBL4648612,Cc1[nH]nc2[nH]c(=O)cc(C3CC4CCC3CC4)c12,6.657577319177793,1
CHEMBL4648631,C[C@@H]1[C@@H]2CN(c3nc(Nc4cnn(C)c4)ncc3F)C[C@]12NC(=O)[C@H]1C[C@@H]1C#N,7.309803919971486,1
CHEMBL4648820,Cc1[nH]nc2[nH]c(=O)cc([C@H]3C[C@H]4C[C@@H]3C[C@H]4CC#N)c12,6.481486060122113,1
CHEMBL4649054,Cc1[nH]nc2[nH]c(=O)cc([C@H]3CC[C@H](C(=O)NC4CC4)CC3)c12,4.853871964321762,1
CHEMBL4740088,CCN1CC(CC#N)(n2cc(-c3nc(-c4cnn(C)c4)cn4nccc34)cn2)C1,7.337242168318426,1
CHEMBL4740298,Cn1cc(-c2cn3nccc3c(-c3cnn([C@]4(CC#N)C[C@H](C#N)C4)c3)n2)cn1,8.221848749616356,5
CHEMBL4740831,N#CC[C@]1(n2cc(-c3nc(-c4cn[nH]c4)cn4nccc34)cn2)C[C@H](C#N)C1,7.356547323513812,1
CHEMBL4741075,Cc1cnc(Nc2ccc3c(c2)CN(C(=O)/C=C/C(=O)c2ccccc2)CC3)nc1-c1cnn(C(C)C)c1,7.2839966563652006,1
CHEMBL4741376,CNC(=O)c1cnc2[nH]ccc2c1NC1CCCN(Cc2ccc(OC)cc2)CC1,7.29073003902417,1
CHEMBL4741588,COCCn1cc(Nc2cc(-c3cccc(NC(=O)CC#N)c3)ncn2)cn1,5.6451235774837665,1
CHEMBL4741903,Cn1cc(-c2cn3nccc3c(-c3cnn(C4(CC#N)CN(CC#N)C4)c3)n2)cn1,8.154901959985743,5
CHEMBL4742766,CNC(=O)c1cnc2[nH]ccc2c1N[C@@H]1CCN(Cc2cccc(OC)c2)C[C@H]1F,6.232183846232871,2
CHEMBL4742822,CNC(=O)c1cnc2[nH]ccc2c1NC1CCN(Cc2ccc(Cl)cc2)C1,6.181972158140744,1
CHEMBL4743357,C/C=C/C(=O)Nc1cccc(-c2ccnc(Nc3ccc(N4CCOCC4)cc3)n2)c1,5.576262750017671,1
CHEMBL4744048,CNC(=O)c1cnc2[nH]ccc2c1N[C@@H]1CCN(Cc2ccccc2)[C@@H](C)C1,6.559090917934782,1
CHEMBL4744519,COCCn1cc(Nc2nccc(-c3ccc(NC(=O)CC#N)cc3)n2)cn1,5.602755418989614,1
CHEMBL4744772,CNC(=O)c1cnc2[nH]ccc2c1N[C@@H]1CCN(Cc2ccc(C#N)cc2)[C@H](C)C1,8.171984935776024,1
CHEMBL4746186,CNC(=O)c1cnc2[nH]ccc2c1N[C@@H]1CCN(Cc2ccc(OC)cc2)[C@@H](C)C1,6.297569463554475,1
CHEMBL4746272,C=CC(=O)Nc1ccc(-c2ccnc(Nc3ccc(N4CCOCC4)cc3)n2)cc1,5.555486793665957,1
CHEMBL4746952,CNC(=O)c1cnc2[nH]ccc2c1NCC1CCN(Cc2ccc(Cl)cc2)CC1,7.31069114087638,1
CHEMBL4747270,CNC(=O)c1cnc2[nH]ccc2c1NC1CCN(Cc2ccccc2)CC1,6.23210238398191,1
CHEMBL4747285,CNC(=O)c1cnc2[nH]ccc2c1NC1CCCN(Cc2ccc(C#N)cc2)CC1,6.920818753952375,1
CHEMBL4747591,Cn1cc(Nc2nccc(N3CC4CCC(C3)N4C(=O)[C@@H]3CC3(F)F)n2)cn1,7.961134410173804,2
CHEMBL4747742,CNC(=O)c1cnc2[nH]ccc2c1N[C@@H]1CCN(Cc2cccc(OC)c2)C[C@@H]1F,6.935542010773082,1
CHEMBL4748354,Cc1cnc(Nc2ccc3c(c2)CCN(C(=O)/C=C/C(=O)c2ccccc2)C3)nc1-c1cnn(C(C)C)c1,7.102372908709558,1
CHEMBL4749677,CNC(=O)c1cnc2[nH]ccc2c1NCC1CCN(Cc2ccc(OC)cc2)CC1,6.698970004336019,1
CHEMBL4750448,N#CC[C@]1(n2cc(-c3nc(-c4cc[nH]n4)cn4nccc34)cn2)C[C@H](C#N)C1,7.585026652029182,1
CHEMBL4750605,CNC(=O)c1cnc2[nH]ccc2c1NC1CCN(Cc2cccc(Cl)c2)C1,6.224025668870631,1
CHEMBL4750665,O=C(NC1CC1)c1cnc2[nH]ccc2c1NC1CCN(Cc2ccccc2)CC1,5.870954940112042,1
CHEMBL4750779,CNC(=O)c1cnc2[nH]ccc2c1N[C@@H]1CCN(Cc2cccc(OC)c2)[C@@H](C)C1,6.809668301829708,1
CHEMBL4753549,Cc1cnc(Nc2ccc3c(c2)CCN(C(=O)/C=C/CN(C)C)C3)nc1-c1cnn(C(C)C)c1,7.1249387366083,2
CHEMBL4754005,Cn1ccc(-c2cn3nccc3c(-c3cnn([C@]4(CC#N)C[C@@H](C#N)C4)c3)n2)n1,7.173925197299173,1
CHEMBL4754557,C=CC(=O)Nc1cccc(-c2ccnc(Nc3cnn(CCOC)c3)n2)c1,5.541966807503494,1
CHEMBL4754856,COC(=O)/C=C/CN1CCc2cc(Nc3ncc(C)c(-c4cnn(C(C)C)c4)n3)ccc2C1,7.055517327849832,1
CHEMBL4755612,CNC(=O)c1cnc2[nH]ccc2c1N[C@@H]1CCN(Cc2cccc(OC)c2)[C@H](C)C1,7.0996328713435295,1
CHEMBL4755671,COCCn1cc(Nc2cc(-c3ccc(NC(=O)CC#N)cc3)ncn2)cn1,5.727694155597914,1
CHEMBL4756422,Cc1cnc(Nc2ccc3c(c2)CN(C(=O)/C=C/CN(C)C)CC3)nc1-c1cnn(C(C)C)c1,7.346787486224656,1
CHEMBL4756788,CNC(=O)c1cnc2[nH]ccc2c1NC1CCN(Cc2ccccc2OC)CC1,5.3788237182249645,1
CHEMBL4758753,CO[C@H]1C[C@](CC#N)(n2cc(-c3nc(-c4cnn(C)c4)cn4nccc34)cn2)C1,7.657577319177793,5
CHEMBL4758891,C=CC(=O)Nc1cccc(-c2ccnc(Nc3ccc(N4CCOCC4)cc3)n2)c1,5.612788199686269,1
CHEMBL4759320,CNC(=O)c1cnc2[nH]ccc2c1NC1CC2CCC(C1)N2Cc1cccc(Cl)c1,6.534617148551582,1
CHEMBL4759666,CNC(=O)c1cnc2[nH]ccc2c1NC1CCCN(Cc2cccc(Cl)c2)CC1,7.223298816011589,1
CHEMBL4759953,Cc1ccc(C(=O)/C=C/C(=O)N2CCc3cc(Nc4ncc(C)c(-c5cnn(C(C)C)c5)n4)ccc3C2)cc1,7.0,1
CHEMBL4761132,CC(=O)N1CC(CC#N)(n2cc(-c3nc(-c4cnn(C)c4)cn4nccc34)cn2)C1,6.168770306132936,1
CHEMBL4761365,CNC(=O)c1cnc2[nH]ccc2c1N[C@@H]1CCN(Cc2ccc(Cl)cc2)[C@H](C)C1,7.048726610343005,2
CHEMBL4761611,Cn1cc(-c2cn3nccc3c(-c3cnn(C4(CC#N)CN(CC5CC5)C4)c3)n2)cn1,7.3979400086720375,1
CHEMBL4761631,CNC(=O)c1cnc2[nH]ccc2c1NC1CCCN(Cc2ccccc2)CC1,6.559090917934782,1
CHEMBL4763801,CNC(=O)c1cnc2[nH]ccc2c1NC1CCN(Cc2cccc(OC)c2)CC1,5.916497380169733,1
CHEMBL4764176,CO[C@H]1C[C@@](CC#N)(n2cc(-c3nc(-c4cnn(C)c4)cn4nccc34)cn2)C1,7.795880017344075,5
CHEMBL4776752,[2H]C([2H])([2H])NC(=O)c1nnc(NC(=O)C2CC2)cc1Nc1cccc(-c2nccc(OC)n2)c1OC,7.301029995663981,3
CHEMBL4777175,[2H]C([2H])([2H])NC(=O)c1nnc(NC(=O)C2CC2)cc1Nc1cccc(-c2ncc(C(C)(O)C(F)(F)F)cn2)c1OC,8.065501548756432,3
CHEMBL4777200,CNC(=O)c1cnc2[nH]ccc2c1N[C@@H]1CCN(Cc2cccc(Cl)c2)C[C@H]1F,6.511449283499556,1
CHEMBL4777528,[2H]C([2H])([2H])NC(=O)c1nnc(NC(=O)C2CC2)cc1Nc1cccc(-c2cnc(C(=O)N(C)C)cn2)c1OC,7.91369853439507,2
CHEMBL4777577,CNC(=O)c1cnc2[nH]ccc2c1N[C@@H]1CCN(Cc2ccc(Cl)cc2)[C@@H](C)C1,6.815308569182402,1
CHEMBL4777648,[2H]C([2H])([2H])NC(=O)c1nnc(NC(=O)C2CC2)cc1Nc1cccc(-c2ccncn2)c1OC,7.698970004336019,3
CHEMBL4777969,Cn1ccc(-c2cn3nccc3c(-c3cnn([C@]4(CC#N)C[C@H](C#N)C4)c3)n2)n1,8.0,1
CHEMBL4778704,Cn1cc(-c2cn3nccc3c(-c3cnn(C4(CC#N)CN(CC(F)(F)F)C4)c3)n2)cn1,8.0,1
CHEMBL4779060,CNC(=O)c1cnc2[nH]ccc2c1N[C@@H]1CCN(Cc2cccc(Cl)c2)[C@H](C)C1,7.313363730737707,1
CHEMBL4779340,CNC(=O)c1cnc2[nH]ccc2c1N[C@@H]1CCN(Cc2ccc(OC)cc2)[C@H](C)C1,6.79317412396815,1
CHEMBL4780057,[2H]C([2H])([2H])NC(=O)c1nnc(NC(=O)C2CC2)cc1Nc1cccc(-c2nccc(C)n2)c1OC,7.167491087293763,3
CHEMBL4780233,[2H]C([2H])([2H])NC(=O)c1cnc(NC(=O)C2CC2)cc1Nc1cccc(-c2cnc(C)cn2)c1OC,7.5376020021010435,3
CHEMBL4780288,Cn1cc(-c2cn3nccc3c(-c3cnn([C@]4(CC#N)C[C@H](CC#N)C4)c3)n2)cn1,8.096910013008056,5
CHEMBL4780315,[2H]C([2H])([2H])NC(=O)c1cnc(NC(=O)C2CC2)cc1Nc1cccc(-c2cnc(OC)cn2)c1OC,7.522878745280337,3
CHEMBL4781679,CNC(=O)c1cnc2[nH]ccc2c1NC1CCN(Cc2cccc(C#N)c2)CC1,6.1487416512809245,1
CHEMBL4781706,CNC(=O)c1cnc2[nH]ccc2c1NC1CCCN(Cc2ccc(Cl)cc2)CC1,7.306273051076353,1
CHEMBL4781973,Cn1cc(-c2cn3nccc3c(-c3cnn([C@]4(CC#N)C[C@@H](CC#N)C4)c3)n2)cn1,7.619788758288394,5
CHEMBL4781984,N#CC[C@]1(n2cc(-c3nc(-c4cn[nH]c4)cn4nccc34)cn2)C[C@@H](C#N)C1,8.096910013008056,1
CHEMBL4782355,Cn1cc(-c2cn3nccc3c(-c3cnn(C4(CC#N)CN(CCO)C4)c3)n2)cn1,6.723538195826756,1
CHEMBL4782449,[2H]C([2H])([2H])NC(=O)c1nnc(NC(=O)C2CC2)cc1Nc1cccc(-c2cnccn2)c1OC,7.5376020021010435,3
CHEMBL4782814,Cc1cc(Nc2cc3ncccc3c(N[C@H]3CC[C@@H]4C[C@H](C3)N4CCC#N)n2)n[nH]1,7.494850021680094,1
CHEMBL4783938,CNC(=O)c1cnc2[nH]ccc2c1N[C@H]1CCN(Cc2ccc(Cl)cc2)[C@@H](C)C1,8.087777943467584,1
CHEMBL4784391,[2H]C([2H])([2H])NC(=O)c1nnc(NC(=O)C2CC2)cc1Nc1cccc(-c2ncc(F)cn2)c1OC,8.108048210363632,4
CHEMBL4784838,[2H]C([2H])([2H])NC(=O)c1nnc(NC(=O)C2CC2)cc1Nc1cc(F)cc(-c2ncc(C(C)(C)O)cn2)c1OC,7.7447274948966935,3
CHEMBL4785512,[2H]C([2H])([2H])NC(=O)c1nnc(NC(=O)C2CC2)cc1Nc1cccc(-c2ccc(C(=O)N(C)C)cn2)c1OC,7.6153113369619305,2
CHEMBL4785910,CNC(=O)c1cnc2[nH]ccc2c1NC1CC2CCC(C1)N2Cc1ccc(C#N)cc1,7.017276612331455,1
CHEMBL4785957,[2H]C([2H])([2H])NC(=O)c1nnc(NC(=O)C2CC2)cc1Nc1cccc(-c2ncc(C)cn2)c1OC,7.886056647693163,3
CHEMBL4785998,C[C@@H]1C[C@H](Nc2c(C(N)=O)cnc3[nH]ccc23)CCN1Cc1cccc(Cl)c1,7.315154638355588,1
CHEMBL4786466,CNC(=O)c1cnc2[nH]ccc2c1NC1CC2CCC(C1)N2Cc1ccc(OC)cc1,7.101823516502323,1
CHEMBL4787133,CNC(=O)c1cnc2[nH]ccc2c1NC1CCCN(Cc2cccc(OC)c2)CC1,7.369572124974976,1
CHEMBL4787411,Cn1cc(-c2cc(-c3cnn(C4(CC#N)CN(CC(F)(F)F)C4)c3)n3ccnc3c2)cn1,6.56810073065975,2
CHEMBL4787731,COc1cccc(CN2CC[C@@H](Nc3c(C(N)=O)cnc4[nH]ccc34)C[C@H]2C)c1,6.804100347590766,1
CHEMBL4787974,CNC(=O)c1cnc2[nH]ccc2c1NC1CC2CCC(C1)N2Cc1ccc(Cl)cc1,6.872895201635193,1
CHEMBL4788122,[2H]C([2H])([2H])NC(=O)c1nnc(NC(=O)C2CC2)cc1Nc1cccc(-c2cccnn2)c1OC,7.161150909262744,3
CHEMBL4789015,[2H]C([2H])([2H])NC(=O)c1cnc(NC(=O)C2CC2)cc1Nc1cccc(-c2ncccn2)c1OC,7.7905180846481885,2
CHEMBL4789273,Cc1ccc(C(=O)/C=C/C(=O)N2CCc3ccc(Nc4ncc(C)c(-c5cnn(C(C)C)c5)n4)cc3C2)cc1,7.522878745280337,1
CHEMBL4789639,[2H]C([2H])([2H])NC(=O)c1cnc(NC(=O)C2CC2)cc1Nc1cccc(-c2ncc(F)cn2)c1OC,8.0,5
CHEMBL4789693,CNC(=O)c1cnc2[nH]ccc2c1N[C@@H]1CCN(Cc2cccc(Cl)c2)[C@@H](C)C1,7.209714835966758,1
CHEMBL4791733,N#CC[C@]1(n2cc(-c3nc(-c4cc[nH]n4)cn4nccc34)cn2)C[C@@H](C#N)C1,8.045757490560675,1
CHEMBL4792231,[2H]C([2H])([2H])NC(=O)c1nnc(NC(=O)C2CC2)cc1Nc1cccc(-c2ncc(C(C)(C)O)cn2)c1OC,7.71648681692047,2
CHEMBL4792694,[2H]C([2H])([2H])NC(=O)c1nnc(NC(=O)C2CC2)cc1Nc1cccc(-c2ccc(C(=O)N(C)C)nn2)c1OC,7.657577319177793,2
CHEMBL4792780,[2H]C([2H])([2H])NC(=O)c1nnc(NC(=O)C2CC2)cc1Nc1cc(F)cc(-c2ncc(C(=O)N(C)C)cn2)c1OC,8.0,3
CHEMBL4793760,[2H]C([2H])([2H])NC(=O)c1cnc(NC(=O)C2CC2)cc1Nc1cc(F)cc(-c2ncccn2)c1OC,7.769551078621726,3
CHEMBL4795231,[2H]C([2H])([2H])NC(=O)c1nnc(NC(=O)C2CC2)cc1Nc1cccc(-c2ncc(C(=O)N(C)C)cn2)c1OC,7.69339632394812,2
CHEMBL4795299,Cn1cc(-c2cc(-c3cnn(C4(CC#N)CN(CC(F)(F)F)C4)c3)n3ncnc3c2)cn1,6.328875535861691,2
CHEMBL4795901,CNC(=O)c1cnc2[nH]ccc2c1NC1CC2CCC(C1)N2Cc1cccc(OC)c1,7.054531414868181,1
CHEMBL4796821,[2H]C([2H])([2H])NC(=O)c1nnc(NC(=O)C2CC2)cc1Nc1cccc(-c2ccc(C(C)(C)O)cn2)c1OC,7.920818753952375,3
CHEMBL4796925,C[C@H](CO)n1cnnc1-c1cccc(NC(=O)Nc2cc3ccccn3n2)n1,5.772370350428991,1
CHEMBL4797596,[2H]C([2H])([2H])NC(=O)c1nnc(NC(=O)C2CC2)cc1Nc1cccc(-c2ccc(C(C)(C)O)nn2)c1OC,7.795880017344075,3
CHEMBL4798378,Cc1cnc(Nc2ccc3c(c2)CCN(CC#N)C3)nc1-c1cnn(C(C)C)c1,7.251811972993799,1
CHEMBL4799019,[2H]C([2H])([2H])NC(=O)c1nnc(NC(=O)C2CC2)cc1Nc1cccc(-c2ncc(OC)cn2)c1OC,7.886056647693163,3
CHEMBL4799031,[2H]C([2H])([2H])NC(=O)c1nnc(NC(=O)C2CC2)cc1Nc1cccc(-c2ncccn2)c1OC,7.769551078621726,3
CHEMBL4799559,[2H]C([2H])([2H])NC(=O)c1nnc(NC(=O)C2CC2)cc1Nc1cccc(-c2cnc(C(C)(C)O)cn2)c1OC,7.853871964321762,3
CHEMBL4799830,[2H]C([2H])([2H])NC(=O)c1nnc(NC(=O)C2CC2)cc1Nc1cccc(-c2ccccn2)c1OC,7.3872161432802645,3
CHEMBL4800399,[2H]C([2H])([2H])NC(=O)c1nnc(NC(=O)C2CC2)cc1Nc1cccc(-c2ncc(C(=O)N(CC)CC)cn2)c1OC,7.723665891943903,2
CHEMBL4802163,CCc1cc(O)ccc1-c1ccc2c(-c3nc4c([nH]3)C[C@@H](C(=O)N3CC(N(C)C)C3)N(C(C)C)C4)n[nH]c2c1,8.600326278518962,1
CHEMBL4845662,Cc1cnc(Nc2ccc3c(c2)CNC3=O)nc1-c1cnn(CCC#N)c1,9.173925197299173,1
CHEMBL4845758,CCCS(=O)(=O)N1CCc2cc(Nc3ncc(C)c(-c4cnn(C(C)C)c4)n3)ccc21,8.415668775632469,1
CHEMBL4846148,Cc1cnc(Nc2ccc3c(c2)CCN3S(=O)(=O)c2ccc(C(F)(F)F)cc2)nc1-c1cnn(C2CCC2)c1,7.920818753952375,1
CHEMBL4846163,Cc1cnc(Nc2ccc3c(c2)CCN3S(=O)(=O)c2ccc3c(c2)CC(=O)N3C)nc1-c1cnn(C(C)C)c1,7.200797343699475,1
CHEMBL4846921,CCN1CCN(c2ccc(Nc3ncc4scc(-c5cccc(NS(C)(=O)=O)c5)c4n3)cc2)CC1,8.366531544420413,1
CHEMBL4849458,Cc1cnc(Nc2ccc3c(c2)CCN3S(=O)(=O)C2CC2)nc1-c1cnn(C(C)C)c1,8.570247719997592,1
CHEMBL4849617,CC(C)(C)c1ccc(C(=O)N2CCc3cc(Nc4ncc(F)c(-c5cnn(CCC#N)c5)n4)ccc32)cc1,7.3979400086720375,1
CHEMBL4850588,CNC(=O)c1ccc(Nc2ncc(C(F)(F)F)c(NCc3ccccc3Cl)n2)cc1,7.408156588775215,1
CHEMBL4851075,N#CCCn1cc(-c2nc(Nc3ccc4c(c3)CCN4)ncc2F)cn1,8.698970004336019,1
CHEMBL4851606,Cc1cnc(Nc2ccc3c(c2)CCN3S(=O)(=O)c2ccc(C(F)(F)F)cc2)nc1-c1cnn(C)c1,6.8297382846050425,1
CHEMBL4852080,Cc1cnc(Nc2ccc3c(c2)CCN3S(=O)(=O)c2ccc3c(c2)CC(=O)N3)nc1-c1cnn(C(C)C)c1,7.909389292171594,1
CHEMBL4853438,N#CCCn1cc(-c2nc(Nc3ccc4c(c3)CCN4S(=O)(=O)c3ccc(C(F)(F)F)cc3)ncc2F)cn1,8.045757490560675,1
CHEMBL4854514,Cc1cnc(Nc2ccc3c(c2)CCN3C(=O)Cc2ccc(OC(F)(F)F)cc2)nc1-c1cnn(C(C)C)c1,7.291919189531768,1
CHEMBL4854704,Cc1cnc(Nc2ccc3c(c2)CCN3C(=O)C2CC2)nc1-c1cnn(C(C)C)c1,8.424812155072338,1
CHEMBL4856634,N#CCCn1cc(-c2nc(Nc3ccc4c(c3)CCN4C(=O)C3(C#N)CC3)ncc2F)cn1,8.221848749616356,1
CHEMBL4858303,Cc1cnc(Nc2ccc3c(c2)CCN3C(=O)CCN2CCOCC2)nc1-c1cnn(C(C)C)c1,8.01592296609717,1
CHEMBL4861517,Cc1cnc(Nc2ccc3c(c2)CCN3C(=O)c2cccc(C(F)(F)F)c2)nc1-c1cnn(C(C)C)c1,7.836838625022982,1
CHEMBL4862108,Cc1cnc(Nc2ccc3c(c2)CCN3C(=O)CN2CCS(=O)(=O)CC2)nc1-c1cnn(C(C)C)c1,8.701146923590294,1
CHEMBL4862231,Cc1cnc(Nc2ccc3c(c2)CCN3S(=O)(=O)c2ccc(C(F)(F)F)cc2)nc1-c1cnn(C(C)C)c1,7.795880017344075,1
CHEMBL4862564,Cc1cnc(Nc2ccc(NS(=O)(=O)c3ccc(C(F)(F)F)cc3)c(F)c2)nc1-c1cnn(C(C)C)c1,7.886056647693163,1
CHEMBL4862667,Cc1cnc(Nc2ccc3c(c2)CCN3S(=O)(=O)c2ccc(C(F)(F)F)cc2)nc1-c1cnn(C2CC2)c1,7.221848749616356,1
CHEMBL4864328,Cc1cnc(Nc2ccc3c(c2)CCN3C(=O)[C@@H]2C[C@@H]2F)nc1-c1cnn(C(C)C)c1,8.202040356262804,1
CHEMBL4864387,N#CCCn1cc(-c2nc(Nc3ccc4c(ccn4S(=O)(=O)C(F)(F)F)c3)ncc2F)cn1,8.045757490560675,2
CHEMBL4864674,Cc1cnc(Nc2ccc3c(c2)CCN3C(=O)C2CC2(F)F)nc1-c1cnn(C(C)C)c1,8.242603971206975,1
CHEMBL4865102,N#CCCn1cc(-c2nc(Nc3ccc4c(c3)CCN4C(=O)CN3CCS(=O)(=O)CC3)ncc2F)cn1,8.698970004336019,1
CHEMBL4865736,Cc1cnc(Nc2ccc3c(c2)CCN3C(=O)c2ccc(C(F)(F)F)cc2F)nc1-c1cnn(C(C)C)c1,7.97387548325455,1
CHEMBL4867814,CCS(=O)(=O)N1CCc2cc(Nc3ncc(C)c(-c4cnn(C(C)C)c4)n3)ccc21,8.79317412396815,1
CHEMBL4868074,Cc1cnc(Nc2ccc3c(c2)CCN3C(=O)[C@@H](O)CO)nc1-c1cnn(C(C)C)c1,7.964970717797632,1
CHEMBL4868858,N#CCCn1cc(-c2nc(Nc3ccc4c(c3)CCN4C(=O)c3ccc(C(F)(F)F)cc3)ncc2F)cn1,8.301029995663981,1
CHEMBL4869302,CC(=O)N1CCc2cc(Nc3ncc(C)c(-c4cnn(C(C)C)c4)n3)ccc21,8.742321425130816,1
CHEMBL4871133,N#CCCn1cc(-c2nc(Nc3ccc4c(c3)CNC4=O)ncc2F)cn1,8.154901959985743,1
CHEMBL4872338,Cn1ccc2cc(Nc3ncc(F)c(-c4cnn(CCC#N)c4)n3)ccc21,7.7447274948966935,1
CHEMBL4872557,N#CCCn1cc(-c2nc(Nc3ccc4c(ccn4C(=O)C4CC4)c3)ncc2F)cn1,6.82102305270683,1
CHEMBL4872684,CCOC(C)n1cc(-c2nc(Nc3ccc4c(c3)CCN4S(=O)(=O)c3ccc(C(F)(F)F)cc3)ncc2C)cn1,7.42021640338319,1
CHEMBL4873109,N#CCCn1cc(-c2nc(Nc3ccc4c(c3)CCN4S(=O)(=O)C(F)(F)F)ncc2F)cn1,8.397940008672037,1
CHEMBL4873455,Cc1cnc(Nc2ccc3c(c2)CCN3C(=O)[C@H]2CCCN2)nc1-c1cnn(C(C)C)c1,8.301029995663981,1
CHEMBL4873733,Cc1cnc(Nc2ccc3c(c2)CCN3C(=O)[C@H]2CCCN2C(=O)C2(C#N)CC2)nc1-c1cnn(C(C)C)c1,8.688246138944246,1
CHEMBL4873919,Cc1cnc(Nc2ccc3c(c2)CCN3S(=O)(=O)c2ccc(C(F)(F)F)cc2)nc1-c1cnn(CCC#N)c1,8.698970004336019,1
CHEMBL4874046,CNC(=O)c1ccc(Nc2ncc(C(F)(F)F)c(Nc3ccccc3OC)n2)cc1,7.658763376761308,1
CHEMBL4876711,CCCn1cc(-c2nc(Nc3ccc4c(c3)CCN4S(=O)(=O)c3ccc(C(F)(F)F)cc3)ncc2C)cn1,7.638272163982407,1
CHEMBL4876729,COc1ccc(S(=O)(=O)N2CCc3cc(Nc4ncc(C)c(-c5cnn(C(C)C)c5)n4)ccc32)cc1,8.106793246940152,1
CHEMBL495727,O=C(Nc1c[nH]nc1-c1nc2ccc(CN3CCOCC3)cc2[nH]1)NC1CC1,7.5713337517843655,4
CHEMBL498859,Nc1n[nH]c2ccc(-c3ccccc3Cl)cc12,6.552841968657781,1
CHEMBL5072425,Cn1cc(Nc2ncc3cccc(OC4CCNCC4)c3n2)cn1,6.599997654072044,1
CHEMBL5073925,COc1cccc2cnc(Nc3cnn(C)c3)nc12,6.199998172182031,1
CHEMBL5074310,CCc1cc(O)c(F)cc1-c1cc(N[C@H](C)CO)c2nc(N)ncc2c1,6.699991797446187,1
CHEMBL5074436,CC(=O)N1CCC(Cc2cccc3cnc(Nc4cnn(C)c4)nc23)CC1,7.100015437450609,1
CHEMBL5075223,CCc1cc(O)c(F)cc1-c1cc(NCC2CCN(C)CC2)c2nc(N)ncc2c1,6.499996931948306,1
CHEMBL5075281,COc1ccc(Nc2ncc(C)c(N3CCC4(CCNC4=O)CC3)n2)cc1N,7.920818753952375,1
CHEMBL5075360,O=C(NCCCNc1ccnc(Nc2cccc(NC(=O)N3CCCC3)c2)n1)C1CCC1,6.142667503568732,1
CHEMBL5075516,COc1ccc(Nc2ncc(C)c(N3CCC4(CCNC4=O)CC3)n2)cc1,7.040958607678906,1
CHEMBL5075556,CCc1cc(O)c(F)cc1-c1cc(N[C@@H](C)CO)c2nc(NCCCCCN(C)C)ncc2c1,7.700057099977233,1
CHEMBL5075565,CC(=O)N1CCC(Oc2cccc3cnc(Nc4cnn(C)c4)nc23)CC1,6.499996931948306,1
CHEMBL5075663,Cc1cnc(Nc2ccc([N+](=O)[O-])cc2)nc1N1CCC2(CCNC2=O)CC1,7.886056647693163,1
CHEMBL5075673,CCc1cc(O)c(F)cc1-c1cc(N[C@@H]2C[C@H]3CC[C@@H](C2)N3)c2nc(N)ncc2c1,7.0,1
CHEMBL5076068,CCc1cc(O)c(F)cc1-c1cc(NCCNC)c2nc(N)ncc2c1,6.399996913372259,1
CHEMBL5076101,CCc1cc(O)c(F)cc1-c1cc(N[C@@H](C)CO)c2nc(NCCCN(C)C)ncc2c1,7.0,1
CHEMBL5076178,COc1ccc(Nc2ncc(C)c(N3CCC4(CCNC4=O)CC3)n2)cc1OC,7.045757490560675,1
CHEMBL5076189,CCc1cc(O)c(F)cc1-c1cc(N[C@H]2C[C@H]3CC[C@@H](C2)N3)c2nc(N)ncc2c1,7.700057099977233,1
CHEMBL5076598,Cn1cc(Nc2ncc3cccc(NC4CCNCC4)c3n2)cn1,7.199970640755866,1
CHEMBL5076599,Cc1cnc(Nc2ccncc2)nc1N1CCC2(CCNC2=O)CC1,6.853871964321762,1
CHEMBL5076662,CCc1cc(O)c(F)cc1-c1cc(N[C@@H](C)CO)c2[nH]c(N)nc(=O)c2c1,4.900000142057633,1
CHEMBL5076728,O=C(CCCCCCn1cc(Nc2ncc3ccn(Cc4ccccc4F)c3n2)cn1)NO,7.388276691992658,1
CHEMBL5077096,Cc1cnc(Nc2cnn(C(F)F)c2)nc1N1CCC2(CCNC2=O)CC1,8.221848749616356,1
CHEMBL5077126,CCc1cc(O)c(F)cc1-c1cc(NC2CCN(C)CC2)c2nc(N)ncc2c1,6.799998134593398,1
CHEMBL5077395,Cc1cnc(Nc2cnn(C)c2)nc1N1C2CCC1COC2,6.94692155651658,1
CHEMBL5077653,CCc1cc(O)c(F)cc1-c1cc(OC)c2nc(N)ncc2c1,6.799998134593398,1
CHEMBL5077973,CC(=O)N1CCN(c2ccc(Nc3ncc(C)c(N4CCC5(CCNC5=O)CC4)n3)cc2)CC1,8.221848749616356,1
CHEMBL5078141,CCc1cc(O)c(F)cc1-c1cc(NC[C@H](C)O)c2nc(N)ncc2c1,7.50003813440381,1
CHEMBL5078526,Cc1cnc(Nc2ccc(N3CCOCC3)cc2)nc1N1CCC2(CCNC2=O)CC1,7.886056647693163,1
CHEMBL5078528,COc1cc(Nc2ncc(C)c(N3CCC4(CCNC4=O)CC3)n2)cc(OC)c1OC,8.096910013008056,1
CHEMBL5078647,CCc1cc(O)c(F)cc1-c1cc(N[C@@H](C)CO)c2nc(N)ncc2c1,7.400007822415902,1
CHEMBL5079149,NS(=O)(=O)c1ccc(CNc2nc(Nc3cccc(NC(=O)N4CCCC4)c3)ncc2Br)cc1,7.318758762624412,1
CHEMBL5079248,CCc1cc(O)c(F)cc1-c1cc(NC[C@@H](C)O)c2nc(N)ncc2c1,7.199970640755866,1
CHEMBL5079734,Cn1cc(Nc2ncc3cccc(CC4CCNCC4)c3n2)cn1,7.0,1
CHEMBL5081471,O=C(CCCCCCn1cc(Nc2ncc3ccn(-c4ccccc4)c3n2)cn1)NO,7.628932137728263,1
CHEMBL5081617,Cc1cnc(Nc2cnn(C)c2)nc1N1CCC2(CC1)NC(=O)NC2=O,7.468521082957745,1
CHEMBL5082590,Cc1cnc(Nc2cnn(C(C)C)c2)nc1N1CCC2(CCNC2=O)CC1,8.154901959985743,1
CHEMBL5082928,CCc1cc(O)c(F)cc1-c1cc(NCCO)c2nc(N)ncc2c1,6.900008766455316,1
CHEMBL5083015,Cc1cnc(Nc2ccc(OCCN3CCCC3)cc2)nc1N1CCC2(CCNC2=O)CC1,7.00436480540245,1
CHEMBL5083125,NS(=O)(=O)c1ccc(CNc2nc(Nc3cccc(CN4CCOCC4)c3)ncc2Br)cc1,7.173925197299173,1
CHEMBL5083330,O=C(CCCCCn1cc(Nc2ncc3ccn(Cc4ccccc4F)c3n2)cn1)NO,7.876148359032914,1
CHEMBL5084129,Cc1cnc(Nc2ccccc2)nc1N1CCC2(CCNC2=O)CC1,7.187086643357144,1
CHEMBL5084340,CCc1cc(O)c(F)cc1-c1cc(NCCCO)c2nc(N)ncc2c1,7.0,1
CHEMBL5084542,CCc1cc(O)c(F)cc1-c1cc(NC2CCN(C(C)=O)CC2)c2nc(N)ncc2c1,7.400007822415902,1
CHEMBL5084809,CC(=O)N1CCC(Nc2cccc3cnc(Nc4cnn(C)c4)nc23)CC1,7.0,1
CHEMBL5084861,COc1cc(-c2ccc(O)cc2)cc2cnc(Nc3cnn(C)c3)nc12,8.500038134403809,1
CHEMBL5084913,CCc1cc(O)c(F)cc1-c1cc(N(C)CCO)c2nc(N)ncc2c1,6.599997654072044,1
CHEMBL5085176,CCc1cc(O)c(F)cc1-c1cc(NC(CO)CO)c2nc(N)ncc2c1,7.0,1
CHEMBL5086526,CCc1cc(O)c(F)cc1-c1cc(N[C@H]2CCCN(C)C2)c2nc(N)ncc2c1,7.299988937677887,1
CHEMBL5086893,Cc1cnc(Nc2ccc(N3CCOC(C)C3)cc2)nc1N1CCC2(CCNC2=O)CC1,7.508638306165727,1
CHEMBL5087006,NS(=O)(=O)c1ccc(CNc2ccnc(Nc3cccc(NC(=O)N4CCCC4)c3)n2)cc1,7.481486060122112,1
CHEMBL5087106,COc1ccc(Nc2ncc(C)c(N3CCC4(CCNC4=O)CC3)n2)cc1F,7.769551078621726,1
CHEMBL5087239,O=C(CCCCCCn1cc(Nc2ncc3ccn(Cc4cccc(F)c4)c3n2)cn1)NO,7.663540266151471,1
CHEMBL5087251,Cc1cnc(Nc2ccc(N3CCOCC3)c(F)c2)nc1N1CCC2(CCNC2=O)CC1,7.886056647693163,1
CHEMBL5087255,CCc1cc(O)c(F)cc1-c1cc(N[C@@H]2CCCN(C)C2)c2nc(N)ncc2c1,6.199998172182031,1
CHEMBL5088678,Cc1cnc(Nc2ccc(F)cc2)nc1N1CCC2(CCNC2=O)CC1,7.026872146400302,1
CHEMBL5088804,COc1cc(-c2ccc(O)cc2)cc2cnc(N)nc12,6.0999990348465305,1
CHEMBL5089877,CCc1c(-c2cc(OC)c3nc(N)ncc3c2)ccc(O)c1F,5.800000874803203,1
CHEMBL5089987,NS(=O)(=O)c1ccc(CNc2ccnc(Nc3cccc(CN4CCOCC4)c3)n2)cc1,6.559090917934782,1
CHEMBL5090010,[2H]C([2H])([2H])n1cc(Nc2ncc(C)c(N3CCC4(CCNC4=O)CC3)n2)cn1,8.0,1
CHEMBL509032,COc1cc(N2CCC(N3CCN(C)CC3)CC2)ccc1Nc1ncc(Cl)c(Nc2ccccc2S(=O)(=O)C(C)C)n1,5.6365760670828235,1
CHEMBL5091036,Cc1cnc(Nc2nccs2)nc1N1CCC2(CCNC2=O)CC1,6.341988603342887,1
CHEMBL5091093,Cc1cnc(Nc2ccc(F)c(N)c2)nc1N1CCC2(CCNC2=O)CC1,8.045757490560675,1
CHEMBL5091163,Cc1cnc(Nc2ccc(N3C4CCC3COC4)cc2)nc1N1CCC2(CCNC2=O)CC1,8.045757490560675,1
CHEMBL5092781,O=C(CCCCCn1cc(Nc2ncc3ccn(Cc4cccc(F)c4)c3n2)cn1)NO,8.522878745280337,1
CHEMBL5094089,CCc1cc(O)c(F)cc1-c1cc(N[C@@H](C)CO)c2nc(NCCOCCN(C)C)ncc2c1,6.900008766455316,1
CHEMBL5094318,Cc1cnc(Nc2ccc(C(C)(C)C)cc2)nc1N1CCC2(CCNC2=O)CC1,6.991399828238082,1
CHEMBL5094597,Cc1cnc(Nc2cnn(C)c2)nc1N1CCC2(CCNC2=O)CC1,7.6777807052660805,1
CHEMBL5094671,Cc1cnc(Nc2ccc(C(F)(F)F)cc2)nc1N1CCC2(CCNC2=O)CC1,7.102372908709558,1
CHEMBL5169563,O=C(Nc1nc2cccc(C3=CCN(C(=O)C4CC4)CC3)n2n1)C1CC1,6.749579997691106,1
CHEMBL5170765,O=C(Nc1nc2cccc([C@H]3CC[C@H](NC(=O)[C@@H]4CC4(F)F)CC3)n2n1)C1CC1,5.760450279159527,1
CHEMBL5171417,[2H]C([2H])([2H])NC(=O)c1nnc(NC(=O)C2CC2)cc1Nc1cccc(C(=O)Nc2ccc3c(c2)CN(C2CC2)C3=O)c1OC,7.795880017344075,1
CHEMBL5172397,O=C(Nc1nc2cccc(C3CCC4(CC3)CN(C(=O)[C@@H]3CC3(F)F)C4)n2n1)C1CC1,7.443697499232712,1
CHEMBL5172426,N#CC1(C(=O)N2CC3(CCC(c4cccc5nc(NC(=O)C6CC6)nn45)CC3)C2)CC1,7.7447274948966935,1
CHEMBL5172670,O=C(Nc1nc2cccc([C@H]3CC[C@H](NC(=O)[C@H]4CC4(F)F)CC3)n2n1)C1CC1,5.239502124773473,1
CHEMBL5173760,[2H]C([2H])([2H])NC(=O)c1nnc(NC(=O)C2CC2)cc1Nc1cccc(C(=O)Nc2ccc3c(c2)CC(=O)N3)c1OC,7.853871964321762,1
CHEMBL5174068,O=C(Nc1nc2cccc(C3=CC[C@H](NC(=O)[C@H]4CC4(F)F)CC3)n2n1)C1CC1,7.1487416512809245,2
CHEMBL5174210,C=CC(=O)Nc1cc(Nc2ncc(Cl)c(O[C@@H]3CO[C@H]4[C@@H]3OC[C@H]4O)n2)ccc1N(C)CCN(C)C,6.372634143407267,1
CHEMBL5175777,[2H]C([2H])([2H])NC(=O)c1nnc(NC(=O)C2CC2)cc1Nc1cccc(C(=O)NC2CCC(C(=O)N3CCCC3)CC2)c1OC,7.5376020021010435,1
CHEMBL5177410,[2H]C([2H])([2H])NC(=O)c1nnc(NC(=O)C2CC2)cc1Nc1cccc(C(=O)Nc2ccc(NCC3CCOCC3)cc2)c1OC,8.229147988357855,1
CHEMBL5179073,N#CCC(=O)N1CCC2(CCC(c3cccc4nc(NC(=O)C5CC5)nn34)CC2)C1,6.555955204081924,1
CHEMBL5179468,[2H]C([2H])([2H])NC(=O)c1nnc(Nc2ccccn2)cc1Nc1cccc(C(=O)Nc2ccc(NC[C@H]3COCCO3)cc2)c1OC,8.42021640338319,1
CHEMBL5179489,[2H]C([2H])([2H])NC(=O)c1nnc(NC(=O)C2CC2)cc1Nc1cccc(C(=O)Nc2csc(C(N)=O)c2)c1OC,7.236572006437063,1
CHEMBL5180050,O=C1NCc2nc(-c3c(F)cccc3F)cc(Nc3ccc(C(=O)N4CCCC4)cc3)c21,7.105130343254747,11
CHEMBL5180245,O=C(Nc1nc2cccc(C3CCC4(CC3)CN(C(=O)CC(F)(F)F)C4)n2n1)C1CC1,6.507239610973162,1
CHEMBL5180664,[2H]C([2H])([2H])NC(=O)c1nnc(NC(=O)C2CC2)cc1Nc1cccc(C(=O)Nc2ccc(C(=O)N(CC)CC)cc2)c1OC,9.008773924307505,1
CHEMBL5181582,O=C(Nc1nc2cccc(C3=CC[C@H](NC(=O)[C@@H]4CC4(F)F)CC3)n2n1)C1CC1,6.566927247258321,2
CHEMBL5181588,O=C(Nc1nc2cccc(C3CCC4(CC3)CN(C(=O)[C@H]3CC3(F)F)C4)n2n1)C1CC1,6.443697499232712,1
CHEMBL5181780,[2H]C([2H])([2H])NC(=O)c1nnc(NC(=O)C2CC2)cc1Nc1cccc(C(=O)Nc2ccc(C(N)=O)cn2)c1OC,6.889410289700751,1
CHEMBL5181976,O=C1NCc2nc(-c3c(F)cccc3F)cc(Nc3ccc(N4CCOCC4=O)cn3)c21,7.050609993355087,1
CHEMBL5182065,C=CC(=O)Nc1cc(Nc2ncc(Cl)c(O[C@@H]3CO[C@H]4[C@@H]3OC[C@H]4O)n2)ccc1N1CCOCC1,6.474955192963154,1
CHEMBL5182374,CN1CCN(C2CCN(c3ccc(Nc4ncc(Cl)c(O[C@@H]5CO[C@H]6[C@@H]5OC[C@@H]6O)n4)cc3Cl)CC2)CC1,6.769551078621726,1
CHEMBL5182426,[2H]C([2H])([2H])NC(=O)c1nnc(NC(=O)C2CC2)cc1Nc1cccc(C(=O)Nc2ccc(C(N)=O)cc2)c1OC,7.494850021680094,1
CHEMBL5182688,O=C1NCc2nc(-c3c(F)cccc3F)cc(Nc3ccc(C(=O)N4CCOCC4)cc3)c21,6.872895201635193,3
CHEMBL5183381,O=C(Nc1nc2cccc(C3=CCC(NC(=O)C4CC4)CC3)n2n1)C1CC1,6.303643611266668,3
CHEMBL5184019,C=CC(=O)Nc1cc(Nc2ncc(Cl)c(O[C@@H]3CO[C@H]4[C@@H]3OC[C@H]4O)n2)ccc1N1CCN(CC)CC1,6.779891911959945,1
CHEMBL5184093,[2H]C([2H])([2H])NC(=O)c1nnc(NC(=O)C2CC2)cc1Nc1cccc(C(=O)Nc2ccc(C(=O)N3C4CCC3CC4)cc2)c1OC,8.958607314841775,1
CHEMBL5184123,[2H]C([2H])([2H])NC(=O)c1nnc(NC(=O)C2CC2)cc1Nc1cccc(C(=O)Nc2cccc3c2C(=O)NC3)c1OC,7.173925197299173,1
CHEMBL5184187,C=CC(=O)Nc1cc(Nc2ncc(Cl)c(O[C@@H]3CO[C@H]4[C@@H]3OC[C@H]4O)n2)ccc1N1C[C@H]2C[C@@H]1CN2C,6.728158393463501,1
CHEMBL5184447,CCNC(=O)C(C)(O)c1ccc(Nc2nc(-c3c(F)cccc3F)nc3c2C(=O)NC3)cc1,6.619788758288394,1
CHEMBL5184857,O=C(Nc1nc2cccc(C3=CCC(NC(=O)C4CC4(F)F)CC3)n2n1)C1CC1,7.136677139879544,2
CHEMBL5185016,C=CC(=O)Nc1cc(Nc2ncc(Cl)c(O[C@@H]3CO[C@H]4[C@@H]3OC[C@H]4O)n2)ccc1N1CCC(N(C)C)CC1,6.617982957425132,1
CHEMBL5185192,O=C(Nc1nc2cccc(C3CCC(NC(=O)C4(F)CC4)CC3)n2n1)C1CC1,6.896196279044043,3
CHEMBL5185440,CN1CCN(C2CCN(c3ccc(Nc4ncc(Cl)c(O[C@@H]5CO[C@H]6[C@@H]5OC[C@H]6O)n4)cc3Cl)CC2)CC1,6.823908740944319,1
CHEMBL5186817,O=C1NCc2nc(-c3c(F)cccc3F)cc(Nc3ccc(N4CCC(O)CC4)cn3)c21,7.086186147616283,1
CHEMBL5187505,O=C(Nc1nc2cccc([C@H]3CC[C@@H](NC(=O)[C@H]4CC4(F)F)CC3)n2n1)C1CC1,6.341988603342887,1
CHEMBL5187733,O=C(Nc1nc2cccc(C3CCC4(CC3)CCN(C(=O)[C@H]3CC3(F)F)C4)n2n1)C1CC1,6.1598939055432425,1
CHEMBL5188094,O=C(Nc1nc2cccc(C3=CCN(C(=O)C4CC4(F)F)C3)n2n1)C1CC1,6.61261017366127,2
CHEMBL5188445,O=C(Nc1nc2cccc([C@@H]3CCC4(CCN(C(=O)[C@@H]5CC5(F)F)CC4)C3)n2n1)C1CC1,6.2441251443275085,1
CHEMBL5188608,O=C1NCc2nc(-c3c(F)cccc3F)cc(Nc3ccc(N4CCOCC4)cn3)c21,7.481486060122112,3
CHEMBL5188882,C[C@@H]1CCCC[C@@H]1n1c(-c2ccc(/C=C(\C#N)C(=O)N(C)C)o2)nc2cnc3[nH]ccc3c21,6.0467236633326955,1
CHEMBL5188967,[2H]C([2H])([2H])NC(=O)c1nnc(NC(=O)C2CC2)cc1Nc1cccc(C(=O)Nc2ccc(C(=O)NC3CCCC3)cc2)c1OC,7.823908740944319,1
CHEMBL5189220,[2H]C([2H])([2H])NC(=O)c1nnc(NC(=O)C2CC2)cc1Nc1cccc(C(=O)Nc2ccc(C(=O)NCC)cc2)c1OC,8.017728766960431,1
CHEMBL5189603,C=CC(=O)Nc1cccc(Nc2ncc(Cl)c(O[C@@H]3CO[C@H]4[C@@H]3OC[C@H]4O)n2)c1,7.026872146400302,1
CHEMBL5189913,[2H]C([2H])([2H])NC(=O)c1nnc(NC(=O)C2CC2)cc1Nc1cccc(C(=O)Nc2ccc(C(=O)NC)cc2)c1OC,7.7447274948966935,1
CHEMBL5190418,[2H]C([2H])([2H])NC(=O)c1nnc(NC(=O)C2CC2)cc1Nc1cccc(C(=O)Nc2ccc(C(=O)N3CCCC3)c(F)c2)c1OC,9.070581074285707,1
CHEMBL5190599,C=CC(=O)Nc1cc(Nc2ncc(Cl)c(O[C@@H]3CO[C@H]4[C@@H]3OC[C@H]4O)n2)ccc1N1CCC(N(C)C)C1,6.730487055782084,1
CHEMBL5191228,O=C(Nc1nc2cccc(C3CCC4(CC3)CCN(C(=O)[C@@H]3CC3(F)F)CC4)n2n1)C1CC1,7.585026652029182,1
CHEMBL5191508,[2H]C([2H])([2H])NC(=O)c1nnc(NC(=O)C2CC2)cc1Nc1cccc(C(=O)Nc2ccc(NC[C@H]3COCCO3)cc2)c1OC,8.721246399047171,1
CHEMBL5191514,O=C(Nc1nc2cccc(C3=CCN(C(=O)C4(F)CC4)C3)n2n1)C1CC1,5.541664374008053,2
CHEMBL5191734,C=CC(=O)Nc1cc(Nc2ncc(Cl)c(O[C@@H]3CO[C@H]4[C@@H]3OC[C@H]4O)n2)ccc1N1CCC(N2CCN(C)CC2)CC1,6.432973633840939,1
CHEMBL5192374,O=C1NCc2nc(-c3c(F)cccc3F)cc(Nc3ccc(N4CCC(F)(F)CC4)cn3)c21,7.080921907623926,1
CHEMBL5192867,CC(C)(C#N)C(=O)N1CC2(CCC(c3cccc4nc(NC(=O)C5CC5)nn34)CC2)C1,6.97469413473523,1
CHEMBL5193147,O=C(Nc1nc2cccc([C@H]3CCC4(CCN(C(=O)[C@@H]5CC5(F)F)CC4)C3)n2n1)C1CC1,6.081445469449727,1
CHEMBL5193226,[2H]C([2H])([2H])NC(=O)c1nnc(Nc2ccc(F)cn2)cc1Nc1cccc(C(=O)Nc2ccc(C(=O)N3CCCC3)cc2)c1OC,8.958607314841775,1
CHEMBL5193702,C=CC(=O)Nc1cc(Nc2ncc(Cl)c(O[C@@H]3CO[C@H]4[C@@H]3OC[C@H]4OC)n2)ccc1N(C)CCN(C)C,6.437707135543525,1
CHEMBL5194482,C=CC(=O)Nc1cccc(Cn2c(=O)ccc3cnc(Nc4ccc(N5CCN(C)CC5)cc4)nc32)c1,5.051733780119704,1
CHEMBL5194842,[2H]C([2H])([2H])NC(=O)c1nnc(NC(=O)C2CC2)cc1Nc1cccc(C(=O)Nc2ccc(C(=O)N3CCSC3)cc2)c1OC,8.638272163982407,1
CHEMBL5195430,O=C(Nc1nc2cccc(C3CCC4(CC3)CCN(C(=O)CC(F)(F)F)CC4)n2n1)C1CC1,6.809668301829708,1
CHEMBL5195551,O=C(Nc1nc2cccc(C3=CC[C@@H](NC(=O)[C@H]4CC4(F)F)CC3)n2n1)C1CC1,5.9447728245365665,2
CHEMBL5195684,O=C(Nc1nc2cccc(C3=CC[C@@H](NC(=O)[C@@H]4CC4(F)F)CC3)n2n1)C1CC1,6.485750974587765,2
CHEMBL5195823,O=C(Nc1nc2cccc(C3CCC4(CC3)CCN(C(=O)CC(F)(F)F)C4)n2n1)C1CC1,5.816445466381138,1
CHEMBL5196106,N#CCN1CC2(CCC(c3cccc4nc(NC(=O)C5CC5)nn34)CC2)C1,6.235823867609669,1
CHEMBL5196735,[2H]C([2H])([2H])NC(=O)c1nnc(NC(=O)C2CC2)cc1Nc1cccc(C(=O)Nc2ccc(C(=O)N3CCCC3)cc2)c1OC,8.958607314841775,1
CHEMBL5196877,CCNC(=O)Cc1ccc(Nc2nc(-c3c(F)cccc3F)nc3c2C(=O)NC3)cc1,5.823908740944319,1
CHEMBL5197758,O=C(Nc1nc2cccc([C@H]3CC[C@@H](NC(=O)[C@@H]4CC4(F)F)CC3)n2n1)C1CC1,7.619788758288394,1
CHEMBL5197776,O=C(Nc1nc2cccc([C@H]3CCC4(C3)CN(C(=O)[C@@H]3CC3(F)F)C4)n2n1)C1CC1,6.080921907623926,1
CHEMBL5198005,CCNC(=O)c1ccc(Nc2cc(-c3c(F)cccc3F)nc3c2C(=O)NC3)nc1,7.327902142064283,1
CHEMBL5198448,[2H]C([2H])([2H])NC(=O)c1nnc(NC(=O)C2CC2)cc1Nc1cccc(C(=O)Nc2ccc(C(=O)N3CCCC3)nc2)c1OC,8.537602002101044,1
CHEMBL5198580,N#CCC(=O)N1CCC2(CCC(c3cccc4nc(NC(=O)C5CC5)nn34)CC2)CC1,7.585026652029182,1
CHEMBL5199420,N#CCC(=O)N1CC2(CCC(c3cccc4nc(NC(=O)C5CC5)nn34)CC2)C1,7.568636235841013,1
CHEMBL5200056,[2H]C([2H])([2H])NC(=O)c1nnc(NC(=O)C2CC2)cc1Nc1cccc(C(=O)Nc2ccc(NC[C@@H]3COCCO3)cc2)c1OC,8.301029995663981,1
CHEMBL5200095,O=C(Nc1nc2cccc(C3CCC4(CC3)CN(C(=O)C3CC3(F)F)C4)n2n1)C1CC1,7.42021640338319,1
CHEMBL5200989,O=C(Nc1nc2cccc(C3CCC(NC(=O)C4CC4(F)F)CC3)n2n1)C1CC1,8.0,2
CHEMBL5201720,O=C(Nc1nc2cccc(C3CCC4(CC3)CN(C(=O)CC(F)F)C4)n2n1)C1CC1,6.872895201635193,1
CHEMBL5202814,O=C(Nc1nc2cccc([C@@H]3CCC4(C3)CN(C(=O)[C@@H]3CC3(F)F)C4)n2n1)C1CC1,6.393618634889395,1
CHEMBL5203217,[2H]C([2H])([2H])NC(=O)c1nnc(NC(=O)C2CC2)cc1Nc1cccc(C(=O)Nc2ccc(C(=O)N3[C@H](C#N)C[C@@H]4C[C@@H]43)cc2)c1OC,8.886056647693163,1
CHEMBL5203256,[2H]C([2H])([2H])NC(=O)c1nnc(NC(=O)C2CC2)cc1Nc1cc(F)cc(C(=O)Nc2ccc(NC[C@H]3COCCO3)cc2)c1OC,8.853871964321762,1
CHEMBL5203588,O=C(Nc1nc2cccc(C3CCC4(CC3)CN(C(=O)C3(F)CC3)C4)n2n1)C1CC1,6.436518914605589,1
CHEMBL5204171,[2H]C([2H])([2H])NC(=O)c1nnc(NC(=O)C2CC2)cc1Nc1cccc(C(=O)Nc2ccc3c(c2)CNC3=O)c1OC,7.7447274948966935,1
CHEMBL5204955,[2H]C([2H])([2H])NC(=O)c1nnc(NC(=O)C2CC2)cc1Nc1cccc(C(=O)Nc2ccc(S(=O)(=O)N3CCCC3)cc2)c1OC,8.508638306165727,1
CHEMBL5205480,C=CC(=O)Nc1cc(Nc2ncc(Cl)c(O[C@@H]3CO[C@H]4[C@@H]3OC[C@H]4O)n2)ccc1N1C[C@@H]2C[C@H]1CO2,6.8297382846050425,1
CHEMBL5205855,[2H]C([2H])([2H])NC(=O)c1nnc(NC(=O)C2CC2)cc1Nc1cccc(C(=O)Nc2ccc3c(c2)C(=O)NC3)c1OC,7.4089353929735005,1
CHEMBL5206101,O=C(Nc1nc2cccc(C3CCC4(CC3)CCN(C(=O)[C@@H]3CC3(F)F)C4)n2n1)C1CC1,7.173925197299173,1
CHEMBL5206970,N#CCCN1CC2(CCC(c3cccc4nc(NC(=O)C5CC5)nn34)CC2)C1,6.430626090384954,1
CHEMBL5207105,CCNC(=O)Cc1ccc(Nc2cc(-c3c(F)cccc3F)nc3c2C(=O)NC3)nc1,6.7447274948966935,1
CHEMBL5207354,C=CC(=O)Nc1cc(Nc2ncc(Cl)c(O[C@@H]3CO[C@H]4[C@@H]3OC[C@H]4O)n2)ccc1N1CCC2(CCN(C)CC2)CC1,6.632644078973981,1
CHEMBL5207953,[2H]C([2H])([2H])NC(=O)c1nnc(NC(=O)C2CC2)cc1Nc1cccc(C(=O)Nc2ccc(C(=O)N3C([2H])([2H])CCC3([2H])[2H])cc2)c1OC,8.795880017344075,1
CHEMBL5209315,[2H]C([2H])([2H])NC(=O)c1nnc(Nc2ccccn2)cc1Nc1cccc(C(=O)Nc2ccc(C(=O)N3CCCC3)cc2)c1OC,9.0,1
CHEMBL5266772,[2H]C([2H])([2H])NC(=O)c1nnc(NC(=O)C2CC2)cc1Nc1cccc(C(=O)Nc2ccc(-c3ccc(F)c(=O)[nH]3)cc2)c1OC,7.886056647693163,1
CHEMBL5267449,[2H]C([2H])([2H])NC(=O)c1nnc(NC(=O)C2CC2)cc1Nc1cccc(C(=O)Nc2ccc(N3CCCCS3(=O)=O)cc2)c1OC,8.721246399047171,1
CHEMBL5268371,[2H]C([2H])([2H])NC(=O)c1nnc(NC(=O)C2CC2)cc1Nc1cccc(C(=O)Nc2ccc(N3CCCCC3=O)cc2)c1OC,8.853871964321762,1
CHEMBL5268459,NC(=O)c1cnc(Nc2ccc(O)cn2)cc1Nc1ccccc1Cl,7.769551078621726,1
CHEMBL5269164,[2H]C([2H])([2H])NC(=O)c1nnc(NC(=O)C2CC2)cc1Nc1cccc(C(=O)Nc2ccc(-c3ncn(C)n3)cc2)c1OC,7.853871964321762,1
CHEMBL5269603,COc1cccc(Nc2cc(Nc3ccccc3Cl)c(C(N)=O)cn2)n1,7.113509274827518,1
CHEMBL5270549,Cc1cccc(Nc2cc(Nc3ccccc3Cl)c(C(N)=O)cn2)n1,7.301029995663981,3
CHEMBL5270823,[2H]C([2H])([2H])NC(=O)c1nnc(NC(=O)C2CC2)cc1Nc1cccc(C(=O)Nc2ccc(N3CCCCC3=O)cc2F)c1OC,8.244125144327509,1
CHEMBL5270922,[2H]C([2H])([2H])NC(=O)c1nnc(NC(=O)C2CC2)cc1Nc1cccc(C(=O)Nc2ccc(N3CCCCC3=O)c(Cl)c2)c1OC,8.508638306165727,1
CHEMBL5271559,NC(=O)c1cnc(Nc2cccc(O)n2)cc1Nc1ccccc1Cl,5.6790233226571765,2
CHEMBL5273136,[2H]C([2H])([2H])NC(=O)c1nnc(NC(=O)C2CC2)cc1Nc1cccc(C(=O)Nc2ccc(N3CCCCC3)cc2)c1OC,7.920818753952375,1
CHEMBL5273814,[2H]C([2H])([2H])NC(=O)c1nnc(Nc2ccccn2)cc1Nc1cccc(C(=O)Nc2ccc(N3CCCCC3=O)cc2)c1OC,9.09151498112135,1
CHEMBL5278635,[2H]C([2H])([2H])NC(=O)c1nnc(NC(=O)C2CC2)cc1Nc1cccc(C(=O)Nc2cccc(-n3ccccc3=O)c2)c1OC,7.958607314841775,1
CHEMBL5278999,[2H]C([2H])([2H])NC(=O)c1nnc(NC(=O)C2CC2)cc1Nc1cccc(C(=O)Nc2ccc(-n3cccn3)cc2)c1OC,8.193820026016112,1
CHEMBL5279644,[2H]C([2H])([2H])NC(=O)c1nnc(NC(=O)C2CC2)cc1Nc1cccc(C(=O)Nc2ccc(-c3ncn(C4CC4)n3)cc2)c1OC,8.318758762624412,1
CHEMBL5279787,CCOC(=O)Oc1cccc(Nc2cc(Nc3ccccc3Cl)c(C(N)=O)cn2)n1,7.229147988357855,2
CHEMBL5280466,[2H]C([2H])([2H])NC(=O)c1nnc(NC(=O)C2CC2)cc1Nc1cccc(C(=O)Nc2ccc(N3CCCC3=O)cc2)c1OC,8.080921907623926,1
CHEMBL5281991,[2H]C([2H])([2H])NC(=O)c1nnc(NC(=O)C2CC2)cc1Nc1cccc(C(=O)Nc2ccc(N3CCCCCC3=O)cc2)c1OC,8.602059991327963,1
CHEMBL5282377,[2H]C([2H])([2H])NC(=O)c1nnc(NC(=O)C2CC2)cc1Nc1cccc(C(=O)Nc2ccc(-c3ncn(CC)n3)cc2)c1OC,7.366531544420414,1
CHEMBL5282623,[2H]C([2H])([2H])NC(=O)c1nnc(Nc2ccc(F)cn2)cc1Nc1cccc(C(=O)Nc2ccc(N3CCCCC3=O)cc2)c1OC,9.0,1
CHEMBL5284232,[2H]C([2H])([2H])NC(=O)c1nnc(NC(=O)C2CC2)cc1Nc1cccc(C(=O)Nc2ccc(-n3ccnc3)cc2)c1OC,7.292429823902063,1
CHEMBL5284638,[2H]C([2H])([2H])NC(=O)c1nnc(NC(=O)C2CC2)cc1Nc1cccc(C(=O)Nc2ccc(-n3ccccc3=O)cc2)c1OC,8.494850021680094,1
CHEMBL5285091,[2H]C([2H])([2H])NC(=O)c1nnc(NC(=O)C2CC2)cc1Nc1cccc(C(=O)Nc2ccc(NC(=O)C3CCCC3)cc2)c1OC,8.0,1
CHEMBL5286565,[2H]C([2H])([2H])NC(=O)c1nnc(NC(=O)C2CC2)cc1Nc1cccc(C(=O)Nc2ccc(C3CCCNC3=O)cc2)c1OC,8.744727494896694,1
CHEMBL5289104,[2H]C([2H])([2H])NC(=O)c1nnc(NC(=O)C2CC2)cc1Nc1cccc(C(=O)Nc2ccc(-c3cccc(=O)[nH]3)cc2)c1OC,7.259637310505756,1
CHEMBL5291007,[2H]C([2H])([2H])NC(=O)c1nnc(NC(=O)C2CC2)cc1Nc1cccc(C(=O)Nc2ccc(-c3cccnc3)cc2)c1OC,7.619788758288394,1
CHEMBL5303356,Cc1ccc(S(=O)(=O)O)cc1.Cn1cc(Nc2nccc(N3CC4CCC(C3)N4C(=O)[C@@H]3CC3(F)F)n2)cn1,6.920818753952375,13
CHEMBL5394153,Cc1cc(Nc2cc(-c3cnn(CCC#N)c3)c(Cl)cn2)sn1,4.301029995663981,1
CHEMBL5394367,CC(=O)Nc1cc2c(-c3cccc(S(=O)(=O)N(C)C)n3)cn(C)c2cn1,8.397940008672037,1
CHEMBL5395308,Cc1cnc(Nc2cnn(C)c2)nc1-c1cnn([C@H](CC#N)C2CCCC2)c1,9.008773924307505,1
CHEMBL5395502,Cc1cnc(Nc2ccc(OCCCCCCC(=O)NO)c(F)c2)nc1Nc1cccc(S(=O)(=O)NC(C)(C)C)c1,6.10768273927752,1
CHEMBL5395839,CCOC(=O)COc1ccc(Nc2cc(Nc3ccccc3Cl)c(C(N)=O)cn2)nc1,7.267606240177032,1
CHEMBL5396026,[2H]C([2H])([2H])CC(=O)c1cnc(NC(=O)C2CC2)cc1Nc1cccc2c1N(C)Cc1nc(C)nn1-2,7.522878745280337,1
CHEMBL5396134,CC(=O)Nc1cc2c(-c3cccc(S(=O)(=O)N(C)C)c3)c[nH]c2cn1,6.372363747448347,2
CHEMBL5396135,Cc1cc(Nc2ncc(C)c(N3CC(CC#N)(N4CCN(C)CC4)C3)n2)sn1,8.537602002101044,1
CHEMBL5396334,[2H]C([2H])([2H])O[C@@H]1CC[C@H]1NC(=O)c1cnn2c(NC)cc(Nc3cccn(-c4ncccc4F)c3=O)nc12,7.886056647693163,1
CHEMBL5396523,CNC(=O)c1cnc2[nH]ccc2c1N[C@@H]1CCN(Cc2cccc(F)c2)[C@H](C)C1,8.074687908500351,1
CHEMBL5396554,COc1ccccc1Nc1cc(Nc2ccc(CC(=O)O[C@H]3CCOC3)cn2)ncc1C(N)=O,8.698970004336019,1
CHEMBL5396654,[2H]C([2H])([2H])NC(=O)c1nnc(Nc2cnc(C)cn2)cc1Nc1nccc(-c2ncc(F)cn2)c1OC,8.51343607320015,2
CHEMBL5397297,CNC(=O)c1cnc2[nH]ccc2c1N[C@H]1CCN(Cc2ccc(C(F)(F)F)cc2)[C@@H](C)C1,7.2343314452409855,1
CHEMBL5397381,CNc1cc(Nc2cccn(C(C)C)c2=O)nc2c(C(=O)N[C@H]3CC[C@@H]3OC)cnn12,8.55284196865778,1
CHEMBL5398372,CNC(=O)c1cnc2[nH]ccc2c1N[C@@H]1CCN(Cc2ccc(C(F)(F)F)cc2)[C@H](C)C1,6.748919090560843,2
CHEMBL5398472,CC(=O)Nc1cc(Nc2ccccc2S(C)(=O)=O)c(-c2ccccn2)cn1,6.931814138253839,1
CHEMBL5398548,CNc1cc(Nc2cccn(-c3ncccc3F)c2=O)nc2c(C(=O)N[C@H]3C[C@@H]3OC)cnn12,7.236572006437063,1
CHEMBL5399515,CNc1cc(Nc2cccn(-c3ncccc3F)c2=O)nc2c(C(=O)NC3CC3)cnn12,7.6777807052660805,1
CHEMBL5399546,[2H]C([2H])([2H])NC(=O)c1nnc(NC(=O)OC)cc1Nc1nccc(-c2ncn(C)n2)c1OC,8.028995973488843,2
CHEMBL5400209,Cn1cc(-c2cn3ncnc3c(-c3ccn([C@]4(CC#N)C[C@H](C#N)C4)c3)n2)cn1,7.853871964321762,1
CHEMBL5400756,CNC(=O)c1cnc2[nH]ccc2c1N[C@@H]1CCN(Cc2cccc(C#N)c2)C[C@H]1F,5.97061622231479,1
CHEMBL5401070,CO[C@@]1(c2cccc(-c3cn(C)c4cnc(NC(N)=O)cc34)n2)CCOC1,8.301029995663981,1
CHEMBL5401385,[2H]C([2H])([2H])NC(=O)c1nnc(Nc2ccc(OCC)nn2)cc1Nc1nccc(-c2ncc(F)cn2)c1OC,7.881228130928562,2
CHEMBL5402073,Cc1cnc(Nc2ccc(N3CCOCC3)cc2)nc1-c1cnn(CCC#N)c1,8.698970004336019,1
CHEMBL5402123,CNC(=O)c1cnc2[nH]ccc2c1NC1CCN(Cc2ccc(Cl)cc2)C(C)(C)C1,7.412289034981089,1
CHEMBL5402351,CNc1cc(Nc2cccn(-c3ncccc3F)c2=O)nc2c(C(=O)N[C@H]3CCC3(F)F)cnn12,8.045757490560675,1
CHEMBL5402702,[2H]C([2H])([2H])CC(=O)c1cnc(NC(=O)C2CC2)cc1Nc1cccc2c1N(C)Cc1nn(C([2H])([2H])[2H])nc1-2,7.522878745280337,1
CHEMBL5402829,O=C(Nc1cnccc1-c1ccc(F)cc1)c1ccnc(Nc2ccc(F)cc2)n1,4.769551078621726,1
CHEMBL5403115,[2H]C([2H])([2H])NC(=O)c1nnc(Nc2cccc(OC)n2)cc1Nc1nccc(-c2ncn(C)n2)c1OC,8.590228032229065,2
CHEMBL5403272,CCS(=O)(=O)c1cccc(-c2cn(C)c3cnc(NC(C)=O)cc23)n1,8.045757490560675,1
CHEMBL5403283,Cc1cnc(Nc2ccc(CNC(=O)/C=C/C(=O)c3ccccc3)cc2)nc1-c1cnn(C(C)C)c1,7.366531544420414,1
CHEMBL5403297,[2H]C([2H])([2H])n1nnc2c3cc(cc21)CO[C@@H]1CCC[C@H]1NC(=O)c1cnc2c(NC)cc(nn12)N3,8.769551078621726,1
CHEMBL5403330,NC(=O)c1cnc(Nc2ccccn2)cc1Nc1ccccc1Cl,7.958607314841775,1
CHEMBL5403477,[2H]C([2H])([2H])NC(=O)c1nnc(NC(=O)C2CC2)cc1Nc1nccc(-c2ncc(F)cn2)c1OC,8.409078206027614,2
CHEMBL5403572,[2H]C([2H])([2H])NC(=O)c1nnc(Nc2ccccn2)cc1Nc1nccc(-c2ncc(F)cn2)c1OC,8.084385153066467,2
CHEMBL5403825,CNc1cc(Nc2cccn(C3CCN(CCF)CC3)c2=O)nc2c(C(=O)N[C@H]3CC[C@@H]3OC)cnn12,7.795880017344075,1
CHEMBL5403897,CCOC(=O)Cc1ccc(Nc2cc(Nc3ccccc3Cl)c(C(N)=O)cn2)nc1,7.769551078621726,1
CHEMBL5404091,CNc1cc(Nc2cccn(-c3ccc(F)cc3)c2=O)nc2c(C(=O)NC3CC3)cnn12,7.346787486224656,1
CHEMBL5404261,CNC(=O)c1cnc2[nH]ccc2c1N[C@@H]1CCN(Cc2ccc(OC)cc2)C[C@@H]1F,5.948886083222399,1
CHEMBL5404574,COC[C@@H](C)OC(=O)Cc1ccc(Nc2cc(Nc3ccccc3OC)c(C(N)=O)cn2)nc1,8.698970004336019,1
CHEMBL5405043,CNC(=O)c1cnc2[nH]ccc2c1N[C@@H]1CCN(Cc2ccc(C#N)nc2)[C@H](C)C1,7.125518182300533,1
CHEMBL5405140,CNC(=O)c1cnc2[nH]ccc2c1N[C@@H]1CCN(Cc2ccc(F)cc2)[C@H](C)C1,6.908684840302777,1
CHEMBL5405178,[2H]C([2H])([2H])NC(=O)c1nnc(NC(C)=O)cc1Nc1nccc(-c2ncn(C)n2)c1OC,8.290849354340127,2
CHEMBL5405538,CNc1cc(Nc2cccc3c2OCCC3)nc2c(C(=O)N[C@@H]3CCN(C)C3=O)cnn12,8.154901959985743,1
CHEMBL5405569,CNc1cc(Nc2cccn(-c3ncccc3F)c2=O)nc2c(C(=O)N[C@@H]3C[C@@H]3F)cnn12,7.657577319177793,1
CHEMBL5406364,[2H]C([2H])([2H])NC(=O)c1nnc(Nc2ccc(F)cc2)cc1Nc1nccc(-c2ncn(C)n2)c1OC,7.743657801891418,2
CHEMBL5407138,CNc1cc(Nc2cccn(-c3ncccc3F)c2=O)nc2c(C(=O)NCC3(CO)CC3)cnn12,6.769551078621726,1
CHEMBL5407260,COc1ccccc1Nc1cc(Nc2ccc(CC(=O)O[C@@H]3CCOC3)cn2)ncc1C(N)=O,8.698970004336019,1
CHEMBL5407329,COc1ccccc1Nc1cc(Nc2ccc(CC(=O)O)cn2)ncc1C(N)=O,8.154901959985743,1
CHEMBL5408060,[2H]C([2H])([2H])NC(=O)c1nnc(NC(=O)C2CC2)cc1Nc1nccc(-c2noc(C)n2)c1OC,8.471547574331764,2
CHEMBL5408198,Cc1cnc(Nc2ccc(OCCN3CCCC3)cc2)nc1Nc1ccc(C(=O)NO)cc1,7.00436480540245,1
CHEMBL5408324,CNC(=O)c1cnc2[nH]ccc2c1N[C@@H]1CCN(Cc2ccc(Cl)cn2)[C@H](C)C1,7.779891911959945,1
CHEMBL5408759,CN(C)S(=O)(=O)c1cccc(-c2c[nH]c3cnc(NC(=O)C4CC4)cc23)c1,6.318758762624412,1
CHEMBL5408994,Cc1cnc(Nc2ccc(CNC(=O)C3CC3)cc2)nc1-c1cnn(C(C)C)c1,7.2076083105017466,1
CHEMBL5409126,CO[C@@]1(c2cc(C)cc(-n3cc(C4CC4)c4cnc(NC(C)=O)cc43)n2)CCOC1,9.221848749616356,2
CHEMBL5409445,[2H]C([2H])([2H])NC(=O)c1nnc(Nc2ccc(OC)nn2)cc1Nc1nccc(-c2ncc(F)cn2)c1OC,7.657129130698868,2
CHEMBL5409590,[2H]C([2H])([2H])NC(=O)c1nnc(NC(=O)CC)cc1Nc1nccc(-c2ncn(C)n2)c1OC,8.340968332518619,2
CHEMBL5409666,COc1ccccc1Nc1cc(Nc2ccccn2)ncc1C(N)=O,8.221848749616356,1
CHEMBL5409953,COC(=O)Cc1ccc(Nc2cc(Nc3ccccc3Cl)c(C(N)=O)cn2)nc1,8.0,1
CHEMBL5410919,CNC(=O)c1cnc2[nH]ccc2c1N[C@@H]1CCN(Cc2ccc(C(F)(F)F)cn2)[C@H](C)C1,7.5003129173815966,1
CHEMBL5410927,CNC(=O)c1cnc2[nH]ccc2c1N[C@@H]1CCN(Cc2ccc(C#N)cc2)C[C@H]1F,6.385208208043583,1
CHEMBL5411146,[2H]C([2H])([2H])NC(=O)c1nnc(NC(=O)C2CC2)cc1Nc1nccc(-c2ccccn2)c1OC,8.252922702990778,2
CHEMBL5411149,[2H]C([2H])([2H])NC(=O)c1nnc(Nc2ccc(C(C)(C)N)cn2)cc1Nc1nccc(-c2ncc(F)cn2)c1OC,8.828788659588897,2
CHEMBL5411775,CNc1cc(Nc2cccn([C@H]3CCCOC3)c2=O)nc2c(C(=O)N[C@H]3CC[C@@H]3OC)cnn12,7.657577319177793,1
CHEMBL5412034,[2H]C([2H])([2H])NC(=O)c1nnc(Nc2ccc(F)cn2)cc1Nc1nccc(-c2ncn(C)n2)c1OC,8.887345359137068,2
CHEMBL5412619,Cc1cnc(Nc2cnn(C)c2)nc1N1CC2CCCC(C1)N2CCC#N,8.468521082957745,1
CHEMBL5412967,COC[C@H](C)OC(=O)Cc1ccc(Nc2cc(Nc3ccccc3OC)c(C(N)=O)cn2)nc1,9.0,1
CHEMBL5413489,NC(=O)c1nnc(-c2c(F)cccc2F)cc1Nc1ccc(N2CCOCC2=O)cn1,10.096910013008056,1
CHEMBL5413544,[2H]C([2H])([2H])NC(=O)c1nnc(NC(=O)C2CC2)cc1Nc1nccc(-c2ncn(C)n2)c1OC,9.027758663924915,2
CHEMBL5414602,CNc1cc(Nc2cccn(-c3ccc(F)cn3)c2=O)nc2c(C(=O)N[C@@H]3CC[C@H]3OC)cnn12,8.09151498112135,1
CHEMBL5414765,CC(=O)Nc1cc2c(-c3cccc(S(=O)(=O)N(C)C)c3)cn(C)c2cn1,8.0,1
CHEMBL5414946,CNc1cc(Nc2cccn(C3CCOCC3)c2=O)nc2c(C(=O)N[C@H]3CC[C@@H]3OC)cnn12,7.4089353929735005,1
CHEMBL5415132,[2H]C([2H])([2H])NC(=O)c1nnc(NC(=O)C2CCC2)cc1Nc1nccc(-c2ncn(C)n2)c1OC,8.08826288541485,2
CHEMBL5415406,CO[C@@]1(c2cccc(-c3cn(C)c4cnc(NC(C)=O)cc34)n2)CCOC1,7.522878745280337,1
CHEMBL5415586,COc1ccccc1Nc1cc(Nc2cccc(C)n2)ncc1C(N)=O,7.823908740944319,1
CHEMBL5415951,CNc1cc(Nc2cccnc2OC)nc2c(C(=O)NC3CC3)cnn12,7.585026652029182,1
CHEMBL5416227,COc1cc(Nc2cc(NC(C)=O)ncc2-c2ccc(F)cn2)nc(S(C)(=O)=O)c1,10.585026652029182,1
CHEMBL5416323,[2H]C([2H])([2H])NC(=O)c1nnc(Nc2cc(F)ccn2)cc1Nc1nccc(-c2ncc(F)cn2)c1OC,7.79167974633086,2
CHEMBL5416999,COc1ccc2cc1COC/C=C/COCc1cccc(c1)-c1ccnc(n1)N2,6.6777807052660805,1
CHEMBL5417355,CC(=O)Nc1cc(Nc2cccc(S(C)(=O)=O)c2)c(-c2ccccn2)cn1,10.42021640338319,1
CHEMBL5417474,CCOC(=O)CCc1ccc(Nc2cc(Nc3ccccc3Cl)c(C(N)=O)cn2)nc1,7.431798275933005,1
CHEMBL5418288,COc1cc(Nc2cc(NC(C)=O)ncc2-c2ccc3c(n2)OCC(C)(C)O3)nc(S(C)(=O)=O)c1,8.162239139696101,2
CHEMBL5418485,[2H]C([2H])([2H])NC(=O)c1nnc(Nc2cc(OC)ccn2)cc1Nc1nccc(-c2ncn(C)n2)c1OC,8.518815332164989,2
CHEMBL5418687,CC(=O)Nc1cc2c(-c3cccc(S(=O)(=O)C4COC4)n3)cn(C)c2cn1,7.455931955649724,1
CHEMBL5418744,CNc1cc(Nc2cccn(-c3ncccc3F)c2=O)nc2c(C(=O)N[C@@H]3CC[C@H]3OC)cnn12,8.167491087293763,1
CHEMBL5419281,CNc1cc(Nc2cccn(-c3ocnc3C)c2=O)nc2c(C(=O)N[C@@H]3CC[C@H]3OC)cnn12,8.744727494896694,1
CHEMBL5419439,CN(C)CCN(C)c1ccc2cc1COC/C=C/COCc1cccc(c1)-c1ccnc(n1)N2,7.1487416512809245,1
CHEMBL5419627,CNC(=O)c1nnc(NC(=O)N2CCC2)cc1Nc1cccc(-c2ncn(C)n2)c1OC,7.267606240177032,1
CHEMBL5419978,Cc1cnc(Nc2ccc(CNS(=O)(=O)C3CC3)cc2)nc1-c1cnn(C(C)C)c1,6.690369832574102,1
CHEMBL5420083,CCOC(=O)Cc1ccc(Nc2cc(Nc3ccccc3OC)c(C(N)=O)cn2)nc1,7.6777807052660805,1
CHEMBL5420172,CNc1cc(Nc2cc(C)cc(C)c2)nc2c(C(=O)NC3CC3)cnn12,7.853871964321762,1
CHEMBL5420187,[2H]C([2H])([2H])NC(=O)c1nnc(Nc2ccc(N3CCOCC3)cn2)cc1Nc1nccc(-c2ncc(F)cn2)c1OC,8.252922702990778,2
CHEMBL5420349,COc1cc(Nc2cc(NC(C)=O)ncc2-c2ccc(C(C)(C)O)cn2)nc(S(C)(=O)=O)c1,10.568636235841012,1
CHEMBL5420407,CNC(=O)c1cnc2[nH]ccc2c1NC1CCN(Cc2cccc(Cl)c2)C(C)(C)C1,6.402853512166304,1
CHEMBL5420971,CCOC(=O)c1ccc(Nc2cc(Nc3ccccc3Cl)c(C(N)=O)cn2)nc1,6.769551078621726,1
CHEMBL5421204,C[C@H]1CC(C(=O)CC#N)[C@]12CCN(c1ncnc3[nH]ccc13)C2,7.552841968657781,1
CHEMBL5421894,C/C(=C\C[C@@H](C)[C@H]1CC[C@H]2[C@@H]3C[C@H](OS(=O)(=O)[O-])[C@H]4C[C@H](OS(=O)(=O)[O-])[C@@H](OS(=O)(=O)[O-])C[C@]4(C)[C@H]3CC[C@]12C)C(C)(C)C(C)C.[Na+].[Na+].[Na+],6.275724130399211,1
CHEMBL5422022,COCCOc1cc(Nc2cc(NC(C)=O)ncc2-c2ccccn2)nc(S(C)(=O)=O)c1,10.744727494896694,1
CHEMBL5422616,CNc1cc(Nc2cccn(-c3ccccn3)c2=O)nc2c(C(=O)N[C@H]3CC[C@@H]3OC)cnn12,8.47173813796045,2
CHEMBL5422793,O[C@]12C[C@@H]3C[C@H](C1)[C@H](Nc1c(-c4cn[nH]c4)cnc4[nH]ccc14)[C@@H](C3)C2,5.950781977329818,1
CHEMBL5422880,CNc1cc(Nc2cccn(-c3ncccc3F)c2=O)nc2c(C(=O)N[C@H]3C[C@H]3F)cnn12,7.167491087293763,1
CHEMBL5422886,COCCOC(=O)Cc1ccc(Nc2cc(Nc3ccccc3OC)c(C(N)=O)cn2)nc1,8.698970004336019,1
CHEMBL5422938,C=CS(=O)(=O)NCc1ccc(Nc2ncc(C)c(-c3cnn(C(C)C)c3)n2)cc1,6.686132779630847,1
CHEMBL5423027,Cc1cc(Nc2ncc(C)c(-c3cnn(CCC#N)c3)n2)sn1,8.823908740944319,1
CHEMBL5423387,CNC(=O)c1cnc2[nH]ccc2c1N[C@@H]1CCN(Cc2ccc(C#N)cc2)C[C@@H]1F,6.621238824683627,1
CHEMBL5423566,Cc1cc(Nc2ncc(Cl)c(-c3cnn(CCC#N)c3)n2)sn1,8.823908740944319,1
CHEMBL5423799,CNc1cc(Nc2cccn(-c3ncccc3F)c2=O)nc2c(C(=O)N[C@@H]3CC[C@H]3O)cnn12,6.494850021680094,1
CHEMBL5423859,CNc1cc(Nc2cccn(-c3cccnc3)c2=O)nc2c(C(=O)N[C@H]3CC[C@@H]3OC)cnn12,7.886056647693163,1
CHEMBL5423894,CNC(=O)c1cnc2[nH]ccc2c1N[C@@H]1CCN(Cc2ccccc2F)[C@H](C)C1,7.11975822410452,1
CHEMBL5423944,CNC(=O)c1cnc2[nH]ccc2c1N[C@H]1CCN(Cc2ccc(Cl)cn2)[C@@H](C)C1,8.03058408764602,1
CHEMBL5424098,CCS(=O)(=O)NCc1ccc(Nc2ncc(C)c(-c3cnn(C(C)C)c3)n2)cc1,6.716698771296451,1
CHEMBL5424385,[2H]C([2H])([2H])CC(=O)c1cnc(NC(=O)C2CC2)cc1Nc1nccc2c1N(C)Cc1nn(CC)nc1-2,7.522878745280337,1
CHEMBL5424439,CC(C)OC(=O)Cc1ccc(Nc2cc(Nc3ccccc3Cl)c(C(N)=O)cn2)nc1,7.5376020021010435,1
CHEMBL5424441,CNc1cc(Nc2cccn(-c3ccccn3)c2=O)nc2c(C(=O)N[C@@H]3CCN(C)C3=O)cnn12,6.950781977329818,1
CHEMBL5424861,NC(=O)c1cnc2[nH]ccc2c1NC1[C@@H]2CC3C[C@H]1CC(O)(C3)C2,8.318758762624412,1
CHEMBL5424894,CNc1cc2nn3c(cnc13)C(=O)N[C@H](C)COCc1ccc(OC)c(c1)N2,8.920818753952375,1
CHEMBL5426374,CS(=O)(=O)N1CC[C@H](C#CC(=O)N2CCC[C@@H](c3ccc(Cl)c(Cl)c3)C2)C1,7.41604609499926,2
CHEMBL5427107,[2H]C([2H])([2H])NC(=O)c1nnc(NC(=O)CC2CC2)cc1Nc1nccc(-c2ncn(C)n2)c1OC,9.193608071640131,2
CHEMBL5427277,CC(=O)Nc1cc(Nc2cccc(S(C)(=O)=O)n2)c(-c2ccccn2)cn1,10.795880017344075,2
CHEMBL5427850,CNc1cc(Nc2cccn(-c3nc(C)co3)c2=O)nc2c(C(=O)N[C@H]3CC[C@@H]3OC)cnn12,8.698970004336019,1
CHEMBL5427932,CNC(=O)c1cnc2[nH]ccc2c1N[C@@H]1CCN(Cc2ccc(Cl)nc2)[C@H](C)C1,7.882728704344236,1
CHEMBL5428288,CNc1cc(Nc2cccn(-c3ncco3)c2=O)nc2c(C(=O)N[C@H]3CC[C@@H]3OC)cnn12,8.193820026016112,1
CHEMBL5428659,CCOc1cccc(Nc2cc(NC)n3ncc(C(=O)N[C@@H]4CCN(C)C4=O)c3n2)n1,7.42021640338319,1
CHEMBL5429085,COc1ccc2cc1COC/C=C/COCc1cc(ccc1OCCN1CCCC1)Nc1nccc-2n1,6.7447274948966935,1
CHEMBL5429461,O=c1cc(-c2ccccc2)nc2c(-c3cccc([N+](=O)[O-])c3)c(C(F)(F)F)[nH]n12,4.657129130698868,2
CHEMBL5430689,CNc1cc(Nc2cccn(-c3ccc(C)nc3)c2=O)nc2c(C(=O)N[C@H]3CC[C@@H]3OC)cnn12,8.657577319177793,1
CHEMBL5430795,CNC(=O)c1cnc2[nH]ccc2c1N[C@@H]1CCN(Cc2ccc(C#N)cn2)[C@H](C)C1,7.242603971206976,1
CHEMBL5430831,CNC(=O)c1cnc2[nH]ccc2c1NC1CCN(Cc2ccc(Cl)cc2)CC1(F)F,5.970819211092453,1
CHEMBL5430970,[2H]C([2H])([2H])NC(=O)c1nnc(NC(=O)CC)cc1Nc1cccc(-c2ncn(C)n2)c1OC,8.001744163922911,2
CHEMBL5431257,NC(=O)c1cnc(Nc2ccc(CC(=O)O)cn2)cc1Nc1ccccc1Cl,8.0,1
CHEMBL5431291,Cc1cnc(NC2CCOCC2)nc1-c1cnn(CCC#N)c1,4.301029995663981,1
CHEMBL5431732,CNc1cc(Nc2cccn(C3COC3)c2=O)nc2c(C(=O)N[C@H]3CC[C@@H]3OC)cnn12,7.721246399047171,1
CHEMBL5432626,C=CC(=O)NCc1ccc(Nc2ncc(C)c(-c3cnn(C(C)C)c3)n2)cc1,7.113509274827518,1
CHEMBL5433426,COc1ccccc1Nc1cc(Nc2cccnn2)ncc1C(N)=O,7.721246399047171,1
CHEMBL5433451,CNc1cc(Nc2ccccc2OC)nc2c(C(=O)N[C@@H]3CCN(C)C3=O)cnn12,7.721848749616356,2
CHEMBL5433552,Cc1cnc(Nc2ccc(OCCCCCCC(=O)NO)cc2)nc1Nc1cccc(S(=O)(=O)NC(C)(C)C)c1,6.382580253262823,1
CHEMBL5433636,[2H]C([2H])([2H])NC(=O)c1nnc(NC(=O)C2CC2)cc1Nc1nccc(-c2noc(CNC)n2)c1OC,7.799299729609228,2
CHEMBL5433889,CC(=O)Nc1cc(Nc2ncccc2S(C)(=O)=O)c(-c2ccccn2)cn1,7.096910013008056,1
CHEMBL5434116,CNC(=O)c1cnc2[nH]ccc2c1N[C@@H]1CCN(Cc2cccc(Cl)c2)C[C@@H]1F,6.226872075966665,1
CHEMBL5434272,OCCN1CCN(c2ccc3cc2COC/C=C/COCc2cccc(c2)-c2ccnc(n2)N3)CC1,6.795880017344075,1
CHEMBL5434751,CO[C@]1(c2cccc(-c3cn(C)c4cnc(NC(C)=O)cc34)n2)CCOC1,7.221848749616356,1
CHEMBL5435131,Cc1cnc(NCCN2CCOCC2)nc1-c1cnn(CCC#N)c1,4.773761082924016,1
CHEMBL5435417,CNC(=O)c1cnc2[nH]ccc2c1N[C@@H]1CCN(Cc2ccc(C(F)(F)F)nc2)[C@H](C)C1,7.432973633840939,1
CHEMBL5435482,Cc1cnc(Nc2ccc(N3CCN(C)CC3)cc2)nc1-c1cnn(CCC#N)c1,8.698970004336019,1
CHEMBL5437122,[2H]C([2H])([2H])NC(=O)c1nnc(Nc2cc(C)ccn2)cc1Nc1nccc(-c2ncn(C)n2)c1OC,9.048455006504028,2
CHEMBL5437261,Cn1cc(Nc2nccc(-c3cnn(CCC#N)c3)n2)cn1,7.309803919971486,1
CHEMBL5437552,[2H]C([2H])([2H])NC(=O)c1nnc(Nc2ccc(C(C)(C)O)cn2)cc1Nc1nccc(-c2ncc(F)cn2)c1OC,8.693608071640131,2
CHEMBL5437653,Cn1cc(-c2cn3ncnc3c(-c3ccn([C@]4(CC#N)C[C@@H](C#N)C4)c3)n2)cn1,6.954677021213342,1
CHEMBL5438635,CNc1cc(Nc2cccn([C@H]3CC[C@@H](OC)CC3)c2=O)nc2c(C(=O)N[C@@H]3CC[C@H]3OC)cnn12,8.017728766960431,1
CHEMBL5438688,[2H]C([2H])([2H])NC(=O)c1nnc(NC(=O)CCC)cc1Nc1nccc(-c2ncn(C)n2)c1OC,8.244727494896694,2
CHEMBL5438892,Cc1cnc(Nc2cnn(C)c2)nc1-c1cnn(CCC#N)c1,8.468521082957745,1
CHEMBL5438956,O=c1cc(-c2ccccc2)nc2c(-c3ccccc3)c(C(F)(F)F)[nH]n12,4.494850021680094,1
CHEMBL5439075,Cc1cnc2nc1-c1cccc(c1)COC/C=C/COCc1cc(ccc1OCCN1CCCC1)N2,7.2441251443275085,1
CHEMBL5439447,[2H]C([2H])([2H])NC(=O)c1nnc(Nc2ccc(N3CC(O)C3)cn2)cc1Nc1cccc(-c2ncn(C)n2)c1OC,7.080921907623926,1
CHEMBL5439582,CNC(=O)c1cnc2[nH]ccc2c1N[C@@H]1CCN(Cc2ccc(Cl)cc2)C[C@@H]1F,6.33866065999396,1
CHEMBL5439728,[2H]C([2H])([2H])NC(=O)c1nnc(Nc2cccc(C)n2)cc1Nc1nccc(-c2ncn(C)n2)c1OC,8.934833115752497,2
CHEMBL5439751,CO[C@@]1(c2cc(C)cc(-n3cc(C4CCN(C)CC4)c4cnc(NC(N)=O)cc43)n2)CCOC1,8.67778070526608,1
CHEMBL5440017,CNC(=O)c1cnc2[nH]ccc2c1N[C@@H]1CCN(Cc2cccc(C#N)n2)[C@H](C)C1,7.347753658996677,1
CHEMBL5440225,[2H]C([2H])([2H])NC(=O)c1nnc(Nc2cc(C)c(C)cn2)cc1Nc1nccc(-c2ncn(C)n2)c1OC,8.657129130698868,2
CHEMBL5440264,NC(=O)c1nnc(-c2c(F)cccc2Cl)cc1Nc1ccc(N2CCOCC2)cc1,9.698970004336019,1
CHEMBL5440397,CNc1cc(Nc2cccn(-c3cnc(C)o3)c2=O)nc2c(C(=O)N[C@@H]3CC[C@H]3OC)cnn12,8.008773924307505,1
CHEMBL5440491,CNc1cc(Nc2cccn([C@@H]3CCCOC3)c2=O)nc2c(C(=O)N[C@H]3CC[C@@H]3OC)cnn12,8.167491087293763,1
CHEMBL5440510,Cc1cnc(Nc2ccccc2)nc1-c1cnn(CCC#N)c1,7.958607314841775,1
CHEMBL5440964,Cc1cnc(Nc2ccc(CNC(=O)CCl)cc2)nc1-c1cnn(C(C)C)c1,7.481486060122112,1
CHEMBL5441087,CNC(=O)c1cnc2[nH]ccc2c1N[C@@H]1CCN(Cc2cccc(C#N)c2)C[C@@H]1F,6.44660248987612,1
CHEMBL5517734,Cc1cc(C#N)ncc1Oc1cc(Nc2ccc(C(=O)N3CCN(C)CC3)cn2)c2ncn(C)c2n1,8.744727494896694,1
CHEMBL5532333,Cc1cc(C#N)ncc1Oc1cc(Nc2ccc(C(=O)N(C)C)cc2)c2ncn(C)c2n1,7.920818753952375,1
CHEMBL5532555,CN(c1cc(Nc2cc(N)ncn2)c2ncn(C)c2n1)C1CCOC2(CCC2)C1,8.1249387366083,1
CHEMBL5532560,CCc1cc(C#N)cc(F)c1N(C)c1cc(Nc2cc(N)ncn2)c2ncn(C)c2n1,9.236572006437063,1
CHEMBL5532617,Cc1cc(C#N)ncc1Oc1cc(Nc2cc(N)ncn2)c2ncn(C)c2n1,8.568636235841012,1
CHEMBL5542289,CCc1cc(C#N)cc(F)c1N(C)c1cc(NC(=O)NC)c2ncn(C)c2n1,9.494850021680094,1
CHEMBL5542745,Cc1cc(C#N)ncc1Nc1cc(Nc2cc(N)ncn2)c2ncn(C)c2n1,8.309803919971486,1
CHEMBL5556514,Cc1cc(C#N)ncc1Oc1cc(Nc2ccc(N3CCN(C)CC3)nn2)c2ncn(C)c2n1,8.619788758288394,1
CHEMBL5556990,N#Cc1ccccc1CN1CCC(Nc2c(-c3cc[nH]c3)cnc3[nH]ccc23)CC1,5.382370702242158,1
CHEMBL5557585,CCc1cc(C#N)cc(F)c1N(C)c1nc(NC(=O)C2CC2)c2ncn(C)c2n1,8.318758762624412,1
CHEMBL5557846,Cc1cc(C#N)ncc1Oc1cc(Nc2ccc(C(=O)N3C[C@@H]4CCN(C)[C@@H]4C3)cn2)c2ncn(C)c2n1,8.67778070526608,1
CHEMBL5558196,Cc1cc(C#N)ncc1Oc1cc(Nc2ccc(N3CCOCC3)nn2)c2ncn(C)c2n1,8.638272163982407,1
CHEMBL5558764,Cc1cc(C#N)ncc1Oc1cc(Nc2ccc(C(=O)N(C)C)cn2)c2ncn(C)c2n1,8.443697499232712,1
CHEMBL5559212,CCc1cc(C#N)ncc1N(C)c1cc(Nc2cc(N)ncn2)c2ncn(C)c2n1,9.3767507096021,1
CHEMBL5559338,Cc1cc(C#N)ncc1Oc1cc(Nc2ccc(N3C[C@@H](C)N(C)[C@@H](C)C3)nn2)c2ncn(C)c2n1,8.481486060122112,1
CHEMBL5559823,N#Cc1ccccc1CN1CCC(Nc2c(-c3cn[nH]c3)cnc3[nH]ccc23)CC1,8.387216143280265,1
CHEMBL5560865,CN(c1cc(Nc2cc(N)ncn2)c2ncn(C)c2n1)C(C1CC1)C(F)(F)F,9.017728766960431,1
CHEMBL5561045,Cn1cnc2c(Nc3cc(N)ncn3)cc(N(C)[C@H]3CC[C@H](C#N)CC3)nc21,8.221848749616356,1
CHEMBL5561057,Cc1cc(C#N)ncc1N(C)c1cc(Nc2cc(N)ncn2)c2ncn(C)c2n1,9.017728766960431,1
CHEMBL5561392,N#Cc1ccccc1CN1CCC(Nc2c(-c3cc[nH]n3)cnc3[nH]ccc23)CC1,8.886056647693163,1
CHEMBL5561750,Cn1cnc2c(Nc3cc(N)ncn3)cc(OC(C3CC3)C(F)(F)F)nc21,8.920818753952375,1
CHEMBL5562518,Cc1cc(C#N)ncc1Oc1cc(Nc2ccc(C(=O)N3CCOCC3)cn2)c2ncn(C)c2n1,8.795880017344075,1
CHEMBL5565307,Cc1cc(C#N)ncc1Oc1cc(Nc2ccc(N3CCOCC3)cn2)c2ncn(C)c2n1,8.443697499232712,1
CHEMBL5565916,Cn1cnc2c(Nc3cc(N)ncn3)cc(NC(C3CC3)C(F)(F)F)nc21,9.0,1
CHEMBL5566087,Cc1cc(S(C)(=O)=O)nc(F)c1Oc1cc(Nc2cc(N)ncn2)c2ncn(C)c2n1,8.337242168318426,1
CHEMBL5566261,CCc1cc(C#N)cc(F)c1N(C)c1cc(NC(=O)C2CC2)c2ncn(C)c2n1,9.142667503568731,1
CHEMBL5568368,COc1cccc(CN2CCC(Nc3c(-c4cc[nH]c4)cnc4[nH]ccc34)CC2)c1,6.297569463554475,1
CHEMBL5739910,N=C(N)NS(=O)(=O)c1ccc(C2C[C@H]2C(=O)Nc2ccc3cnccc3c2)cc1,7.102372908709558,1
CHEMBL5740030,C[C@H]1CN(S(=O)(=O)C[C@H]2C[C@@H](N(C)c3ncnc4[nH]ccc34)C2)CCO1,5.62324060459512,1
CHEMBL5740034,N#CCC1(n2ccc(-c3nc(-c4cn[nH]c4)cc4ncccc34)n2)CC(C#N)C1,7.878480975656853,2
CHEMBL5740323,Cc1cccc(C)c1Nc1nc(Nc2cnn(C(C)(C)C)c2)ncc1C(N)=O,7.772113295386326,1
CHEMBL5740692,Cn1cc(-c2cc(-c3cnn(C4(CC#N)CC(C#N)C4)n3)n3ccnc3c2)cn1,6.498269733945246,2
CHEMBL5741078,CS(=O)(=O)N1CC(CC#N)(n2ncc(-c3cc(-c4ccc(F)c(CO)c4)cc4ncccc34)n2)C1,6.995678626217358,1
CHEMBL5741167,CNC(=O)c1n[nH]c2cc(-c3cc(F)c(O)cc3CC(F)(F)F)nc(NCc3ccccc3N(C)S(=O)(=O)c3cn[nH]c3)c12,7.170696227168975,2
CHEMBL5741445,Cc1cc(-c2nc(-c3cn[nH]c3N)cc3ncccc23)nn1C1(CC#N)CC(C#N)C1,7.886056647693163,1
CHEMBL5741771,O=C(Nc1nc2cccc(-c3ccc(OCc4ccccn4)cc3)n2n1)C1CC1,6.1249387366083,1
CHEMBL5741806,CN(C)CCNC(=O)N1CCc2[nH]c(-c3n[nH]c4nc(-c5cc(F)c(O)cc5CC(F)(F)F)nc(NCc5cc(O)ccc5N(C)S(C)(=O)=O)c34)nc2C1,7.455931955649724,2
CHEMBL5741945,N#CCC1(n2ccc(-c3nc(-c4cnc5c(c4)CCC5)cc4ncccc34)n2)CN(CC(F)(F)F)C1,5.8198741248359465,1
CHEMBL5742393,CS(=O)(=O)N1CC(CC#N)(n2ccc(-c3nc(-c4cc(O)cc(F)c4)cc4ncccc34)n2)C1,6.928117992693875,1
CHEMBL5742734,CC(CO)n1cc(-c2nc(-c3cnn(C)c3)cn3nccc23)cn1,5.259637310505756,1
CHEMBL5742753,Cn1ncc(-c2cc(-c3cnn(C4(CC#N)CC(C#N)C4)n3)c3cccnc3c2)c1N,6.891983061090663,2
CHEMBL5742919,Cc1cc(-c2cc3ncccc3c(-c3ccn(C4(CC#N)CN(CC(F)(F)F)C4)n3)n2)c[nH]c1=O,7.259637310505756,1
CHEMBL5743152,CCc1cc(O)c(F)cc1-c1cc(N)c(C(=N)C(N)=O)c(NCc2ccccc2N(C)S(=O)(=O)c2ccccc2)n1,7.7423214251308154,1
CHEMBL5743212,C[S@@](=O)(=NCc1nc2cnc3[nH]ccc3c2n1[C@H]1CC[C@H](CC#N)CC1)c1ccccc1,7.216096420727265,1
CHEMBL5743890,N#CCC1(n2ccc(-c3nc(-c4cncc(F)c4)cc4ncccc34)n2)CN(CC(F)(F)F)C1,5.863279432843593,1
CHEMBL5743955,N#CCC1(n2ncc(-c3cc(-c4ccn[nH]4)cc4ncccc34)n2)CN(S(=O)(=O)C2COC2)C1,7.769551078621726,1
CHEMBL5744097,CCc1cc(O)c(F)cc1-c1cc2[nH]nc(C(=O)NC)c2c(NCc2ccccc2N(CC)S(=O)(=O)CC)n1,7.91721462968355,2
CHEMBL5744118,CCC(C(=O)O)n1cc(-c2nc(-c3cnn(C)c3)cn3nccc23)cn1,7.259637310505756,3
CHEMBL5744205,Cn1nc(-c2cc3ncccc3c(-c3ccn(C4(CC#N)CC(C#N)C4)n3)n2)cc1N,7.949814727441218,2
CHEMBL5744743,CCN1CC(CC#N)(n2cc(-c3nc(-c4cc(CO)[nH]n4)cn4nccc34)cn2)C1,7.1938200260161125,4
CHEMBL5744788,CCC(CC)n1cc(-c2nc(-c3cnn(CC4CCOCC4)c3)cn3nccc23)cn1,7.259637310505756,3
CHEMBL5744950,CS(=O)(=O)N1CC(CC#N)(n2ccc(-c3nc(-c4cnn(CC5(O)COC5)c4)cc4ncccc34)n2)C1,7.119186407719209,1
CHEMBL5744973,N#CC[C@H]1CC[C@H](n2c(CC(=O)Nc3ccc(CO)cc3)nc3cnc4[nH]ccc4c32)CC1,9.045757490560675,1
CHEMBL5745028,CCc1cc(O)c(F)cc1-c1cc2[nH]nc(C(=O)NC)c2c(NCc2cc(O)ccc2N(C)S(C)(=O)=O)n1,8.337242168318426,2
CHEMBL5745046,N#CCC1(n2ccc(-c3nc(-c4ncc[nH]4)cc4ncccc34)n2)CN(CC(F)(F)F)C1,6.628932137728263,1
CHEMBL5745762,N#CCC1(n2ncc(-c3cc(-c4ccc(C(=O)O)cc4)cc4ncccc34)n2)CC(C#N)C1,7.447244907615013,2
CHEMBL5745933,Cn1cc(Nc2nccc(N3C[C@H]4CC[C@@H](C3)N4C(N)=O)n2)cn1,6.1791420105603,4
CHEMBL5746057,CNC(=O)c1n[nH]c2cc(-c3cc(F)c(O)cc3C3CC3)nc(NCc3ccccc3N(C)S(C)(=O)=O)c12,6.772113295386326,1
CHEMBL5746077,CNc1nccc(-c2nc3cnc4[nH]ccc4c3n2[C@H]2CC[C@H](CC#N)CC2)n1,7.7447274948966935,1
CHEMBL5746231,O=C([C@@H]1CC1(F)F)N1[C@@H]2CC[C@H]1CN(c1ccnc(Nc3cnc(CCO)c(Cl)c3)n1)C2,7.2076083105017466,4
CHEMBL5746265,CCS(=O)(=O)N(C)c1ccccc1CNc1nc(-c2cc(F)c(O)cc2CC(F)(F)F)cc2[nH]nc(C(N)=O)c12,7.089375595110798,2
CHEMBL5746387,CC(=O)N1CCc2[nH]c(-c3n[nH]c4nc(-c5cc(F)c(O)cc5CC(F)(F)F)nc(NCc5cc(O)ccc5N(C)S(C)(=O)=O)c34)nc2C1,7.853871964321762,2
CHEMBL5746813,O=C(NCc1ncccn1)c1csc(C2C[C@H]2C(=O)Nc2ccc3cncc(Cl)c3c2)c1,9.154901959985743,1
CHEMBL5746898,CCN1CC(CC#N)(n2ccc(-c3nc(-c4cc(CO)[nH]n4)cc4ncccc34)n2)C1,6.5951662833800615,1
CHEMBL5747360,CCc1cc(O)c(F)cc1-c1cc2[nH]nc(C(=O)NC)c2c(NCc2ccccc2N(C)S(N)(=O)=O)n1,7.4698003017969175,2
CHEMBL5747763,CCc1cc(O)c(F)cc1-c1cc(N)c(C=N)c(N(C)Cc2ccccc2N(CC)S(C)(=O)=O)n1,7.801342913045577,1
CHEMBL5748025,CCc1cc(O)c(F)cc1-c1nc(N(CCc2ccc(OC)c(OC)c2)Cc2ccccc2N(C)S(C)(=O)=O)c2cn[nH]c2n1,7.247183568811729,1
CHEMBL5748219,O=C(C1CC1)N1[C@@H]2CC[C@H]1CN(c1ccnc(Nc3cn[nH]c3)n1)C2,7.309803919971486,4
CHEMBL5748259,Cn1cc(-c2cc3ncccc3c(-c3cn(C4(CC#N)CN(CC(F)(F)F)C4)nn3)n2)cn1,8.045757490560675,1
CHEMBL5748331,Cc1cnc(Nc2ccc(OCCO)nc2)nc1N1C[C@H]2[C@@H](C)[C@@]2(NC(=O)[C@H]2C[C@@H]2C#N)C1,7.721246399047171,3
CHEMBL5748466,CC[C@@H](C)n1cc(-c2nc(-c3cnn(C[C@H](O)CO)c3)cn3nccc23)cn1,6.259637310505756,3
CHEMBL5748549,CS(=O)(=O)N1CC(CC#N)(n2ccc(-c3nc(-c4cnc5cn[nH]c5c4)cc4ncccc34)n2)C1,7.356547323513812,1
CHEMBL5748704,Oc1nc(-c2cncnc2)nc2cccc(-c3ccccc3)c12.c1ccc(-c2cccc3nc(-c4cncnc4)nc(NCc4ccccn4)c23)cc1,4.301029995663981,1
CHEMBL5749084,CN(c1ncnc2[nH]ccc12)[C@H]1C[C@@H](CS(=O)(=O)c2cnc3ccoc3c2)C1,8.821023052706831,1
CHEMBL5749186,CC(C)(O)Cn1cc(-c2nc3cnc4[nH]ccc4c3n2[C@H]2CC[C@H](CC#N)CC2)cn1,7.221848749616356,1
CHEMBL5749190,CCc1cc(O)ccc1-c1cc2[nH]ncc2c(N2CCC(OC)CC2)n1,6.289036881004725,2
CHEMBL5749853,CCc1cc(O)c(F)cc1-c1cc2[nH]nc(C(=O)Nc3ccc(C)nc3)c2c(NCc2ccccc2N(C)S(C)(=O)=O)n1,7.701146923590294,2
CHEMBL5750109,Cc1cc(-c2cc3ncccc3c(-c3ccn(C4(CC#N)CN(CC(F)(F)F)C4)n3)n2)n[nH]1,7.443697499232712,1
CHEMBL5750128,N#CC[C@H]1CC[C@H](n2c(C(=O)NCC3CC3)nc3cnc4[nH]ccc4c32)CC1,7.2580609222708015,1
CHEMBL5750612,COc1ccccc1CNc1nc(Cc2cnn(C)c2)ncc1C(N)=O,8.779891911959945,1
CHEMBL5750647,CCc1cc(O)c(F)cc1-c1cc(N)c(C=N)c(NCc2cc(C)ccc2N(C)S(C)(=O)=O)n1,5.888401475119606,1
CHEMBL5750703,CCC(C1CC1)n1cc(-c2nc(-c3cnn(C[C@H](C)O)c3)cn3nccc23)cn1,7.259637310505756,2
CHEMBL5750755,CN1CCN(S(=O)(=O)C[C@H]2C[C@@H](N(C)c3ncnc4[nH]ccc34)C2)CC1=O,8.63264407897398,1
CHEMBL5750887,CCC(CC)n1cc(-c2nc(-c3cnn(C4CC(O)(CO)C4)c3)cn3nccc23)cn1,6.759637310505756,4
CHEMBL5750995,CS(=O)(=O)N1CC(CC#N)(n2ccc(-c3nc(-c4cnn([C@H]5CCOC5)c4)cc4ncccc34)n2)C1,7.6777807052660805,1
CHEMBL5751067,CS(=O)(=O)N1CC(CC#N)(n2ccc(-c3nc(-c4cnn([C@@H]5CCOC5)c4)cc4ncccc34)n2)C1,7.568636235841013,1
CHEMBL5751135,CO[C@@H]1CCCN(S(=O)(=O)C[C@H]2C[C@@H](N(C)c3ncnc4[nH]ccc34)C2)C1,5.5376020021010435,1
CHEMBL5751224,Cc1nn([C@]2(CC#N)C[C@@H](C#N)C2)cc1-c1nc(-c2cnn(C)c2)cn2nccc12,7.468521082957745,4
CHEMBL5751282,CCC(CC)n1cc(-c2nc(-c3cnn(C4CN(C(=O)[C@@H](C)O)C4)c3)cn3nccc23)cn1,6.259637310505756,2
CHEMBL5751510,CCC(CC)n1cc(-c2nc(-c3cnn([C@@H](C)CO)c3)cn3nccc23)cn1,7.259637310505756,3
CHEMBL5751845,CNC(=O)c1n[nH]c2nc(-c3cc(F)c(O)cc3CC(F)(F)F)nc(NCc3ccccc3N(C)S(=O)(=O)NC)c12,5.936666641048251,2
CHEMBL5751965,Cn1cc(-c2cc3nccnc3c(-c3ccn(C4(CC#N)CN(CC(F)(F)F)C4)n3)n2)cn1,5.4211316713339714,1
CHEMBL5752120,CC1(C)CCC[C@@H]1n1cc(-c2nc(-c3cnn(C[C@@H](O)CO)c3)cn3nccc23)cn1,5.259637310505756,6
CHEMBL5752448,COCCOCCOCc1nc2cnc3[nH]ccc3c2n1[C@H]1CC[C@H](CC#N)CC1,7.139661993429006,1
CHEMBL5752673,N#Cc1cncc2ccc(NC(=O)[C@@H]3CC3c3ccc(S(=O)(=O)Nc4ncc(F)cn4)cc3)cc12,8.045757490560675,2
CHEMBL5752678,CCC(CC)n1cc(-c2nc(-c3cnn(C4CN(C(=O)CO)C4)c3)cn3nccc23)cn1,7.259637310505756,3
CHEMBL5752812,CC(C)/C(N)=N/OCc1nc2cnc3[nH]ccc3c2n1[C@H]1CC[C@H](CC#N)CC1,7.468521082957745,1
CHEMBL5752883,CCC(CC)n1cc(-c2nc(-c3cnn(CCC(O)CO)c3)cn3nccc23)cn1,7.259637310505756,3
CHEMBL5752955,CCC(CC)n1cc(-c2nc(-c3cnn(CC4CC(O)C4)c3)cn3nccc23)cn1,7.259637310505756,2
CHEMBL5753368,CCc1cc(O)ccc1-c1cc2[nH]ncc2c(N2CCc3cc(OCCOC)ccc3C2)n1,6.539102157243452,2
CHEMBL5753698,CS(=O)(=O)N1CC(CC#N)(n2ccc(-c3nc(-c4ccn5ccnc5c4)cc4ncccc34)n2)C1,7.376750709602099,1
CHEMBL5753794,CCC(CC)n1cc(-c2nc(-c3cnn(C4CC(CO)C4)c3)cn3nccc23)cn1,7.259637310505756,5
CHEMBL5753804,CS(=O)(=O)N1CC(CC#N)(n2ccc(-c3nc(-c4cnc5c(c4)NCCN5)cc4ncccc34)n2)C1,7.251811972993799,1
CHEMBL5753935,N#CC[C@H]1CC[C@H](n2c(CNC(=O)c3ccc(C#N)cc3)nc3cnc4[nH]ccc4c32)CC1,8.2839966563652,1
CHEMBL5754256,CNCCNC(=O)c1ccc(Nc2oc(-c3c(F)cccc3F)nc2C(N)=O)cc1,7.688246138944246,2
CHEMBL5754513,CC[C@H](C)n1cc(-c2nc(-c3cnn(C(CO)CO)c3)cn3nccc23)cn1,7.259637310505756,3
CHEMBL5754682,CCc1cc(O)c(F)cc1-c1cc2[nH]nc(-c3nnc(C)[nH]3)c2c(NCc2ccccc2N(C)S(C)(=O)=O)n1,7.835647144215563,2
CHEMBL5754846,CCc1cc(O)c(F)cc1-c1nc(N)c(C(=N)C(N)=O)c(NCc2ccccc2N(C)S(=O)(=O)c2ccccc2)n1,7.049148541111453,1
CHEMBL5755238,CCC(CC)n1cc(-c2nc(-c3cnn(C[C@H](O)CNC)c3)cn3nccc23)cn1,7.259637310505756,3
CHEMBL5755718,CN(c1ncnc2[nH]ccc12)[C@H]1C[C@@H](CS(=O)(=O)N2CCn3cccc3C2)C1,9.943095148663527,1
CHEMBL5755723,CCC(CC)n1cc(-c2nc(-c3cnn(C4CN(C(=O)CN5CCCC5)C4)c3)cn3nccc23)cn1,7.259637310505756,3
CHEMBL5756335,CCOP(=O)(Cc1ccc(NC(=O)Cc2nc3cnc4[nH]ccc4c3n2[C@H]2CC[C@H](CC#N)CC2)cc1)OCC,8.148741651280925,1
CHEMBL5756365,CCc1cc(O)c(F)cc1-c1cc2[nH]ncc2c(NCc2ccccc2N(CC)S(C)(=O)=O)n1,8.318758762624412,1
CHEMBL5756719,N#CC[C@H](OCC1CCC(N2C=CC(=O)C3C=Nc4[nH]ccc4C32)CC1)C(F)(F)F,7.958607314841775,1
CHEMBL5757127,CCC(CC)n1cc(-c2nc(-c3cnn(C4CN(C(=O)CNC)C4)c3)cn3nccc23)cn1,7.259637310505756,3
CHEMBL5757313,Cn1nccc1-c1cc(-c2cnn(C3(CC#N)CN(S(C)(=O)=O)C3)n2)c2cccnc2c1,6.139661993429006,1
CHEMBL5757343,O=C1NCc2nc(-c3c(F)cccc3F)cc(Nc3ccc(C(=O)N4C[C@H]5COC[C@H]5C4)cc3)c21,7.052566278112949,2
CHEMBL5757390,CNC(=O)C(=N)c1c(N)cc(-c2cc(F)c(O)cc2C2CC2)nc1NCc1ccccc1N(C)S(C)(=O)=O,6.772113295386326,1
CHEMBL5757481,CCc1cc(O)c(F)cc1-c1cc2[nH]nc(C(=O)NC)c2c(NCc2ccc(O)cc2N(C)S(C)(=O)=O)n1,7.721246399047171,2
CHEMBL5757927,N#CCC1(n2ncc(-c3cc(-c4ccc(OCCN)cc4)cc4ncccc34)n2)CC(C#N)C1,6.856985199745905,1
CHEMBL5758027,CCC(CC)n1cc(-c2nc(-c3cnn(C4CN(C(=O)C(=O)N(C)C)C4)c3)cn3nccc23)cn1,7.259637310505756,3
CHEMBL5758420,CCC(C1CC1)n1cc(-c2nc(-c3cnn(C(CO)CO)c3)cn3nccc23)cn1,7.259637310505756,3
CHEMBL5758571,N#CCC1(n2ccc(-c3nc(-c4cc(CO)no4)cc4ncccc34)n2)CC(C#N)C1,7.585026652029182,1
CHEMBL5758586,CN(c1ncnc2[nH]ccc12)[C@H]1C[C@@H](CS(=O)(=O)N2CC(C)(C#N)C2)C1,6.166215625343521,1
CHEMBL5758787,CCc1cc(O)ccc1-c1cc(N)c(C=N)c(N2CC(Oc3ccccc3)C2)n1,5.28642546222793,1
CHEMBL5759523,N#CC[C@H]1CC[C@H](n2c(-c3cocn3)nc3cnc4[nH]ccc4c32)CC1,8.920818753952375,1
CHEMBL5759725,CCN(c1ncc(F)cc1CNc1nc(-c2cc(F)c(O)cc2CC(F)(F)F)cc2[nH]nc(C(N)=O)c12)S(C)(=O)=O,6.156144577376839,2
CHEMBL5759831,CCNC(=O)c1n[nH]c2cc(-c3cc(F)c(O)cc3CC(F)(F)F)nc(NCc3nccnc3N(CC)S(C)(=O)=O)c12,5.985899678480379,2
CHEMBL5760169,N#CCC1(n2cc(-c3nc(-c4cnn(C5CCOCC5)c4)cc4ncccc34)cn2)CN(CC(F)(F)F)C1,7.6777807052660805,1
CHEMBL5760204,CC[C@H]1CCC[C@H]1n1cc(-c2nc(-c3cnn(C[C@@H](O)CO)c3)cn3nccc23)cn1,6.259637310505756,3
CHEMBL5760354,N#CC[C@H]1CC[C@H](n2c(CNC(=O)Oc3ccccc3)nc3cnc4[nH]ccc4c32)CC1,8.259637310505756,1
CHEMBL5760911,N#CC[C@H]1CC[C@H](n2c(CC(=O)NCC3(O)CCC3)nc3cnc4[nH]ccc4c32)CC1,8.18045606445813,4
CHEMBL5760943,CN(c1ncnc2[nH]ccc12)[C@H]1C[C@@H](CS(=O)(=O)N2CC(C(F)F)C2)C1,6.3819519032879075,1
CHEMBL5760961,N#CC[C@H]1CC[C@H](n2c(CC(=O)NC34CCC(CO)(CC3)C4)nc3cnc4[nH]ccc4c32)CC1,7.978810700930062,1
CHEMBL5761096,CN(c1ncnc2[nH]ccc12)[C@H]1C[C@@H](CS(=O)(=O)N2CC(COC(F)F)C2)C1,5.416914633652312,1
CHEMBL5761250,O=C(Nc1nc2cccc(-c3ccc(C(=O)N4CCC(O)(Cc5ccccc5)CC4)cc3)n2n1)C1CC1,6.522878745280337,1
CHEMBL5761640,Cn1ccc(-c2cc3ncccc3c(-c3ccn(C4(CC#N)CN(CC(F)(F)F)C4)n3)n2)n1,6.806875401645538,1
CHEMBL5762013,N#CCC1(n2ncc(-c3cc(-c4ncccn4)cc4ncccc34)n2)CC(C#N)C1,5.892450870255313,1
CHEMBL5762274,N#CCN1CC(CC#N)(n2ccc(-c3nc(-c4cnn(C5COC5)c4)cc4ncccc34)n2)C1,7.823908740944319,1
CHEMBL5762387,O=C(Nc1ccc2cncc(C(F)(F)F)c2c1)[C@@H]1CC1c1ccc(S(=O)(=O)Nc2ncccn2)cc1,9.045757490560675,1
CHEMBL5762508,CC[C@@H](C1CCC1)n1cc(-c2nc(-c3cnn(C[C@@H](O)CO)c3)cn3nccc23)cn1,7.259637310505756,3
CHEMBL5763117,Cn1cc(-c2cc3ncccc3c(-c3ccn(C4(CC#N)CN(CC(F)(F)F)C4)n3)n2)cn1,7.795880017344075,1
CHEMBL5763942,CCc1cc(O)c(F)cc1-c1nc(NCc2ccccc2N(C)S(C)(=O)=O)c2c(C(=O)NC)n[nH]c2n1,7.856985199745905,2
CHEMBL5764381,O=C(Nc1ccc2cncc(Cl)c2c1)[C@@H]1CC1c1ccc(S(=O)(=O)NC[C@@H]2CCCNC2)cc1,6.890273231461594,2
CHEMBL5764436,CS(=O)(=O)N1CC(CC#N)(n2ncc(-c3cc(-c4c[nH]c5nccc-5c4)cc4ncccc34)n2)C1,5.962573502059376,1
CHEMBL5764491,CN(c1ncnc2[nH]ccc12)[C@H]1C[C@@H](CS(=O)(=O)N2CC(C(F)(F)F)C2)C1,6.1432711096171175,1
CHEMBL5764688,N#CC1(C(=O)NC2CC=C(c3cccc4nc(NC(=O)C5CC5)nn34)CC2)CC1,5.85325198636936,1
CHEMBL5764950,CCC[C@H](C)n1cc(-c2nc(-c3cnn(C(CO)CO)c3)cn3nccc23)cn1,6.259637310505756,3
CHEMBL5764984,N=Cc1c(N)nc(-c2cc(F)c(O)cc2CC(F)(F)F)nc1NCCC1CC1,5.434979071654706,1
CHEMBL5765048,Cn1cc(-c2cn3nccc3c(-c3cnn([C@]4(CC#N)C[C@@H](C#N)C4)c3)n2)c(N)n1,8.045757490560675,4
CHEMBL5765175,CCC(CC)n1cc(-c2nc(-c3cnn([C@H]4OCC[C@@H]4O)c3)cn3nccc23)cn1,7.259637310505756,1
CHEMBL5765208,CC(C)C[C@@H](C)n1cc(-c2nc(-c3cnn(C(CO)CO)c3)cn3nccc23)cn1,6.259637310505756,3
CHEMBL5765303,Cn1cc(Nc2nccc(N3C[C@H]4CC[C@@H](C3)N4Cc3ccns3)n2)cn1,7.638272163982407,4
CHEMBL5765465,C[C@H]1[C@H]2CN(c3nc(Nc4cnn(C)c4)ncc3F)C[C@]21NC(=O)[C@@H]1CC1(F)F,6.0343280287798935,4
CHEMBL5765506,Cn1cc(-c2cn3nccc3c(-c3cnn(C4(CC#N)CC(O)C4)c3)n2)cn1,7.0915149811213505,1
CHEMBL5765519,CS(=O)(=O)N1CC(CC#N)(n2ncc(-c3cc(-c4cccc(C(N)=O)c4)cc4ncccc34)n2)C1,7.031517051446065,1
CHEMBL5765654,Cc1n[nH]cc1-c1cc2ncccc2c(-c2ccn(C3(CC#N)CN(S(C)(=O)=O)C3)n2)n1,7.221848749616356,1
CHEMBL5765697,CCOc1ccc(S(=O)(=O)C[C@H]2C[C@@H](N(C)c3ncnc4[nH]ccc34)C2)cc1Cl,8.449771646944907,1
CHEMBL5766387,CN(c1ccc(O)cc1CNc1nc(-c2cc(F)c(O)cc2CC(F)(F)F)cc2[nH]nc(C(=O)Nc3ccc(NCCO)nc3)c12)S(C)(=O)=O,7.616184634019569,2
CHEMBL5767696,C[C@@H]1OCC[C@@H]1N(C)S(=O)(=O)C[C@H]1C[C@@H](N(C)c2ncnc3[nH]ccc23)C1,5.256882374785258,1
CHEMBL5768103,CCCS(=O)(=O)N1CC(CC#N)(n2ccc(-c3nc(-c4cnn(C)c4)cc4ncccc34)n2)C1,6.860120913598763,1
CHEMBL5768155,N#CCC1(n2ncc(-c3cc(-c4ncc(OCCO)cn4)cc4ncccc34)n2)CC(C#N)C1,5.667561540084395,1
CHEMBL5768197,N#CC[C@H]1CC[C@H](n2c(C(=O)N3CCC(O)(c4ccccc4)C3)nc3cnc4[nH]ccc4c32)CC1,7.6777807052660805,1
CHEMBL5768354,CN(c1ncnc2[nH]ccc12)[C@H]1C[C@@H](CS(=O)(=O)CC2(C)CCC2)C1,9.665546248849068,1
CHEMBL5768550,N#CCC1(n2ncc(-c3cc(-c4cc[nH]c(=O)c4)cc4ncccc34)n2)CC(C#N)C1,6.999501134821103,2
CHEMBL5768725,CS(=O)(=O)N1CC(CC#N)(n2ccc(-c3cc(-c4ccc(=O)[nH]c4)cc4ncccc34)n2)C1,6.696803942579511,1
CHEMBL5769139,Cn1cc(NC(=O)Cc2nc3cnc4[nH]ccc4c3n2[C@H]2CC[C@H](CC#N)CC2)cn1,8.327902142064282,4
CHEMBL5769346,C=CC(=O)N[C@H]1CC[C@H](Cn2ccc3cnc(Nc4cnn(CC(=O)OCC)c4)nc32)CC1,6.259637310505756,1
CHEMBL5769460,N#CCC1(n2cc(-c3ccnc4[nH]ccc34)cn2)CN(S(=O)(=O)CCC(F)(F)F)C1,7.235077015350112,1
CHEMBL5769505,N#CCC1(n2ncc(-c3cc(-c4cncnc4)cc4ncccc34)n2)CC(C#N)C1,5.546070407942271,1
CHEMBL5770024,COCCNC(=O)c1nc2cnc3[nH]ccc3c2n1[C@H]1CC[C@H](CC#N)CC1,7.712198270069774,1
CHEMBL5770313,C[C@@H]1CCCC[C@H]1n1cc(-c2nc(-c3cnn(C[C@H](O)CO)c3)cn3nccc23)cn1,7.259637310505756,3
CHEMBL5770511,Cc1cncc2ccc(NC(=O)[C@@H]3C[C@H]3c3ccc(S(=O)(=O)NC4CCNC4)cc3)cc12,6.698970004336019,1
CHEMBL5770622,N#CCC1(n2ncc(-c3cc(-c4cnccn4)cc4ncccc34)n2)CC(C#N)C1,6.180456064458132,1
CHEMBL5770954,CN(c1ncnc2[nH]ccc12)[C@H]1C[C@@H](CS(=O)(=O)N2CC[C@H](F)C2)C1,5.781989957015637,1
CHEMBL5771209,CCCN(c1ccccc1CNc1nc(-c2cc(F)c(O)cc2CC)cc2[nH]ncc12)S(C)(=O)=O,7.342944147142896,2
CHEMBL5771312,CCNC(=O)N1[C@@H]2CC[C@H]1CN(c1ccnc(Nc3cnc(C(=O)NC)c(C)c3)n1)C2,7.4089353929735005,4
CHEMBL5771385,N#CC[C@H]1CC[C@H](n2c(CN/C(Cc3ccccc3)=N\O)nc3cnc4[nH]ccc4c32)CC1,7.94692155651658,1
CHEMBL5771712,CNC(=O)c1ncc(Nc2nccc(N3C[C@H]4CC[C@@H](C3)N4C(=O)[C@@H]3CC3(F)F)n2)cc1C,7.823908740944319,4
CHEMBL5771770,CCC(CC)n1cc(-c2nc(-c3cnn(C4CC(C(N)=O)C4)c3)cn3nccc23)cn1,7.259637310505756,4
CHEMBL5771806,Cc1ccc(N(C)S(C)(=O)=O)c(CNc2nc(-c3cc(F)c(O)cc3CC(F)(F)F)cc3[nH]nc(C(N)=O)c23)c1,6.525783735923745,1
CHEMBL5771828,CCC(CC)n1cc(-c2nc(-c3cnn([C@H](C)[C@@H](O)CO)c3)cn3nccc23)cn1,7.259637310505756,3
CHEMBL5772110,CC(=O)N1CC(S(=O)(=O)C[C@H]2C[C@@H](N(C)c3ncnc4[nH]ccc34)C2)C1,5.4037328736044845,1
CHEMBL5772180,CN(c1ncnc2[nH]ccc12)[C@H]1C[C@@H](CS(=O)(=O)c2ccc(C(F)(F)F)cc2)C1,8.623423042943488,1
CHEMBL5773142,CS(=O)(=O)N1CC(CC#N)(n2ccc(-c3nc(-c4c[nH]c5ncccc45)cc4ncccc34)n2)C1,8.154901959985743,1
CHEMBL5773435,CN(c1ncnc2[nH]ccc12)[C@H]1C[C@@H](NS(=O)(=O)[C@H]2CC[C@H](C#N)C2)C1,5.6201508212371705,1
CHEMBL5773441,CNC(=O)c1n[nH]c2cc(-c3cc(F)c(O)cc3CC(F)(F)F)nc(NCc3cc(C)ccc3N(C)S(C)(=O)=O)c12,6.640164517660112,1
CHEMBL5773485,NCc1ccnc(NS(=O)(=O)c2ccc(C3CC3C(=O)Nc3ccc4cncc(Cl)c4c3)cc2)c1,7.327902142064283,1
CHEMBL5773611,Cn1ncc(-c2cc3ncccc3c(-c3ccn(C4(CC#N)CC(C#N)C4)n3)n2)c1N,7.515525159509329,2
CHEMBL5774006,CS(=O)(=O)N1CC(CC#N)(n2ccc(-c3nc(-c4cnc5[nH]c(=O)[nH]c5c4)cc4ncccc34)n2)C1,7.657577319177793,1
CHEMBL5774445,O=C(Nc1ccc2cnccc2c1)[C@@H]1CC1c1ccc(S(=O)(=O)Nc2cccnc2)cc1,5.947306058075032,1
CHEMBL5775060,CCc1cc(O)c(F)cc1-c1cc2[nH]ncc2c(N(CC)Cc2cc(C)ccc2N(C)S(C)(=O)=O)n1,5.331334584545508,2
CHEMBL5775187,CCC(CC)n1cc(-c2nc(-c3cnn(C4CCNC[C@H]4O)c3)cn3nccc23)cn1,7.259637310505756,3
CHEMBL5775198,CN(c1ncnc2[nH]ccc12)[C@H]1C[C@@H](CS(=O)(=O)C[C@H]2C[C@@H](C#N)C2)C1,5.670805584911549,1
CHEMBL5775688,CN(c1ccc(O)cc1CNc1nc(-c2cc(F)c(O)cc2CC(F)(F)F)cc2[nH]nc(C(N)=O)c12)S(C)(=O)=O,7.838631997765025,2
CHEMBL5776122,CNC(=O)c1n[nH]c2cc(-c3cc(F)c(O)cc3CC(F)(F)F)nc(NCc3ncccc3N(C)S(C)(=O)=O)c12,7.338187314462739,2
CHEMBL5776304,N#CC[C@H]1CC[C@H](n2c(CC(=O)NCCO)nc3cnc4[nH]ccc4c32)CC1,8.42021640338319,1
CHEMBL5776367,N#CC[C@H]1CC[C@H](n2c(CC(=O)N3CCC(C(F)(F)F)CC3)nc3cnc4[nH]ccc4c32)CC1,9.397940008672037,1
CHEMBL5776777,N#CC[C@H]1CC[C@H](n2c(-c3ccc(S(F)(F)(F)(F)F)cc3)nc3cnc4[nH]ccc4c32)CC1,6.931814138253839,1
CHEMBL5776831,N#CC[C@H]1CC[C@H](n2c(CC(=O)Nc3ccccc3)nc3cnc4[nH]ccc4c32)CC1,8.721246399047171,1
CHEMBL5776855,Cn1ncc2c1CN(S(=O)(=O)C[C@H]1C[C@@H](N(C)c3ncnc4[nH]ccc34)C1)C2,9.449771646944907,1
CHEMBL5777052,CN(c1ncnc2[nH]ccc12)[C@H]1C[C@@H](CS(=O)(=O)c2cncc(F)c2)C1,9.450996737974211,1
CHEMBL5777163,CCc1cc(O)ccc1-c1cc2[nH]ncc2c(N2CCc3cc(-n4cnc(C)c4)ccc3C2)n1,6.140861702705469,2
CHEMBL5777204,CNS(=O)(=O)CC1CCC(N(C)c2c(C#N)cnc3[nH]ccc23)CC1,6.075720713938118,1
CHEMBL5777235,CCC(CC)n1cc(-c2nc(-c3cnn(C4CN(C(=O)C5CC5)C4)c3)cn3nccc23)cn1,7.259637310505756,3
CHEMBL5777254,Cn1nc(-c2cc3ncccc3c(-c3ccn(C4(CC#N)CC(C#N)C4)n3)n2)cc1CO,7.292429823902063,2
CHEMBL5777327,CNC(=O)c1ncc(Nc2nccc(N3C[C@H]4CC[C@@H](C3)N4Cc3ccno3)n2)cc1C,7.619788758288394,4
CHEMBL5777563,CC(O)CCS(=O)(=O)C[C@H]1C[C@@H](N(C)c2ncnc3[nH]ccc23)C1,8.40340290437354,1
CHEMBL5777685,CC1(C#N)CC(CC#N)(n2ccc(-c3nc(-c4cc[nH]n4)cc4ncccc34)n2)C1,6.66664743194005,2
CHEMBL5777867,N#CCC1(n2ncc(-c3cc(-c4ncc(CO)s4)cc4ncccc34)n2)CC(C#N)C1,7.187086643357144,1
CHEMBL5778149,COC1CC(CC#N)(n2ccc(-c3nc(-c4cnn(C5COC5)c4)cc4ncccc34)n2)C1,6.958607314841775,1
CHEMBL5778399,Cn1nccc1C1CC(CC#N)(n2ccc(-c3nc(-c4cn[nH]c4)cc4ncccc34)n2)C1,6.366531544420414,1
CHEMBL5778406,CCc1cc(O)c(F)cc1-c1cc2[nH]nc(C(=O)NC)c2c(NCCc2ccc(NS(=O)(=O)c3ccccc3)cc2)n1,7.079876673709276,1
CHEMBL5778505,COc1ccc(S(=O)(=O)C[C@H]2C[C@@H](N(C)c3ncnc4[nH]ccc34)C2)cn1,9.657577319177793,1
CHEMBL5778573,CCC(CC(F)(F)F)n1cc(-c2nc(-c3cnn(C(CO)CO)c3)cn3nccc23)cn1,6.759637310505756,4
CHEMBL5778998,N#CC[C@H]1CC[C@H](n2c(CN/C(=N/O)C3CCCCC3)nc3cnc4[nH]ccc4c32)CC1,7.97061622231479,1
CHEMBL5779176,N#CC[C@H]1CC[C@H](n2c(-c3cnc(N)nc3)nc3cnc4[nH]ccc4c32)CC1,8.236572006437063,1
CHEMBL5779233,Cn1cc(-c2cc3ncccc3c(-c3cnn(C4(CC#N)CN(CC(F)(F)F)C4)c3)n2)cn1,7.769551078621726,1
CHEMBL5779554,Cn1cc(-c2cn3nccc3c(-c3cnn([C@]4(CC#N)C[C@@H](C#N)C4)c3)n2)c(=O)[nH]1,7.494850021680094,4
CHEMBL5780033,N#CCC1(n2ccc(-c3nc(-c4cn[nH]c4)cc4ncccc34)n2)CN(CC(F)(F)F)C1,7.886056647693163,1
CHEMBL5780262,N#CCCNC(=O)Cc1nc2cnc3[nH]ccc3c2n1C1CCC(CC#N)CC1,8.657577319177793,1
CHEMBL5780368,N#CC[C@H]1CC[C@H](n2c(CC(=O)N3CCC(Cc4ccccc4)CC3)nc3cnc4[nH]ccc4c32)CC1,7.987162775294828,1
CHEMBL5780479,COc1ccc(F)cc1S(=O)(=O)C[C@H]1C[C@@H](N(C)c2ncnc3[nH]ccc23)C1,8.943095148663527,1
CHEMBL5780648,N#CCC1(n2cc(-c3cc(-c4cn[nH]c4)cc4nccn34)cn2)CC(C#N)C1,6.899629454882437,1
CHEMBL5780695,CS(=O)(=O)Nc1ccc(-c2cc3ncccc3c(-c3ccn(C4(CC#N)CC(C#N)C4)n3)n2)cc1,7.828788659588897,2
CHEMBL5780721,N#CCC1(n2ccc(-c3nc(-c4cn[nH]c4)cc4ncccc34)n2)CC(c2ccn[nH]2)C1,7.522878745280337,1
CHEMBL5780749,C[C@H]1N(CC(F)(F)F)C[C@]1(CC#N)n1cc(-c2nc(-c3cnn(C)c3)cn3nccc23)cn1,7.455931955649724,4
CHEMBL5781079,N#CCC1CCC(n2c(-c3c[nH]cn3)nc3cnc4[nH]ccc4c32)CC1,8.823908740944319,4
CHEMBL5781160,CS(=O)(=O)N1CC(CC#N)(n2ncc(-c3cc(-c4ccccc4O)cc4ncccc34)n2)C1,5.519591818428747,2
CHEMBL5781449,CN(c1ccccc1CNc1nc(-c2cc(F)c(O)cc2C2CC2)cc2[nH]nc(C(N)=O)c12)S(C)(=O)=O,6.494850021680094,2
CHEMBL5782186,CC(C)CCNc1nc(Nc2cnn(CC(C)(C)C)c2)ncc1C(N)=O,7.476253533188435,1
CHEMBL5782221,N#CC[C@H]1CC[C@H](n2c(-c3cnn(Cc4cocn4)c3)nc3cnc4[nH]ccc4c32)CC1,7.428291168191312,1
CHEMBL5782581,Cc1nc(C)c(-c2nc3cnc4[nH]ccc4c3n2[C@H]2CC[C@H](CC#N)CC2)o1,6.928117992693875,1
CHEMBL5782886,CCS(=O)(=O)N1CC(CC#N)(n2cc(-c3ccnc4[nH]ccc34)cn2)C1,7.5638373529592435,1
CHEMBL5783050,COc1cccc(F)c1Nc1nc(Nc2cnn(C(C)(C)C)c2)ncc1C(N)=O,8.667561540084394,1
CHEMBL5783080,CCC(C)n1cc(-c2nc(-c3cnn(C[C@@H](O)CO)c3)cn3nccc23)cn1,6.259637310505756,3
CHEMBL5783142,N#CCC1(n2ccc(-c3nc(-c4ccncc4)cc4ncccc34)n2)CN(CC(F)(F)F)C1,7.568636235841013,1
CHEMBL5783348,CN(c1ncnc2[nH]ccc12)[C@H]1C[C@@H](CS(=O)(=O)c2cccc(OC(F)(F)F)c2)C1,8.414539270491499,1
CHEMBL5783727,CN(c1ncnc2[nH]ccc12)[C@H]1C[C@@H](CS(=O)(=O)N2CCC(C(F)F)CC2)C1,9.24184537803261,1
CHEMBL5783803,O=C(Nc1ccc2cncc(C(F)(F)F)c2c1)[C@@H]1CC1c1ccc(S(=O)(=O)Nc2ccccn2)cc1,7.958607314841775,1
CHEMBL5783991,Cc1cc(-c2cc(-c3cnn(C4(CC#N)CN(S(C)(=O)=O)C4)n3)c3cccnc3c2)cnc1N,5.749579997691106,1
CHEMBL5784303,Cn1cc(NC(=O)Cc2nc3cnc4[nH]ccc4c3n2C2CCC(CC#N)CC2)cn1,8.327902142064282,1
CHEMBL5784499,Cc1c(S(=O)(=O)C[C@H]2C[C@@H](N(C)c3ncnc4[nH]ccc34)C2)ccc(=O)n1C,8.69680394257951,1
CHEMBL5784506,N#CCC1(n2c(CC(=O)NCC3CCOCC3)nc3cnc4[nH]ccc4c32)CCCCC1,8.958607314841775,1
CHEMBL5784576,N#CC[C@H]1CC[C@H](n2c(CC(=O)N3CC[C@@H](O)C3)nc3cnc4[nH]ccc4c32)CC1,7.892790030352131,1
CHEMBL5784803,CS(=O)(=O)N1CC(CC#N)(n2ccc(-c3nc(-c4cnc(N)nc4)cc4ncccc34)n2)C1,5.716698771296451,1
CHEMBL5784853,COc1ccc(S(=O)(=O)C[C@H]2C[C@@H](N(C)c3ncnc4[nH]ccc34)C2)cc1,9.224025668870631,1
CHEMBL5784872,CCC(CC)n1cc(-c2nc(-c3cnn([C@@H]4CCC[C@H]4O)c3)cn3nccc23)cn1,7.259637310505756,3
CHEMBL5784878,N#CCC1(n2ccc(-c3nccc4ncccc34)n2)CN(CC(F)(F)F)C1,5.114412643810344,1
CHEMBL5784911,Cc1ccc(-c2nnc(-c3n[nH]c4cc(-c5cc(F)c(O)cc5CC(F)(F)F)nc(NCc5ccccc5N(C)S(C)(=O)=O)c34)[nH]2)cn1,6.899629454882437,2
CHEMBL5785446,CCC(CC)n1cc(-c2nc(-c3cnn(CC(=O)N(C)C)c3)cn3nccc23)cn1,7.259637310505756,3
CHEMBL5785542,[C-]#[N+][C@H]1C[C@@H]1C(=O)N[C@]12CN(c3nc(Nc4ccc(OCCO)nc4)ncc3C)C[C@H]1[C@H]2C,7.721246399047171,1
CHEMBL5785610,N#CC[C@H]1CC[C@H](n2c(-c3ccc(C#N)cc3)nc3cnc4[nH]ccc4c32)CC1,7.304518323509803,1
CHEMBL5785807,CN(c1ncnc2[nH]ccc12)[C@H]1C[C@@H](CS(=O)(=O)C2CN(C(=O)C3CC3)C2)C1,5.46344155742847,1
CHEMBL5785847,CCc1cc(O)c(F)cc1-c1cc2[nH]ncc2c(N(C)Cc2ccccc2N(CC)S(C)(=O)=O)n1,7.801342913045577,1
CHEMBL5786158,Cn1cc(-c2cc(-c3cnn(C4(CC#N)CC(C#N)C4)n3)c3cccnc3c2)c(N)n1,7.652259161754901,2
CHEMBL5786460,N#CC[C@H]1CC[C@H](n2c(CC(=O)N3CCC(O)CC3)nc3cnc4[nH]ccc4c32)CC1,8.853871964321762,1
CHEMBL5786521,N#CCC1CC(CC#N)(n2ccc(-c3nc(-c4cn[nH]c4)cc4ncccc34)n2)C1,7.492320122295393,2
CHEMBL5786582,CO[C@H]1C[C@@](CC#N)(n2cc(-c3nc(-c4cc(C(N)=O)n[nH]4)cn4nccc34)cn2)C1,7.769551078621726,4
CHEMBL5786744,CN(Cc1ccccc1N(C)S(C)(=O)=O)c1nc(-c2cc(F)c(O)cc2CC(F)(F)F)cc2[nH]ncc12,6.11690664142431,2
CHEMBL5787116,CS(=O)(=O)N1CC(CC#N)(n2ccc(-c3nc(-c4ccc(=O)[nH]c4)cc4ncccc34)n2)C1,7.958607314841775,1
CHEMBL5787172,Cc1cc(-c2nc(-c3cn[nH]c3)cc3ncccc23)nn1C1(CC#N)CN(S(C)(=O)=O)C1,6.920818753952375,1
CHEMBL5787292,CO[C@H]1C[C@](CC#N)(n2cc(-c3nc(-c4cc(N)n(C)n4)cn4nccc34)cn2)C1,7.6020599913279625,4
CHEMBL5787385,CC(C)NC(=O)N1[C@@H]2CC[C@H]1CN(c1ccnc(Nc3cnn(C)c3)n1)C2,6.958607314841775,4
CHEMBL5787795,CCC(CC)n1cc(-c2nc(-c3cnn(C4CN(C(=O)NC)C4)c3)cn3nccc23)cn1,7.259637310505756,3
CHEMBL5787843,CCc1cncc2ccc(NC(=O)[C@@H]3CC3c3ccc(S(=O)(=O)Nc4ccccn4)cc3)cc12,7.721246399047171,1
CHEMBL5787955,CC(C)(C)C/C(=N/O)NCc1nc2cnc3[nH]ccc3c2n1[C@H]1CC[C@H](CC#N)CC1,8.173925197299173,1
CHEMBL5788195,C=CCCNc1nc(Cc2cnn(C(C)(C)C)c2)ncc1C(N)=O,7.692503962086787,1
CHEMBL5788232,CCc1cc(O)ccc1-c1cc2[nH]ncc2c(NCc2c(C)cccc2N(C)[S+](C)[O-])n1.O,6.204119982655925,1
CHEMBL5788717,N#CC[C@H]1CC[C@H](n2c(-c3cn[nH]n3)nc3cnc4[nH]ccc4c32)CC1,8.431798275933005,1
CHEMBL5788812,CCc1cc(O)c(F)cc1-c1nc(NCc2ccccc2N(C)S(C)(=O)=O)c2cn[nH]c2n1,7.214670164989233,1
CHEMBL5788978,Cn1cc(-c2cc3ncccc3c(-c3ccn(C4(CC#N)CC(C#N)C4)n3)n2)cn1,7.9622265193037345,2
CHEMBL5789066,CCC(CC)n1cc(-c2nc(-c3cnn(C[C@@H]4CCCN4)c3)cn3nccc23)cn1,7.259637310505756,1
CHEMBL5789204,CNC(=O)c1n[nH]c2nc(-c3cc(F)c(O)cc3CC(F)(F)F)nc(NCc3nccnc3N(C)S(C)(=O)=O)c12,5.2138166544323665,2
CHEMBL5789312,CCC(CC)n1cc(-c2nc(-c3cnn(C[C@@H](O)COC)c3)cn3nccc23)cn1,7.259637310505756,3
CHEMBL5789327,CCC(CC)n1cc(-c2nc(-c3cnn(C[C@H](CN)OC)c3)cn3nccc23)cn1,7.259637310505756,3
CHEMBL5789528,N#CC[C@H]1CC[C@H](n2c(COC(=O)Nc3ccccc3)nc3cnc4[nH]ccc4c32)CC1,7.94692155651658,1
CHEMBL5789588,CCc1ccc(Cl)cc1-c1cc(-c2ncnc3[nH]ccc23)n(C)c1C(N)=O,8.154901959985743,1
CHEMBL5789651,Cc1ccc(-c2cc3ncccc3c(-c3ccn(C4(CC#N)CN(S(C)(=O)=O)C4)n3)n2)c(N)n1,7.42021640338319,1
CHEMBL5789739,CN(c1ncnc2[nH]ccc12)[C@H]1C[C@@H](CS(=O)(=O)c2ccc(Cl)cn2)C1,8.212539525481585,1
CHEMBL5790134,CCC(CC)n1cc(-c2nc(-c3cnn(C4CN(C(=O)C5(O)CC5)C4)c3)cn3nccc23)cn1,7.259637310505756,1
CHEMBL5790279,CCC([C@@H]1CC1(F)F)n1cc(-c2nc(-c3cnn(C[C@@H](O)CO)c3)cn3nccc23)cn1,6.259637310505756,3
CHEMBL5790283,CN(c1ncnc2[nH]ccc12)[C@H]1C[C@@H](CS(=O)(=O)N2CC3(COC3)C2)C1,5.321299565001696,1
CHEMBL5790287,CS(=O)(=O)N1CC(CC#N)(n2ccc(-c3nc(-c4cnn(C(CO)CCl)c4)cc4ncccc34)n2)C1,7.494850021680094,1
CHEMBL5790606,CNS(=O)(=O)C[C@H]1CC[C@H](Nc2c(C#N)cnn3cccc23)CC1,5.107905397309519,1
CHEMBL5791620,N#CCC1(n2ccc(-c3nc(-c4c[nH]nc4N)cc4ncccc34)n2)CC(C#N)C1,8.198970004336019,2
CHEMBL5792137,CCc1cc(O)ccc1-c1ccc2c(-c3nc4c([nH]3)CN(CC)[C@H](C(=O)N3CC(C)(N(C)C)C3)C4)n[nH]c2c1,8.600326278518962,1
CHEMBL5792195,CCC(CC)n1cc(-c2nc(-c3cnn(CC(O)C(C)(C)C)c3)cn3nccc23)cn1,6.259637310505756,3
CHEMBL5792266,COC1CC(CC#N)(n2cc(-c3nc(-c4cc(CO)n[nH]4)cc4ncccc34)cn2)C1,7.2887050800742585,2
CHEMBL5792417,CS(=O)(=O)N1CC(CC#N)(n2ccc(-c3nc(-c4cc(F)ccc4O)cc4ncccc34)n2)C1,6.616184634019569,1
CHEMBL5792521,NC(=O)c1nc(-c2c(F)cccc2F)oc1Nc1ccc(C(=O)N2CCC[C@@H]2CO)cc1,8.017728766960431,2
CHEMBL5793023,CNC(=O)c1n[nH]c2cc(-c3cc(F)c(O)cc3CC(F)(F)F)nc(NCc3cc(F)ccc3N(C)S(C)(=O)=O)c12,7.364516253185088,2
CHEMBL5793238,N#CC[C@H]1CC[C@H](n2c(CC(=O)N[C@H]3CC[C@H](CO)CC3)nc3cnc4[nH]ccc4c32)CC1,8.142667503568731,1
CHEMBL5793326,CC(=O)N(C)C1CC(CC#N)(n2ccc(-c3nc(-c4cc[nH]n4)cc4ncccc34)n2)C1,6.347002058614597,2
CHEMBL5793613,CC[C@H](CC(F)(F)F)n1cc(-c2nc(-c3cnn(C[C@@H](O)CO)c3)cn3nccc23)cn1,6.759637310505756,2
CHEMBL5793920,CCC(CC)n1cc(-c2nc(-c3cnn(C[C@H]4C[C@@H](O)C4)c3)cn3nccc23)cn1,7.259637310505756,1
CHEMBL5794012,CCOCC1(F)CCN(S(=O)(=O)C[C@H]2C[C@@H](N(C)c3ncnc4[nH]ccc34)C2)CC1,5.0,1
CHEMBL5794170,N#CCC1(n2ccc(-c3nc(-c4nc(CO)cs4)cc4ncccc34)n2)CC(C#N)C1,6.924453038607469,1
CHEMBL5794269,Cc1ccc(Cl)cc1-n1cc(-c2ncnc3c2C=NC3)cc1C(N)=O,7.161150909262744,1
CHEMBL5794736,CN(C12CC(C1)C2)S(=O)(=O)C[C@H]1C[C@@H](N(C)c2ncnc3[nH]ccc23)C1,6.079876673709276,1
CHEMBL5794801,N#CC[C@H]1CC[C@H](n2c(CC(=O)Nc3ccncc3)nc3cnc4[nH]ccc4c32)CC1,8.267606240177031,1
CHEMBL5794903,CCOc1cc(S(=O)(=O)C[C@H]2C[C@@H](N(C)c3ncnc4[nH]ccc34)C2)ccn1,9.053056729302174,1
CHEMBL5794909,O=C([C@H]1CC1(F)F)N1[C@@H]2CC[C@H]1CN(c1ccnc(Nc3cn[nH]c3)n1)C2,6.360513510731414,4
CHEMBL5796235,CCC(CC)n1cc(-c2nc(-c3cnn([C@@H](C)[C@@H](O)CO)c3)cn3nccc23)cn1,7.259637310505756,3
CHEMBL5796335,CS(=O)(=O)N1CC(CC#N)(n2cnc(-c3cc(-c4ccc(=O)[nH]c4)cc4ncccc34)n2)C1,6.548213564475709,1
CHEMBL5796439,CN(c1ncnc2[nH]ccc12)[C@H]1C[C@@H](CS(=O)(=O)CCCC(F)(F)F)C1,6.094743951251549,1
CHEMBL5796829,COc1cccc(F)c1CNc1nc(Nc2cnn(C(C)C)c2)ncc1C(N)=O,9.050609993355087,1
CHEMBL5796970,CC(C)(C)CNC(=O)Cc1nc2cnc3[nH]ccc3c2n1[C@H]1CC[C@H](CC#N)CC1,8.221848749616356,1
CHEMBL5797011,CC1CCCCN1S(=O)(=O)C[C@H]1C[C@@H](N(C)c2ncnc3[nH]ccc23)C1,5.835647144215563,1
CHEMBL5797036,Cn1cc(Nc2ncc(F)c(N3C[C@@]4(CO)C[C@@]4(NC(=O)[C@@H]4CC4(F)F)C3)n2)cn1,7.292429823902063,4
CHEMBL5797318,CNC(=O)c1n[nH]c2nc(-c3cc(F)c(O)cc3CC(F)(F)F)nc(NCc3ccccc3N(C)S(C)(=O)=O)c12,6.298432014944073,2
CHEMBL5797940,CC(C)(O)C1CC(CC#N)(n2ccc(-c3nc(-c4cn[nH]c4)cc4ncccc34)n2)C1,6.3788237182249645,1
CHEMBL5798066,O=C(Nc1cn2c(-c3ccc(CN4CCS(=O)(=O)CC4)c(F)c3)cccc2n1)C1CC1,6.1249387366083,1
CHEMBL5798511,CN(c1ncnc2[nH]ccc12)[C@H]1C[C@@H](CS(=O)(=O)CC2CC(C)(C#N)C2)C1,6.07727454200674,1
CHEMBL5798753,CN(c1ncnc2[nH]ccc12)[C@H]1C[C@@H](CS(=O)(=O)N2CC(Cl)C2)C1,6.642065152999546,1
CHEMBL5798929,CCC(CC)n1cc(-c2nc(-c3cnn(C4CC(O)C4)c3)cn3nccc23)cn1,7.259637310505756,1
CHEMBL5799195,N#CC[C@H]1CC[C@H](n2c(CC(=O)NC3CCSCC3)nc3cnc4[nH]ccc4c32)CC1,8.0268721464003,1
CHEMBL5799676,N#CC[C@H]1CC[C@H](n2c(-c3ccc(C#N)nc3)nc3cnc4[nH]ccc4c32)CC1,7.064492734175287,1
CHEMBL5799804,COc1cccc(F)c1CNc1nc(Nc2cnn(CCN(C)C)c2)ncc1C(N)=O,9.086186147616283,1
CHEMBL5799811,CNC(=O)c1n[nH]c2cc(-c3cc(F)c(O)cc3CC(F)(F)F)nc(NCc3ccc(O)cc3N(C)S(C)(=O)=O)c12,6.549750891680639,2
CHEMBL5800102,CCC[C@@H](C)n1cc(-c2nc(-c3cnn(C[C@@H](O)CO)c3)cn3nccc23)cn1,7.259637310505756,3
CHEMBL5800194,COCC1CN(S(=O)(=O)C[C@H]2C[C@@H](N(C)c3ncnc4[nH]ccc34)C2)CCO1,5.547753425479563,1
CHEMBL5800289,CCc1cc(O)c(F)cc1-c1cc2[nH]nc(C(=O)NC)c2c(NCc2cc(F)ccc2N(C)S(C)(=O)=O)n1,8.187086643357144,2
CHEMBL5800488,O=C(Nc1nc2cccc(-c3ccc(OCc4cccnc4)cc3)n2n1)C1CC1,6.522878745280337,1
CHEMBL5800655,CCOC(=O)Cn1cc(Nc2ncc3ccn(CCC#N)c3n2)cn1,6.259637310505756,1
CHEMBL5800796,N#CC[C@H]1CC[C@H](n2c(Cc3ccn[nH]3)nc3cnc4[nH]ccc4c32)CC1,8.275724130399212,1
CHEMBL5800848,CS(=O)(=O)N1CC(CC#N)(n2ccc(-c3nc(-c4ccccc4F)cc4ncccc34)n2)C1,6.5934598195660445,1
CHEMBL5801366,N#CCC1(n2cc(-c3cc(-c4cccc(C(N)=O)n4)cc4nccn34)cn2)CC(C#N)C1,7.6020599913279625,1
CHEMBL5801494,COCCCS(=O)(=O)C[C@H]1C[C@@H](N(C)c2ncnc3[nH]ccc23)C1,5.168258166354362,1
CHEMBL5801751,CCC[C@@H](C)n1cc(-c2nc(-c3cnn(C[C@H](O)CO)c3)cn3nccc23)cn1,7.259637310505756,3
CHEMBL5801906,CCC(CC)n1cc(-c2nc(-c3cnn(C[C@@H](C)CO)c3)cn3nccc23)cn1,7.259637310505756,3
CHEMBL5802142,N#CCC1(n2ccc(-c3nc(-c4ccn[nH]4)cc4ncccc34)n2)CN(S(=O)(=O)C2CC2)C1,7.698970004336019,1
CHEMBL5802159,CCOC(C)n1cc(-c2nc(-c3cnn(C)c3)cn3nccc23)cn1,5.259637310505756,3
CHEMBL5802222,CCC(=O)N1CC(CC#N)(n2cc(-c3nc(-c4cnn(C)c4)cn4nccc34)cn2)C1,6.236572006437063,4
CHEMBL5802254,CNC(=O)c1n[nH]c2cc(-c3cc(F)c(O)cc3CC(F)(F)F)nc(NCc3ccccc3N(C)S(=O)(=O)c3cn(C)cn3)c12,7.645891560852599,2
CHEMBL5802836,[C-]#[N+][C@@H]1C[C@H]1C(=O)N[C@]12CN(c3nc(Nc4cnn(C)c4)ncc3F)C[C@@]1(CO)C2,7.236572006437063,1
CHEMBL5802848,CN(c1ncnc2[nH]ccc12)[C@H]1C[C@@H](CS(=O)(=O)N2Cc3ccccc3C(F)(F)C2)C1,9.962573502059376,1
CHEMBL5802926,CC(CC#N)N1[C@@H]2CC[C@H]1CN(c1ccnc(Nc3cnn(C)c3)n1)C2,6.901759916149926,8
CHEMBL5802939,N#CC[C@H]1CC[C@H](n2c(C3NC(C4CC4)=NO3)nc3cnc4[nH]ccc4c32)CC1,7.826813731587726,1
CHEMBL5803396,N#CCC1(n2ncc(-c3cc(-c4cn5ccnc5c(N)n4)cc4ncccc34)n2)CC(C#N)C1,7.119186407719209,1
CHEMBL5803635,CNC(=O)c1ncc(Nc2nccc(N3C[C@H]4CC[C@@H](C3)N4C(=O)NCC(F)(F)F)n2)cc1C,8.045757490560675,4
CHEMBL5803945,Cc1cc(-c2cc3ncccc3c(-c3ccn(C4(CC#N)CN(CC(F)(F)F)C4)n3)n2)ccn1,7.1487416512809245,1
CHEMBL5803975,N#CC[C@H]1CC[C@H](n2c(CC(=O)NC34CC5CC(CC(O)(C5)C3)C4)nc3cnc4[nH]ccc4c32)CC1,8.356547323513812,1
CHEMBL5804171,C[C@@H]1CCCC[C@H]1n1cc(-c2nc(-c3cnn(C(CO)CO)c3)cn3nccc23)cn1,7.259637310505756,3
CHEMBL5804479,N#CC[C@H]1CC[C@H](n2c(C(=O)NCC3(O)COC3)nc3cnc4[nH]ccc4c32)CC1,8.387216143280265,1
CHEMBL5804527,CN(c1ncnc2[nH]ccc12)[C@H]1C[C@@H](CS(=O)(=O)N2CCCC(C(F)(F)F)C2)C1,9.380906669373257,1
CHEMBL5804738,CCC(CC)n1cc(-c2nc(-c3cnn(CCN4CC[C@H](OC)C4)c3)cn3nccc23)cn1,7.259637310505756,3
CHEMBL5804827,Cn1cc(Nc2nccc(N3C[C@H]4CC[C@@H](C3)N4Cc3cnoc3)n2)cn1,7.136677139879544,4
CHEMBL5804930,CN(c1ccccc1CNc1nc(-c2cc(F)c(O)cc2CC(F)(F)F)cc2[nH]nc(C(N)=O)c12)S(=O)(=O)CCCN1CCOCC1,7.089909454405932,2
CHEMBL5804973,COCC/C(=N/O)NCc1nc2cnc3[nH]ccc3c2n1[C@H]1CC[C@H](CC#N)CC1,7.826813731587726,1
CHEMBL5804991,Cn1cc(Nc2nccc(N3C[C@H]4CC[C@@H](C3)N4C(=O)[C@@H]3C[C@@H]3C#N)n2)cn1,6.6020599913279625,3
CHEMBL5805135,CCC(CC)n1cc(-c2nc(-c3cnn([C@H]4CC[C@@H](O)CC4)c3)cn3nccc23)cn1,7.259637310505756,1
CHEMBL5805275,CN(c1ncnc2[nH]ccc12)[C@H]1C[C@@H](CS(=O)(=O)N2CC(F)C2)C1,6.440093374963888,1
CHEMBL5805466,N#CC[C@H]1CC[C@H](n2c(CO/N=C(\N)CN3CCCCC3)nc3cnc4[nH]ccc4c32)CC1,7.369572124974976,1
CHEMBL5805588,CCc1cc(O)c(F)cc1-c1cc(N)c(C=N)c(NCc2ccccc2N(CCO)S(C)(=O)=O)n1,7.306273051076353,1
CHEMBL5805624,CCn1cc(-c2cc3ncccc3c(-c3ccn(C4(CC#N)CC(C#N)C4)n3)n2)cn1,7.789198036565084,2
CHEMBL5805758,Cc1nc(-c2cc3ncccc3c(-c3ccn(C4(CC#N)CN(CC(F)(F)F)C4)n3)n2)c[nH]1,6.5376020021010435,1
CHEMBL5805983,CCN(c1ccc(C)cc1CNc1nc(-c2cc(F)c(O)cc2CC(F)(F)F)cc(N)c1C(=N)C(N)=O)S(C)(=O)=O,6.062983892535185,1
CHEMBL5806006,C[C@@H]1[C@@H]2CN(c3nc(Nc4ccc([C@@H](C)CO)nc4)ncc3F)C[C@]12NC(=O)C1CC1,7.0655015487564325,4
CHEMBL5806135,N#CCC1(n2ncc(-c3cc(-c4ccc(N)nn4)cc4ncccc34)n2)CC(C#N)C1,7.527758663924915,2
CHEMBL5806483,N#CCC1(n2cc(-c3nc(-c4cn[nH]c4)cc4ncccc34)cn2)CN(CC(F)(F)F)C1,7.823908740944319,1
CHEMBL5806755,CCc1cc(O)c(F)cc1-c1cc2[nH]nc(C(=O)NC)c2c(NCc2cc(Cl)ccc2N(C)S(C)(=O)=O)n1,7.815308569182402,2
CHEMBL5806813,CC[C@H](C)n1cc(-c2nc(-c3cnn(C[C@@H](O)CO)c3)cn3nccc23)cn1,7.259637310505756,3
CHEMBL5807021,N#CC[C@H]1CC[C@H](n2c(CNS(=O)(=O)c3ccccc3)nc3cnc4[nH]ccc4c32)CC1,7.651695136951839,1
CHEMBL5807153,C[S@](=O)(=NCc1nc2cnc3[nH]ccc3c2n1[C@H]1CC[C@H](CC#N)CC1)c1ccccc1,7.087777943467584,1
CHEMBL5807188,Cn1ncc(-c2cc3ncccc3c(-c3ccn(C4(CC#N)CN(S(C)(=O)=O)C4)n3)n2)c1C(N)=O,6.164309428507575,1
CHEMBL5807224,Cc1nc(-c2cc(-c3cnn(C4(CC#N)CC(C#N)C4)n3)c3cccnc3c2)ccc1O,7.186829816312478,2
CHEMBL5807299,N#CC[C@H]1CC[C@H](n2c(CC(=O)N3CCCCC3)nc3cnc4[nH]ccc4c32)CC1,8.619788758288394,1
CHEMBL5807378,COC1CN(S(=O)(=O)C[C@H]2C[C@@H](N(C)c3ncnc4[nH]ccc34)C2)C1,5.319301970302365,1
CHEMBL5807692,Cn1cc(-c2cc(-c3cnn(C4(CC#N)CC(C#N)C4)n3)c3cccnc3c2)c(CO)n1,7.1487416512809245,1
CHEMBL5807736,CCN(c1ccc(O)cc1CNc1nc(-c2cc(F)c(O)cc2CC(F)(F)F)cc2[nH]nc(C(N)=O)c12)S(=O)(=O)c1ccccc1,6.357535479757878,2
CHEMBL5807806,N#CCC1(n2ncc(-c3cc(-c4ccc(C(N)=O)cc4)cc4ncccc34)n2)CC(C#N)C1,7.351667404869234,2
CHEMBL5807889,CN(c1ccccc1CNc1nc(-c2cc(F)c(O)cc2CC(F)(F)F)nc2[nH]nc(C(N)=O)c12)S(C)(=O)=O,6.221848749616356,1
CHEMBL5807931,CNS(=O)(=O)CC1CCC(N(C)c2c(C#N)cnn3cccc23)CC1,5.070581074285707,1
CHEMBL5808771,CCC(CC)n1cc(-c2nc(-c3cnn(C4CS(=O)(=O)C4)c3)cn3nccc23)cn1,7.259637310505756,3
CHEMBL5809292,CNS(=O)(=O)N1CC(CC#N)(n2ccc(-c3nc(-c4cnn(C)c4)cc4ncccc34)n2)C1,7.167491087293763,1
CHEMBL5809446,N#CCC1(n2ccc(-c3nc(-c4ccnc(CO)c4)cc4ncccc34)n2)CC(C#N)C1,7.721246399047171,1
CHEMBL5809465,Cn1nc(-c2cc3ncccc3c(-c3ccn(C4(CC#N)CC(C)(C#N)C4)n3)n2)cc1N,6.60363260666346,2
CHEMBL5809511,COC1CC(CC#N)(n2ccc(-c3nc(-c4c[nH]nc4N)cc4ncccc34)n2)C1,7.58310781267176,2
CHEMBL5809728,CNC(=O)c1n[nH]c2cc(-c3cc(F)c(O)cc3CC(F)(F)F)nc(NCc3cc(O)ccc3N(C)S(=O)(=O)c3ccccc3)c12,6.59176003468815,1
CHEMBL5809950,CCC(CO)n1cc(-c2nc(-c3cnn(C)c3)cn3nccc23)cn1,5.259637310505756,3
CHEMBL5810078,COCCNC(=O)OCc1nc2cnc3[nH]ccc3c2n1[C@H]1CC[C@H](CC#N)CC1,7.698970004336019,1
CHEMBL5810214,CCn1cc(-c2cc3ncccc3c(-c3ccn(C4(CC#N)CN(S(C)(=O)=O)C4)n3)n2)ccc1=O,7.318758762624412,1
CHEMBL5810446,CCC(CC)n1cc(-c2nc(-c3cnn(CCN(C)S(C)(=O)=O)c3)cn3nccc23)cn1,7.259637310505756,3
CHEMBL5810580,Cc1cccc(F)c1Nc1nc(Nc2cnn(C)c2)ncc1C(N)=O,9.036212172654444,1
CHEMBL5810586,CCC(CC)n1cc(-c2nc(-c3cnn(CCN[C@H]4CCN(C)C4=O)c3)cn3nccc23)cn1,7.259637310505756,3
CHEMBL5810636,N#CCC1(n2ncc(-c3cc(-c4cnc(CO)s4)cc4ncccc34)n2)CC(C#N)C1,6.8696662315049934,1
CHEMBL5810991,Cc1onc(N)c1-c1cc2ncccc2c(-c2ccn(C3(CC#N)CN(S(C)(=O)=O)C3)n2)n1,5.1218230195084935,1
CHEMBL5811581,COC1CC(CC#N)(n2cc(-c3cc(-c4c[nH]nc4N)cc4ncccc34)cn2)C1,6.464705879957229,1
CHEMBL5811592,O=C(Nc1nc2cccc(C3=CC[C@H](NC(=O)C4CC4F)CC3)n2n1)C1CC1,5.998699066979582,1
CHEMBL5811778,Cn1cc(-c2cc3ncccc3c(-c3ccn(C4(CC#N)CN(CC#N)C4)n3)n2)cn1,7.853871964321762,1
CHEMBL5811817,CNC(=O)c1n[nH]c2cc(-c3cc(F)c(O)cc3CC(F)(F)F)nc(NCc3cccnc3N(C)S(C)(=O)=O)c12,6.614393726401688,1
CHEMBL5811883,O=C(Nc1ccc2cncc(Cl)c2c1)[C@@H]1C[C@H]1c1ccc(S(=O)(=O)Nc2ncc(C3CCNCC3)cn2)cc1,7.3979400086720375,2
CHEMBL5811930,C=C(C)CNc1nc(Nc2cnn(C(C)(C)C)c2)ncc1C(N)=O,7.614393726401688,1
CHEMBL5812043,N#CCC1(n2ccc(-c3nc(-c4cnnc(N)c4)cc4ncccc34)n2)CC(C#N)C1,7.168243764792422,2
CHEMBL5812211,NCCCNC(=O)c1ccc(Nc2oc(-c3c(F)cccc3F)nc2C(N)=O)cc1,7.6020599913279625,2
CHEMBL5812238,CN(c1ncnc2[nH]ccc12)[C@H]1C[C@@H](NS(=O)(=O)N2CC(CC(F)F)C2)C1,6.16304326294045,1
CHEMBL5812427,Cc1cc(Nc2nccc(N3C[C@H]4CC[C@@H](C3)N4C(=O)C3CC3)n2)cnc1C(N)=O,7.075720713938118,4
CHEMBL5812586,C#Cc1ccc(C(=O)c2ccc(-c3nc4cnc5[nH]ccc5c4n3[C@H]3CC[C@H](CC#N)CC3)cc2)cc1,6.982966660701219,1
CHEMBL5812661,CCC(CC)n1cc(-c2nc(-c3cnn([C@@H]4OCC[C@H]4O)c3)cn3nccc23)cn1,7.259637310505756,1
CHEMBL5812709,CC(C)(O)CC(=O)NCc1nc2cnc3[nH]ccc3c2n1[C@H]1CC[C@H](CC#N)CC1,7.293282217663242,1
CHEMBL5812915,CO[C@H]1C[C@](CC#N)(n2cc(-c3nc(-c4cn(C)nc4CO)cn4nccc34)cn2)C1,7.42021640338319,2
CHEMBL5813184,COc1ncc(-c2cc(-c3cnn(C4(CC#N)CN(S(C)(=O)=O)C4)n3)c3cccnc3c2)cn1,5.513711239039433,1
CHEMBL5813206,CCN(c1ccc(O)cc1CNc1nc(-c2cc(F)c(O)cc2CC(F)(F)F)cc2[nH]nc(C(=O)NC)c12)S(C)(=O)=O,7.609064892896621,2
CHEMBL5813291,CCNC(=O)c1ccc(Nc2ncc(F)c(N3C[C@H]4CC[C@@H](C3)N4C(=O)C(F)(F)F)n2)cc1C,8.221848749616356,4
CHEMBL5813467,CCc1cc(O)ccc1-c1ccc2c(-c3nc4c([nH]3)CN(C(C)C)[C@H](C(=O)N3CC(C)(N(C)C)C3)C4)n[nH]c2c1,8.698970004336019,1
CHEMBL5813727,N#CCC1(n2ccc(-c3nc(-c4cccnc4)cc4ncccc34)n2)CN(CC(F)(F)F)C1,7.180456064458132,1
CHEMBL5813870,N#CCC1CCC(n2c(CC(=O)NCC3(O)CCC3)nc3cnc4[nH]ccc4c32)CC1,8.18045606445813,1
CHEMBL5814183,CCC(CC)n1cc(-c2nc(-c3cnn(CCCN(C)C)c3)cn3nccc23)cn1,6.259637310505756,3
CHEMBL5814246,CCN(c1ccccc1CNc1nc(-c2cc(F)c(O)cc2CC(F)(F)F)cc2[nH]nc(C(=O)NC)c12)S(C)(=O)=O,7.605548319173784,2
CHEMBL5814375,CNC(=O)c1ncc(Nc2ncc(F)c(N3C[C@H]4[C@@H](C)[C@@]4(NC(=O)C4CC4)C3)n2)cc1C,7.013228265733755,4
CHEMBL5814965,CC1(C)O[C@@H]2C[C@H]3[C@@H]4C[C@H](F)C5=CC(=O)C=C[C@]5(C)[C@@]4(F)[C@@H](O)C[C@]3(C)[C@]2(C(=O)COC(=O)CCC(=O)OCc2ccc([C@@H](CN)C(=O)Nc3ccc4cnccc4c3)cc2)O1,4.301029995663981,2
CHEMBL5814975,CCC(CC)n1cc(-c2nc(-c3cnn(C[C@H](O)[C@H](C)O)c3)cn3nccc23)cn1,7.259637310505756,3
CHEMBL5815147,CNS(=O)(=O)c1ccc(Nc2oc(-c3c(F)cccc3F)nc2C(N)=O)cc1,7.860120913598763,2
CHEMBL5815455,Cc1cnn2cc(-c3cnn(C)c3)nc(-c3cnn([C@]4(CC#N)C[C@@H](C#N)C4)c3)c12,7.638272163982407,4
CHEMBL5815526,CO[C@H]1C[C@@](CC#N)(n2cc(-c3nc(-c4cc(CO)[nH]n4)cn4nccc34)cn2)C1,7.619788758288394,4
CHEMBL5816113,O=C(Nc1nc2cccc(-c3ccc(CC(=O)N4CCC(C(F)(F)F)CC4)cc3)n2n1)C1CC1,6.522878745280337,1
CHEMBL5816161,CCC(CC)n1cc(-c2nc(-c3cnn(CCS(N)(=O)=O)c3)cn3nccc23)cn1,7.259637310505756,3
CHEMBL5816545,N#CC[C@H]1CC[C@H](n2c(C(=O)NC3CCOCC3)nc3cnc4[nH]ccc4c32)CC1,7.374687549038326,1
CHEMBL5816654,CCC(CC)n1cc(-c2nc(-c3cnn(CC4(O)CCN(C(C)=O)CC4)c3)cn3nccc23)cn1,6.259637310505756,3
CHEMBL5816799,CN(C1CCOC1)S(=O)(=O)C[C@H]1C[C@@H](N(C)c2ncnc3[nH]ccc23)C1,5.630413109263656,1
CHEMBL5816929,CCC(CC)n1cc(-c2nc(-c3cnn(CCNC4CC4)c3)cn3nccc23)cn1,7.259637310505756,3
CHEMBL5816948,Cc1ccc(-c2cc(-c3cnn(C4(CC#N)CN(S(C)(=O)=O)C4)n3)c3cccnc3c2)cn1,6.863279432843593,1
CHEMBL5817349,CNS(=O)(=O)CC1CCC(N(C)c2ncnn3cccc23)CC1,5.494850021680094,1
CHEMBL5817695,CCNC(=O)N1[C@@H]2CC[C@H]1CN(c1ccnc(Nc3cn[nH]c3)n1)C2,7.3872161432802645,4
CHEMBL5817782,Cc1ccc(NC(=O)c2n[nH]c3cc(-c4cc(F)c(O)cc4CC(F)(F)F)nc(NCc4ccccc4N(C)S(C)(=O)=O)c23)cn1,6.5003129173815966,2
CHEMBL5817856,N#CC[C@H]1CC[C@H](n2c(CN/C(=N\O)c3ccccc3)nc3cnc4[nH]ccc4c32)CC1,8.695736983211404,2
CHEMBL5817872,CSc1nccc(-c2nc3cnc4[nH]ccc4c3n2[C@H]2CC[C@H](CC#N)CC2)n1,7.886056647693163,1
CHEMBL5817952,CCc1cc(O)c(F)cc1-c1cc2[nH]ncc2c(NCc2cc(Cl)ccc2N(C)S(C)(=O)=O)n1,6.603800652904264,2
CHEMBL5817982,Cn1cc(-c2cn3ncnc3c(-c3cnn(C4(CC#N)CN(CC#N)C4)c3)n2)cn1,6.583359492661719,1
CHEMBL5817984,Cn1cc(-c2cc3nccnc3c(-c3cnn(C4(CC#N)CN(CC#N)C4)c3)n2)cn1,7.958607314841775,1
CHEMBL5818140,N#CCCN1[C@@H]2CC[C@H]1CN(c1ccnc(Nc3cn[nH]c3)n1)C2,7.468521082957745,4
CHEMBL5818341,CN(c1ncnc2[nH]ccc12)[C@H]1C[C@@H](CS(=O)(=O)C2CCC(C#N)C2)C1,6.175223537524454,1
CHEMBL5818462,COC1CCN(C(=O)Cc2nc3cnc4[nH]ccc4c3n2[C@H]2CC[C@H](CC#N)CC2)CC1,8.207608310501746,1
CHEMBL5818522,O=C(Nc1nc2cccc(C3=CC[C@@H](NC(=O)C4CC4F)CC3)n2n1)C1CC1,6.667561540084395,1
CHEMBL5818631,N#CC[C@H]1CC[C@H](n2c(CNC(=N)C34CC5CC(CC(C5)C3)C4)nc3cnc4[nH]ccc4c32)CC1,8.537602002101044,1
CHEMBL5818733,N#CC[C@H]1CC[C@H](n2c(C(=O)N3CCOCC3)nc3cnc4[nH]ccc4c32)CC1,6.889410289700751,1
CHEMBL5818761,CN(c1ncnc2[nH]ccc12)[C@H]1C[C@@H](CS(=O)(=O)[C@H]2CC[C@@H](C#N)C2)C1,6.009217308196862,1
CHEMBL5819021,N#CC[C@H]1CC[C@H](n2c(CC(=O)NCC3(O)COC3)nc3cnc4[nH]ccc4c32)CC1,8.481486060122112,1
CHEMBL5819056,O=C(O)[C@H]1CC[C@H](c2nnn3cnc4[nH]ccc4c23)CC1,6.619788758288394,1
CHEMBL5819066,CCNC(=O)N1[C@@H]2CC[C@H]1CN(c1ccnc(Nc3cnsc3)n1)C2,7.187086643357144,3
CHEMBL5819318,O=C(Nc1ccc2cncc(CC(F)(F)F)c2c1)[C@@H]1CC1c1ccc(S(=O)(=O)Nc2ncccn2)cc1,6.838631997765025,1
CHEMBL5819360,CC(C)C[C@H](C)n1cc(-c2nc(-c3cnn(C[C@@H](O)CO)c3)cn3nccc23)cn1,6.259637310505756,3
CHEMBL5819530,CNS(=O)(=O)CC1CCC(Nc2c(C#N)cnn3cccc23)CC1,5.107905397309519,1
CHEMBL5820503,CS(=O)(=O)N1CC(CC#N)(n2ncc(-c3cc(-c4cnc(N)nc4)cc4ncccc34)n2)C1,5.460046158343603,1
CHEMBL5820664,Cn1cc(-c2cc(-c3cnn(C4(CC#N)CN(S(C)(=O)=O)C4)n3)c3cccnc3c2)cn1,7.161150909262744,1
CHEMBL5820698,Cn1cc(Nc2nccc(N3C[C@H]4CC[C@@H](C3)N4C(=O)[C@H]3C[C@H]3C#N)n2)cn1,6.369572124974976,3
CHEMBL5820760,C[C@H](CO)c1ccc(Nc2ncc(F)c(N3C[C@H]4[C@@H](C)[C@@]4(NC(=O)C4CC4)C3)n2)cn1,6.823908740944319,4
CHEMBL5820951,N#CCC1(n2ccc(-c3nc(-c4cnc5cc[nH]c5c4)cc4ncccc34)n2)CN(CC(F)(F)F)C1,7.481486060122112,1
CHEMBL5821017,CN(c1ncnc2[nH]ccc12)[C@H]1C[C@@H](CS(=O)(=O)C[C@H]2C[C@H](C#N)C2)C1,5.540155357611792,1
CHEMBL5821189,N#CC[C@H]1CC[C@H](n2c(CC(=O)N3CCC(F)(F)CC3)nc3cnc4[nH]ccc4c32)CC1,8.292429823902063,1
CHEMBL5821303,CN(c1ncnc2[nH]ccc12)[C@H]1C[C@@H](CS(=O)(=O)N2CC3C(C2)C3C(F)(F)F)C1,5.070223567195098,1
CHEMBL5821443,Oc1cc(CC(F)(F)F)c(-c2nc(NCCC3CC3)c3cn[nH]c3n2)cc1F,5.434979071654706,1
CHEMBL5821497,Cn1ncc(-c2cc(-c3cnn(C4(CC#N)CC(C#N)C4)n3)c3cccnc3c2)c1C(N)=O,5.705738209686378,2
CHEMBL5821565,CN(C1CCCOC1)S(=O)(=O)C[C@H]1C[C@@H](N(C)c2ncnc3[nH]ccc23)C1,5.384997385475412,1
CHEMBL5821896,CN(c1ncnc2[nH]ccc12)[C@H]1C[C@@H](NS(=O)(=O)c2cccc3nonc23)C1,7.886056647693163,1
CHEMBL5821953,COC1CCN(C(=O)c2nc3cnc4[nH]ccc4c3n2[C@H]2CC[C@H](CC#N)CC2)CC1,6.896196279044043,1
CHEMBL5822067,COc1cc(Cl)ccc1S(=O)(=O)C[C@H]1C[C@@H](N(C)c2ncnc3[nH]ccc23)C1,8.681936665037238,1
CHEMBL5822182,CS(=O)(=O)N1CC(CC#N)(n2cc(-c3cc(-c4ccc(=O)[nH]c4)cc4ncccc34)nn2)C1,6.809668301829708,1
CHEMBL5822545,Cc1ccc(S(=O)(=O)C[C@H]2C[C@@H](N(C)c3ncnc4[nH]ccc34)C2)cn1,8.559373310792513,2
CHEMBL5822619,N#CC[C@H]1CC[C@H](n2c(CC(=O)NCc3ccccc3)nc3cnc4[nH]ccc4c32)CC1,7.950781977329818,1
CHEMBL5822630,N#CCC1(n2ccc(-c3nc(-c4cccc(O)n4)cc4ncccc34)n2)CC(C#N)C1,7.336832069535625,2
CHEMBL5822794,CN(c1ncnc2[nH]ccc12)[C@H]1C[C@@H](CS(=O)(=O)C2COC2)C1,5.915066425063284,1
CHEMBL5822969,COCCN(C)S(=O)(=O)C[C@H]1C[C@@H](N(C)c2ncnc3[nH]ccc23)C1,5.287350298372789,1
CHEMBL5823434,CC(C)(C)n1cc(Nc2ncc(C(N)=O)c(Nc3c(F)cccc3Cl)n2)cn1,8.580044251510243,1
CHEMBL5823505,CN(c1ncc(Cl)cc1CNc1nc(-c2cc(F)c(O)cc2CC(F)(F)F)cc2[nH]nc(C(N)=O)c12)S(C)(=O)=O,5.46268472688799,2
CHEMBL5824125,Cc1cncc2ccc(NC(=O)[C@@H]3C[C@H]3c3ccc(S(=O)(=O)Nc4nccs4)cc3)cc12,8.309803919971486,2
CHEMBL5824615,CCc1cc(O)ccc1-c1cc(N)c(C=N)c(N2CC(C)(O)C2)n1,6.640164517660112,1
CHEMBL5824702,CCOC(=O)Cn1cc(Nc2ncc3ccn(Cc4csc(C)n4)c3n2)cn1,6.259637310505756,1
CHEMBL5824710,O=C(Nc1cn2c(-c3ccc(CN4CCS(=O)(=O)CC4)cc3)cccc2n1)C1CC1,5.522878745280337,1
CHEMBL5824808,N#CCC1(n2ncc(-c3cc(-c4nc(CO)cs4)cc4ncccc34)n2)CC(C#N)C1,7.565090896010336,2
CHEMBL5824854,COCCOC1CCN(S(=O)(=O)C[C@H]2C[C@@H](N(C)c3ncnc4[nH]ccc34)C2)CC1,5.898940645091884,1
CHEMBL5825020,CN(c1ncnc2[nH]ccc12)[C@H]1C[C@@H](CS(=O)(=O)N2CC[C@H](S(C)(=O)=O)C2)C1,9.148741651280925,1
CHEMBL5825122,CS(=O)(=O)N1CC(c2nc3cnc4[nH]ccc4c3n2[C@H]2CC[C@H](CC#N)CC2)C1,7.0400051616715835,1
CHEMBL5825151,C=CCc1ccccc1Nc1nc(Nc2cnn(C)c2)ncc1C(N)=O,8.00480370840282,1
CHEMBL5825345,CS(=O)(=O)c1ccc(-c2cc3ncccc3c(-c3ccn(C4(CC#N)CN(S(C)(=O)=O)C4)n3)n2)cn1,7.301029995663981,1
CHEMBL5826006,N#CC[C@H]1CC[C@H](n2c(CNC(=O)c3ccccc3)nc3cnc4[nH]ccc4c32)CC1,7.441291429466834,1
CHEMBL5826068,CCC(CC)n1cc(-c2nc(-c3cnn(C(C)(C)CO)c3)cn3nccc23)cn1,7.259637310505756,3
CHEMBL5826798,CCc1cc(O)c(F)cc1-c1cc2[nH]nc(C(=O)NC)c2c(NCC2CCCC2)n1,7.747146969020107,2
CHEMBL5826986,CCOc1ccc(S(=O)(=O)C[C@H]2C[C@@H](N(C)c3ncnc4[nH]ccc34)C2)cc1,8.5016894462104,1
CHEMBL5827085,CCC(CC)n1cc(-c2nc(-c3cnn(CC(C)(C)CO)c3)cn3nccc23)cn1,7.259637310505756,3
CHEMBL5827185,CCC(CC)n1cc(-c2nc(-c3cnn(CC(O)CCO)c3)cn3nccc23)cn1,7.259637310505756,3
CHEMBL5827200,N#CCC1(n2ccc(-c3nc(-c4cn(C5COC5)cn4)cc4ncccc34)n2)CN(CC(F)(F)F)C1,6.651695136951839,1
CHEMBL5827477,[C-]#[N+][C@H]1C[C@H]1C(=O)N1[C@@H]2CC[C@H]1CN(c1ccnc(Nc3cnn(C)c3)n1)C2,6.6020599913279625,1
CHEMBL5828027,CCCN1Cc2[nH]c(-c3n[nH]c4cc(-c5ccc(O)cc5CC)ccc34)nc2C[C@H]1C(=O)N1CC(N(C)C)C1,8.698970004336019,1
CHEMBL5828164,CS(=O)(=O)N1CC(CC#N)(n2ccc(-c3nc(-c4ccc(N)nc4)cc4ncccc34)n2)C1,7.346787486224656,1
CHEMBL5828175,C[Si](C)(C)[C@H]1CC[C@H](NC(=O)Cc2nc3cnc4[nH]ccc4c3n2[C@H]2CC[C@H](CC#N)CC2)CC1,7.5934598195660445,1
CHEMBL5828375,CCN(c1ncccc1CNc1nc(-c2cc(F)c(O)cc2CC(F)(F)F)cc2[nH]nc(C(=O)NC)c12)S(C)(=O)=O,6.97061622231479,2
CHEMBL5828453,CCc1cc(O)c(F)cc1-c1cc2[nH]ncc2c(NCc2ccccc2N(C)S(=O)(=O)CC)n1,8.075720713938118,2
CHEMBL5828558,N#CCC1(n2cc(-c3cc(-c4ccc(O)cc4)cc4nccn34)cn2)CC(C#N)C1,6.896196279044043,1
CHEMBL5828937,CN(c1ccccc1CNc1nc(-c2cc(F)c(O)cc2CC(F)(F)F)nc(N)c1C(=N)C(N)=O)S(=O)(=O)c1ccccc1,5.244658816188452,1
CHEMBL5829082,CCn1cc(Nc2ncc(C(N)=O)c(NCCC(C)C)n2)cn1,7.860120913598763,1
CHEMBL5829345,CCc1cc(O)c(F)cc1-c1cc2[nH]nc(C(=O)NC)c2c(NCc2ccccc2N(CC)S(C)(=O)=O)n1,8.142667503568731,1
CHEMBL5829370,CS(=O)(=O)N1CC(CC#N)(n2ccc(-c3nc(-c4cn[nH]c4)cc4ncccc34)n2)C1,7.337242168318426,1
CHEMBL5829531,CN(c1ncnc2[nH]ccc12)[C@H]1C[C@@H](NS(=O)(=O)[C@H]2C[C@H](C#N)C2)C1,5.985059650207063,1
CHEMBL5829785,CCc1cccc(F)c1Nc1nc(Nc2cnn(C)c2)ncc1C(N)=O,8.924453038607469,1
CHEMBL5829949,CCc1cc(O)ccc1-c1cc(N)c(C=N)c(NCc2ccccc2N(C)SC)n1,8.2518119729938,1
CHEMBL5830149,COC1CC(CC#N)(n2ccc(-c3nc(-c4cnn(CCO)c4)cc4ncccc34)n2)C1,6.907725259339651,2
CHEMBL5830264,NC(=O)c1cnc(Nc2cnn(C3CCOCC3)c2)nc1Nc1c(F)cccc1Cl,9.119186407719209,1
CHEMBL5830290,N#CCC1(n2ncc(-c3cc(-c4cc(CO)ns4)cc4ncccc34)n2)CC(C#N)C1,6.603800652904264,1
CHEMBL5830324,CN(C1CCC1)S(=O)(=O)C[C@H]1C[C@@H](N(C)c2ncnc3[nH]ccc23)C1,6.2949920406666635,1
CHEMBL5830804,CCc1cc(O)c(F)cc1-c1cc2[nH]ncc2c(NCc2c(F)cccc2N(C)S(C)(=O)=O)n1,7.692503962086787,1
CHEMBL5831111,CCc1cncc2ccc(NC(=O)[C@@H]3C[C@H]3c3ccc(S(=O)(=O)Nc4ncc(C5CCNCC5)cn4)cc3)cc12,6.200659450546418,1
CHEMBL5831354,Cc1cc(COc2ccc(-c3cccc4nc(NC(=O)C5CC5)nn34)cc2)no1,6.1249387366083,1
CHEMBL5831409,Cc1cc(-c2cc3ncccc3c(-c3ccn(C4(CC#N)CC(C#N)C4)n3)n2)cc(N)n1,7.3569964389602625,2
CHEMBL5831606,CN(c1ncnc2[nH]ccc12)[C@H]1C[C@@H](CS(=O)(=O)c2cnc3ccccc3c2)C1,9.197910742118268,1
CHEMBL5831658,CCc1cc(O)ccc1-c1cc2[nH]ncc2c(N2CCc3c(cccc3NSC)C2)n1.O.O,7.085656842880559,1
CHEMBL5831731,CCC(CC)n1cc(-c2nc(-c3cnn(C4CN(C(=O)C5CC(O)C5)C4)c3)cn3nccc23)cn1,7.259637310505756,6
CHEMBL5831892,NC(=O)c1nc(-c2c(F)cccc2F)oc1Nc1ccc(C(=O)NCCO)cc1,8.1249387366083,2
CHEMBL5831908,CS(=O)(=O)N1CC(CC#N)(n2cnc(-c3cc(-c4ccn[nH]4)cc4ncccc34)n2)C1,6.492144128304169,1
CHEMBL5832479,N#CC[C@H]1CC[C@H](n2c(CC(=O)N[C@H]3C[C@H](O)C3)nc3cnc4[nH]ccc4c32)CC1,8.366531544420413,1
CHEMBL5832523,N#CCC12CCC(n3c(CC(=O)Nc4ccccc4)nc4cnc5[nH]ccc5c43)(CC1)CC2,6.280668713016273,1
CHEMBL5832866,N#CCC1(n2ccc(-c3nc(-c4ccc(N)nc4)cc4ncccc34)n2)CC(C#N)C1,7.696272488392665,2
CHEMBL5832946,Cc1cc(Nc2nccc(N3C[C@H]4CC[C@@H](C3)N4C(=O)[C@@H]3CC3(F)F)n2)cnc1C(N)=O,7.638272163982407,4
CHEMBL5833098,CNS(=O)(=O)C[C@H]1CC[C@H](N(C)c2c(C#N)cnn3cccc23)CC1,5.070581074285707,1
CHEMBL5833183,C[C@H](O)c1nc2ccc3[nH]ccc3c2n1C1CCC(C#N)CC1,9.698970004336019,1
CHEMBL5833415,O=C(Nc1nc2cccc(C3CCC(NC(=O)[C@H]4CC4(F)F)CC3)n2n1)C1CC1,6.616021549339765,2
CHEMBL5833575,CCC(CC)n1cc(-c2nc(-c3cnn(CCN4CC[C@@H](OC)C4)c3)cn3nccc23)cn1,7.259637310505756,3
CHEMBL5833658,Cc1nnc(-c2n[nH]c3cc(-c4cc(F)c(O)cc4CC(F)(F)F)nc(NCc4ccccc4N(C)S(C)(=O)=O)c23)[nH]1,6.823908740944319,1
CHEMBL5834117,CCc1ccccc1Nc1nc(Nc2cnn(C3CCOCC3)c2)ncc1C(N)=O,8.638272163982407,1
CHEMBL5834610,N#CC[C@H]1CC[C@H](n2c(CNC(N)=O)nc3cnc4[nH]ccc4c32)CC1,9.522878745280337,1
CHEMBL5834676,Cc1cncc2ccc(NC(=O)[C@@H]3CC3c3ccc(S(=O)(=O)Nc4cccnn4)cc3)cc12,7.545221985379412,2
CHEMBL5834711,CCc1cc(O)ccc1-c1cc2[nH]ncc2c(N2CC(Oc3ccccc3)C2)n1,5.28642546222793,1
CHEMBL5834923,COc1cc2c(=O)n(C3CCCNC3)c3c4cc[nH]c4ncc3c2cc1OC,7.345823458122039,1
CHEMBL5835526,CS(=O)(=O)N1CC(CC#N)(n2ccc(-c3nc(-c4c[nH]c5cccnc45)cc4ncccc34)n2)C1,6.0996328713435295,1
CHEMBL5835610,COc1ncc(-c2cc3ncccc3c(-c3ccn(C4(CC#N)CN(S(C)(=O)=O)C4)n3)n2)cn1,5.690369832574102,1
CHEMBL5836284,CCc1cc(O)c(F)cc1-c1cc(N)c(C=N)c(NCc2ccccc2N(CC)S(C)(=O)=O)n1,8.318758762624412,1
CHEMBL5836348,CCC(CCO)n1cc(-c2nc(-c3cnn(C)c3)cn3nccc23)cn1,5.259637310505756,2
CHEMBL5836376,CN(c1ncnc2[nH]ccc12)[C@H]1C[C@@H](CS(=O)(=O)N2CCOC3(CCCC3)C2)C1,5.414200990986999,1
CHEMBL5836470,CCC(CC)n1cc(-c2nc(-c3cnn(C[C@H]4CCCN4)c3)cn3nccc23)cn1,7.259637310505756,1
CHEMBL5836664,CCC(CC)n1cc(-c2nc(-c3cnn(C[C@@](C)(O)CO)c3)cn3nccc23)cn1,7.259637310505756,3
CHEMBL5836718,Cn1ncc(-c2cc3ncccc3c(-c3ccn(C4(CC#N)CN(CC(F)(F)F)C4)n3)n2)n1,6.542118103266008,1
CHEMBL5836949,N#CCc1ccc(NC(=O)Cc2nc3cnc4[nH]ccc4c3n2[C@H]2CC[C@H](CC#N)CC2)cc1,9.154901959985743,1
CHEMBL5837103,N#CCC1CCC(n2c(CC(=O)NCC3CC3)nc3cnc4[nH]ccc4c32)CC1,7.935542010773082,1
CHEMBL5837412,N#CC[C@H]1CC[C@H](n2c(CC(=O)NCC(O)c3ccccc3)nc3cnc4[nH]ccc4c32)CC1,8.130768280269024,1
CHEMBL5837944,N#CCC1(n2ncc(-c3cc(-c4cccc5c4NC(=O)C5)cc4ncccc34)n2)CC(C#N)C1,6.1401686584909765,2
CHEMBL5837958,C#Cc1ccc(C(=O)c2ccc(COCc3nc4cnc5[nH]ccc5c4n3[C@H]3CC[C@H](CC#N)CC3)cc2)cc1,7.847711655616943,1
CHEMBL5838187,CN(c1ncnc2[nH]ccc12)[C@H]1C[C@@H](CS(=O)(=O)CCCC(F)F)C1,9.129596094720974,1
CHEMBL5838240,N#CCC1(n2ccc(-c3nc(-c4ccn(C5COC5)n4)cc4ncccc34)n2)CN(CC(F)(F)F)C1,6.590066876668706,1
CHEMBL5838358,N#CC[C@H]1CC[C@H](n2c(CO/N=C(\N)CC3CC3)nc3cnc4[nH]ccc4c32)CC1,7.38933983691012,1
CHEMBL5838459,CCc1cc(O)c(F)cc1-c1cc2[nH]nc(C(=O)NC)c2c(NCc2ccccc2N(C)S(=O)(=O)CC)n1,8.167491087293763,2
CHEMBL5838495,CN(c1ncnc2[nH]ccc12)[C@H]1C[C@@H](CS(=O)(=O)N2CC(C#N)C2)C1,6.314258261397736,1
CHEMBL5838760,CN(c1ncc(F)cc1CNc1nc(-c2cc(F)c(O)cc2CC(F)(F)F)cc2[nH]nc(C(N)=O)c12)S(C)(=O)=O,6.031517051446065,2
CHEMBL5839211,CNS(=O)(=O)CC1CCC(Nc2nc(N)ncc2Br)CC1,5.221848749616356,1
CHEMBL5839368,CCNC(=O)c1ccc(Nc2ncc(F)c(N3CC4CC(C3)N4C(=O)C(C)(C)F)n2)cc1C,7.6777807052660805,3
CHEMBL5839380,CCNC(=O)c1ccc(Nc2nccc(N3CC4CC(C3)N4C(=O)C3CC3)n2)cc1C,7.086186147616283,4
CHEMBL5839478,CC1(C#N)CC(CC#N)(n2ncc(-c3cc(-c4c[nH]nc4N)cc4ncccc34)n2)C1,6.602212916821685,2
CHEMBL5839671,CCn1cc(Nc2ncc(C(N)=O)c(Nc3c(C)cccc3F)n2)cn1,8.709965388637482,1
CHEMBL5840098,CC[C@@H](C)n1cc(-c2nc(-c3cnn(C[C@@H](O)CO)c3)cn3nccc23)cn1,6.259637310505756,3
CHEMBL5840283,CN(c1ccccc1CNc1nc(-c2cc(F)c(O)cc2CC(F)(F)F)cc2[nH]nc(-n3cccn3)c12)S(C)(=O)=O,6.448550002027125,2
CHEMBL5840440,CCc1ccc(C(F)(F)F)cc1-c1c(C(N)=O)cc(-c2ncnc3[nH]ccc23)n1C,7.657577319177793,1
CHEMBL5840676,CNC(=O)c1ncc(Nc2nccc(N3C[C@H]4CC[C@@H](C3)N4C(=O)[C@@H]3C[C@H]3C#N)n2)cc1F,7.214670164989233,4
CHEMBL5840703,CN(c1ncnc2[nH]ccc12)[C@H]1C[C@@H](NS(=O)(=O)[C@H]2C[C@H](F)C2)C1,6.200659450546418,1
CHEMBL5841023,CN(c1ncnc2[nH]ccc12)[C@H]1C[C@@H](CS(=O)(=O)N2CCC3(CC2)CC3(F)F)C1,8.60906489289662,1
CHEMBL5841658,CS(=O)(=O)c1ccc(Nc2oc(-c3cc(F)ccc3F)nc2C(N)=O)cc1,6.73754891026957,2
CHEMBL5841789,CC(C)CCS(=O)(=O)C[C@H]1C[C@@H](N(C)c2ncnc3[nH]ccc23)C1,5.560509409610316,1
CHEMBL5841829,N#CCCC(=O)NCc1nc2cnc3[nH]ccc3c2n1[C@H]1CC[C@H](CC#N)CC1,7.403402904373539,1
CHEMBL5841947,CNC(=O)c1n[nH]c2cc(-c3cc(F)c(O)cc3CC(F)(F)F)nc(NCc3ccccc3CS(N)(=O)=O)c12,6.815308569182402,2
CHEMBL5842032,CCn1cc(Nc2ncc(C(N)=O)c(NCc3c(F)cccc3OC)n2)cn1,9.236572006437063,1
CHEMBL5842146,C[C@@H]1C[C@H]2[C@@H]3CCC4=CC(=O)C=C[C@]4(C)[C@@]3(F)[C@@H](O)C[C@]2(C)[C@@]1(O)C(=O)COC(=O)C[C@H](N)C(=O)OCc1ccc([C@@H](CN)C(=O)Nc2ccc3cnccc3c2)cc1,4.301029995663981,2
CHEMBL5842385,N#CCC1(n2ccc(-c3nc(-c4ccn[nH]4)cc4ncccc34)n2)CC(C#N)C1,7.823908740944319,2
CHEMBL5842447,CCC(CC)n1cc(-c2nc(-c3cnn(CCN4CCCC4)c3)cn3nccc23)cn1,7.259637310505756,3
CHEMBL5842551,CS(=O)(=O)N1CC(CC#N)(n2ccc(-c3nc(-c4cnco4)cc4ncccc34)n2)C1,6.764471553092451,1
CHEMBL5842620,N#CCC1(n2ccc(-c3nc(-c4cc(N)[nH]n4)cc4ncccc34)n2)CC(C#N)C1,8.096910013008056,1
CHEMBL5842796,CCS(=O)(=O)N1CC(CC#N)(n2ccc(-c3nc(-c4cnn(C)c4)cc4ncccc34)n2)C1,7.4089353929735005,1
CHEMBL5843307,CCS(=O)(=O)N(C)c1ccccc1CNc1nc(-c2cc(F)c(O)cc2CC(F)(F)F)cc2[nH]nc(C(=O)NC)c12,7.447331783887806,2
CHEMBL5843388,CCC(CC)n1cc(-c2nc(-c3cnn(C4CN(C(=O)[C@H](C)O)C4)c3)cn3nccc23)cn1,7.259637310505756,3
CHEMBL5843563,N#CC[C@H]1CC[C@H](n2c(CC(=O)NCc3ncc[nH]3)nc3cnc4[nH]ccc4c32)CC1,8.657577319177793,1
CHEMBL5844378,N#CCC12CCC(n3c(CC(=O)NCC4CCCCC4)nc4cnc5[nH]ccc5c43)(CC1)CC2,6.146301788223826,1
CHEMBL5844413,NC(=O)c1nc(-c2c(F)cccc2F)oc1Nc1ccc(C(=O)N[C@@H]2CCCNC2)cc1,8.008773924307505,2
CHEMBL5844959,CCC(CC)n1cc(-c2nc(-c3cnn(CC(CO)CO)c3)cn3nccc23)cn1,7.259637310505756,3
CHEMBL5845029,CC[C@@H]1CCC[C@@H]1n1cc(-c2nc(-c3cnn(C[C@@H](O)CO)c3)cn3nccc23)cn1,7.259637310505756,3
CHEMBL5845245,N#CC[C@H]1CC[C@H](n2c(CC(=O)NC3CCCCC3)nc3cnc4[nH]ccc4c32)CC1,8.455931955649724,1
CHEMBL5845437,COC1CC(CC#N)(n2ccc(-c3nc(-c4cc(N)[nH]n4)cc4ncccc34)n2)C1,7.6531365255381765,2
CHEMBL5845507,N#CC[C@H]1CC[C@H](n2c(CC(=O)N3CCC[C@@H]3CO)nc3cnc4[nH]ccc4c32)CC1,7.856985199745905,1
CHEMBL5845756,COc1nc(-c2cc(-c3cnn(C4(CC#N)CC(C#N)C4)n3)c3cccnc3c2)ccc1N,7.818194010053928,2
CHEMBL5845908,CC(C)(C#N)CNC(=O)Cc1nc2cnc3[nH]ccc3c2n1C1CCC(CC#N)CC1,8.318758762624412,1
CHEMBL5846204,CCC(CC)n1cc(-c2nc(-c3cnn(CC(O)CN)c3)cn3nccc23)cn1,7.259637310505756,3
CHEMBL5846497,N#CCC1(n2ccc(-c3nc(-c4ccnnc4)cc4ncccc34)n2)CN(CC(F)(F)F)C1,6.459670525209126,1
CHEMBL5846528,CN(c1ncnc2[nH]ccc12)[C@H]1C[C@@H](CS(=O)(=O)C2CN(C3CC3)C2)C1,5.402414498247795,1
CHEMBL5846616,CNC(=O)c1ncc(Nc2ncc(F)c(N3C[C@@H]4[C@H](C)[C@]4(NC(=O)C4CC4)C3)n2)cc1C,6.178486471595227,4
CHEMBL5846845,CCC(CC)n1cc(-c2nc(-c3cnn(C[C@@H](O)CN4CC(OC)C4)c3)cn3nccc23)cn1,7.259637310505756,3
CHEMBL5846986,O=C([C@@H]1CC1(F)F)N1[C@@H]2CC[C@H]1CN(c1ccnc(Nc3cnc(OCCO)c(Cl)c3)n1)C2,7.236572006437063,4
CHEMBL5847521,CN(c1ccccc1CNc1nc(-c2cc(F)c(O)cc2CC(F)(F)F)cc(N)c1C=N)S(C)(=O)=O,6.835647144215563,1
CHEMBL5847633,C[C@@H]1CC[C@@H]1n1cc(-c2nc(-c3cnn(C[C@@H](O)CO)c3)cn3nccc23)cn1,6.259637310505756,1
CHEMBL5847833,CCC(CC)n1cc(-c2nc(-c3cnn(CC4(O)CCNCC4)c3)cn3nccc23)cn1,6.259637310505756,3
CHEMBL5848525,CCNC(=O)c1ccc(Nc2nccc(N3CC4CC(C3)N4C(=O)C(F)(F)F)n2)cc1C,7.1938200260161125,4
CHEMBL5848600,N#CC[C@H]1CC[C@H](n2c(C3CCN(c4ccc(C#N)cc4)CC3)nc3cnc4[nH]ccc4c32)CC1,7.774690718274137,1
CHEMBL5849053,N#CC[C@H]1CC[C@H](n2c(CC(=O)N3CCS(=O)(=O)CC3)nc3cnc4[nH]ccc4c32)CC1,8.42021640338319,1
CHEMBL5849209,CC1(C#N)CC(CC#N)(n2ccc(-c3nc(-c4ccnc(N)c4)cc4ncccc34)n2)C1,6.875241842099168,2
CHEMBL5849414,CN(c1ccc(O)cc1CNc1nc(-c2cc(F)c(O)cc2CC(F)(F)F)nc(N)c1C(=N)C(N)=O)S(C)(=O)=O,6.428291168191312,1
CHEMBL5849636,CNC(=O)c1ncc(Nc2nccc(N3C[C@H]4CC[C@@H](C3)N4C(=O)[C@@H]3C[C@H]3C#N)n2)cc1Cl,7.494850021680094,4
CHEMBL5849897,N#CC[C@H]1CC[C@H](n2c(CO/N=C(\N)C34CC5CC(CC(C5)C3)C4)nc3cnc4[nH]ccc4c32)CC1,7.2716462179787715,1
CHEMBL5849974,CN(c1ncnc2[nH]ccc12)[C@H]1C[C@@H](CS(=O)(=O)c2cccc(F)c2)C1,10.113509274827518,1
CHEMBL5850054,CCC(CC)n1cc(-c2nc(-c3cnn(C[C@@H](O)CO)c3)cn3nccc23)cn1,7.259637310505756,3
CHEMBL5850146,Cc1cc(-c2nc(-c3cn[nH]c3)cc3ncccc23)nn1C1(CC#N)CC(C#N)C1,7.6777807052660805,2
CHEMBL5851045,COc1nc(-c2cc3ncccc3c(-c3ccn(C4(CC#N)CC(C#N)C4)n3)n2)ccc1N,7.823908740944319,1
CHEMBL5851338,CN(C)S(=O)(=O)c1ccc(Nc2oc(-c3c(F)cccc3F)nc2C(N)=O)cc1,8.275724130399212,2
CHEMBL5851381,CCC(CC)n1cc(-c2nc(-c3cnn(CC(O)C(C)C)c3)cn3nccc23)cn1,7.259637310505756,3
CHEMBL5851519,CCc1cc(O)ccc1-c1cc2[nH]ncc2c(N2CCc3cccc(OC)c3C2)n1,6.320572103387881,2
CHEMBL5852075,N#CC[C@H]1CC[C@H](n2c(CC(=O)NCc3cnccn3)nc3cnc4[nH]ccc4c32)CC1,8.346787486224656,1
CHEMBL5852530,CCC(CC)n1cc(-c2nc(-c3cnn(C[C@H](N)C(C)(C)O)c3)cn3nccc23)cn1,7.259637310505756,3
CHEMBL5852608,CCC(CC)n1cc(-c2nc(-c3cnn(C[C@@H](O)CNC)c3)cn3nccc23)cn1,6.259637310505756,3
CHEMBL5852853,CC[C@H](Cn1ccc2cnc(Nc3cnn(CC(=O)O[C@@H]4C[C@@H](C(=O)O)N(C)C4)c3)nc21)C(C)C,6.259637310505756,1
CHEMBL5852968,CCC(CC)n1cc(-c2nc(-c3cnn(C4CCC(O)CC4)c3)cn3nccc23)cn1,7.259637310505756,3
CHEMBL5853056,O=C1NC(=O)[C@@H](C2CCC(COCCC(F)(F)F)CC2)C2c3cc[nH]c3N=CC12,7.585026652029182,1
CHEMBL5853360,CCc1cc(O)c(F)cc1-c1cc2[nH]nc(C(=O)NC)c2c(NCC(C)C)n1,8.154901959985743,2
CHEMBL5853431,C=Cc1cncnc1N(C)[C@H]1C[C@@H](NS(=O)(=O)[C@@H]2CC[C@@H](C#N)C2)C1,5.989700043360188,1
CHEMBL5853680,C[C@@H](O)Cc1nc2cnc3[nH]ccc3c2n1[C@H]1CC[C@H](CC#N)CC1,9.698970004336019,1
CHEMBL5853890,N#CCC1(n2ccc(-c3nc(-c4cnn(C5CNC5)c4)cc4ncccc34)n2)CN(CC(F)(F)F)C1,6.920818753952375,1
CHEMBL5854032,CNC(=O)c1ncc(Nc2nccc(N3C[C@H]4CC[C@@H](C3)N4[C@H]3C[C@H](C#N)C3)n2)cc1C,7.7447274948966935,4
CHEMBL5854178,CN(c1ccc(Cl)cc1CNc1nc(-c2cc(F)c(O)cc2CC(F)(F)F)cc(N)c1C(=N)C(N)=O)S(C)(=O)=O,6.037630664329979,1
CHEMBL5854212,CNC(=O)c1nc2cnc3[nH]ccc3c2n1[C@H]1CC[C@H](CC#N)CC1,7.703334809738469,1
CHEMBL5854381,CN(c1ncnc2[nH]ccc12)[C@H]1C[C@@H](CS(=O)(=O)N2CCC(F)C2)C1,6.090443970758825,1
CHEMBL5854473,C[C@@H]1C[C@H]2[C@@H]3CCC4=CC(=O)C=C[C@]4(C)[C@@]3(F)[C@@H](O)C[C@]2(C)[C@@]1(O)C(=O)COC(=O)CCC(=O)OCc1ccc([C@@H](CN)C(=O)Nc2ccc3cnccc3c2)cc1,4.301029995663981,2
CHEMBL5854531,N#CC[C@H]1CC[C@H](n2c(CC(=O)NC3CC4CCC3C4)nc3cnc4[nH]ccc4c32)CC1,7.872895201635193,1
CHEMBL5854684,Cc1ncc(-c2cc3ncccc3c(-c3ccn(C4(CC#N)CN(CC(F)(F)F)C4)n3)n2)n1C,5.382685066701706,1
CHEMBL5855114,CCC(CC)n1cc(-c2nc(-c3cnn(C[C@H](C)CO)c3)cn3nccc23)cn1,7.259637310505756,3
CHEMBL5855252,CN(c1ncnc2[nH]ccc12)[C@H]1C[C@@H](NS(=O)(=O)[C@H]2C[C@@H](F)C2)C1,6.623423042943488,1
CHEMBL5855444,Cc1ncc(-c2cc3ncccc3c(-c3ccn(C4(CC#N)CN(S(C)(=O)=O)C4)n3)n2)cc1N,6.723538195826756,1
CHEMBL5855722,CCC(CC)n1cc(-c2nc(-c3cnn(CCS(=O)(=O)N(C)C)c3)cn3nccc23)cn1,7.259637310505756,3
CHEMBL5855780,CNC(=O)C(=N)c1c(N)cc(-c2cc(F)c(O)cc2CC(F)(F)F)nc1NCc1cc(C)ccc1N(C)S(C)(=O)=O,6.640164517660112,1
CHEMBL5855789,CC(C)COC(=O)NCc1nc2cnc3[nH]ccc3c2n1[C@H]1CC[C@H](CC#N)CC1,7.847711655616943,1
CHEMBL5855838,Cc1ccc(N(C)S(C)(=O)=O)c(CNc2nc(-c3cc(F)c(O)cc3CC(F)(F)F)cc3[nH]ncc23)c1,5.38132446111486,2
CHEMBL5855846,CC1(C)CCC(NC(=O)Cc2nc3cnc4[nH]ccc4c3n2[C@H]2CC[C@H](CC#N)CC2)CC1,7.931814138253839,1
CHEMBL5856025,O=C(Nc1ccc2cncc(Cl)c2c1)[C@@H]1CC1c1ccc(S(=O)(=O)Nc2cccnc2)cc1,6.881983426441182,2
CHEMBL5856109,N#CCC1(n2ncc(-c3cc(-c4cc(CO)[nH]n4)cc4ncccc34)n2)CC(C#N)C1,7.7447274948966935,1
CHEMBL5856188,Cn1cc(Nc2nccc(N3C[C@H]4CC[C@@H](C3)N4c3ncc(C#N)o3)n2)cn1,7.200659450546418,3
CHEMBL5856821,CS(=O)(=O)N1CC(CC#N)(n2ccc(-c3nc(-c4ccc(S(N)(=O)=O)nc4)cc4ncccc34)n2)C1,7.292429823902063,1
CHEMBL5856884,Cc1cc(-c2cc3ncccc3c(-c3ccn(C4(CC#N)CC(C#N)C4)n3)n2)n[nH]1,8.004386962153752,2
CHEMBL5856911,CC(C)C[C@@H](C)n1cc(-c2nc(-c3cnn(C[C@H](O)CO)c3)cn3nccc23)cn1,6.259637310505756,3
CHEMBL5857430,CC(=O)N1CCN(S(=O)(=O)C[C@H]2C[C@@H](N(C)c3ncnc4[nH]ccc34)C2)CC1,6.010995384301463,1
CHEMBL5857450,Cn1cc(Nc2nccc(N3C[C@H]4CC[C@@H](C3)N4C3(CC#N)COC3)n2)cn1,7.2076083105017466,3
CHEMBL5857596,CCOC(=O)N1CC(c2nc3cnc4[nH]ccc4c3n2[C@H]2CC[C@H](CC#N)CC2)C1,7.1911141326401875,1
CHEMBL5857751,CCc1ccccc1Nc1nc(Nc2cnn(C(C)(C)C)c2)ncc1C(N)=O,8.322393047279506,1
CHEMBL5857992,COc1cc(S(=O)(=O)C[C@H]2C[C@@H](N(C)c3ncnc4[nH]ccc34)C2)ccn1,8.61798295742513,1
CHEMBL5858335,CNS(=O)(=O)CC1CCC(N(C)c2ncnc3[nH]c(C)nc23)CC1,5.258612007520731,1
CHEMBL5858487,CC(C)(O)CNC(=O)Cc1nc2cnc3[nH]cc(Cl)c3c2n1[C@H]1CC[C@H](CC#N)CC1,6.913640169325252,1
CHEMBL5858498,O=C1C=CN(C2CCC(COCC(F)(F)F)CC2)C2c3cc[nH]c3N=CC12,8.0,1
CHEMBL5858610,CS(=O)(=O)N(CCO)c1ccccc1CNc1nc(-c2cc(F)c(O)cc2CC(F)(F)F)nc2[nH]nc(C(N)=O)c12,5.708631149548418,2
CHEMBL5858675,CCC(CC)n1cc(-c2nc(-c3cnn([C@H]4CC[C@H](O)CC4)c3)cn3nccc23)cn1,7.259637310505756,1
CHEMBL5858904,Cn1cnc(-c2cc3ncccc3c(-c3ccn(C4(CC#N)CN(CC(F)(F)F)C4)n3)n2)c1,6.903089986991944,1
CHEMBL5859683,CCN(c1ncc(C)cc1CNc1nc(-c2cc(F)c(O)cc2CC(F)(F)F)cc(N)c1C(=N)C(N)=O)S(C)(=O)=O,5.604498875694374,1
CHEMBL5859781,CCN1CC(CC#N)(n2ccc(-c3nc(N4CCCC4)cc4ncccc34)n2)C1,5.317043073698792,1
CHEMBL5859844,CCC(CC)n1cc(-c2nc(-c3cnn([C@H]4C[C@H](C(N)=O)C4)c3)cn3nccc23)cn1,7.259637310505756,2
CHEMBL5859927,C[C@@H]1[C@@H]2CN(c3nc(Nc4cnc(CO)c(Cl)c4)ncc3F)C[C@]12NC(=O)C1CC1,6.818156412055227,4
CHEMBL5860210,CNC(=O)c1n[nH]c2cc(-c3cc(F)c(O)cc3CC(F)(F)F)nc(NCc3ccccc3N(C)S(C)(=O)=O)c12,7.679853713888946,2
CHEMBL5860280,CCC(CC)n1cc(-c2nc(-c3cnn([C@@H]4CCCNC4)c3)cn3nccc23)cn1,7.259637310505756,3
CHEMBL5860296,CCC(CC)n1cc(-c2nc(-c3cnn(C4CN(S(C)(=O)=O)C4)c3)cn3nccc23)cn1,7.259637310505756,2
CHEMBL5860404,O=C([C@@H]1CC1(F)F)N1[C@@H]2CC[C@H]1CN(c1ccnc(Nc3cnc(N4CC[C@H](O)C4)c(F)c3)n1)C2,7.236572006437063,4
CHEMBL5860409,N#CCC1(n2ncc(-c3cc(-c4cncc(N)n4)cc4ncccc34)n2)CC(C#N)C1,5.9647132629671145,2
CHEMBL5860574,CN(c1ncnc2[nH]ccc12)[C@H]1C[C@@H](NS(=O)(=O)[C@H]2C[C@H](C(F)F)C2)C1,6.424812155072339,1
CHEMBL5860840,COc1ccc(Cl)c(S(=O)(=O)C[C@H]2C[C@@H](N(C)c3ncnc4[nH]ccc34)C2)c1,8.48678239993206,1
CHEMBL5861120,CC(C)c1noc(=O)n1Cc1nc2cnc3[nH]ccc3c2n1[C@H]1CC[C@H](CC#N)CC1,7.97061622231479,1
CHEMBL5861252,CNC(=O)c1ncc(Nc2nccc(N3C[C@H]4CC[C@@H](C3)N4C(=O)C3CC3)n2)cc1C,7.443697499232712,4
CHEMBL5861474,CC(C)NC(=O)NCc1nc2cnc3[nH]ccc3c2n1[C@H]1CC[C@H](CC#N)CC1,7.72584215073632,1
CHEMBL5861498,Cn1cc(-c2cc3ncccc3c(-c3ccn(C4(CC#N)CC(C#N)C4)n3)n2)c(CO)n1,7.698970004336019,1
CHEMBL5861522,CS(=O)(=O)N1CC(CC#N)(n2ncc(-c3cc(-c4ccc(O)cc4)cc4ncccc34)n2)C1,7.522878745280337,1
CHEMBL5861558,N#CCC1(n2ccc(-c3nc(-c4ccn[nH]4)cc4ncccc34)n2)CC(CO)C1,6.52177410878633,2
CHEMBL5862218,CC[C@H](C1CCC1)n1cc(-c2nc(-c3cnn(C[C@@H](O)CO)c3)cn3nccc23)cn1,6.259637310505756,3
CHEMBL5862596,COCC1CCN(S(=O)(=O)C[C@H]2C[C@@H](N(C)c3ncnc4[nH]ccc34)C2)CC1,5.572513890904214,1
CHEMBL5862681,CCC(CC)n1cc(-c2nc(-c3cnn(CCN[C@@H]4CCN(C)C4=O)c3)cn3nccc23)cn1,6.259637310505756,3
CHEMBL5862884,N#CC[C@H]1CC[C@H](n2c(CNC(=O)NCC3CCCCC3)nc3cnc4[nH]ccc4c32)CC1,7.696803942579511,1
CHEMBL5863078,CCc1ccccc1CNc1nc(Nc2cnn(CC)c2)ncc1C(N)=O,9.698970004336019,1
CHEMBL5863424,Cn1cc(Nc2nccc(N3C[C@H]4CC[C@@H](C3)N4Cc3ccno3)n2)cn1,7.3872161432802645,4
CHEMBL5863730,C/C=C/c1ccccc1Nc1nc(Nc2cnn(C)c2)ncc1C(N)=O,8.044793462458058,1
CHEMBL5864268,CCC[C@@H](C)n1cc(-c2nc(-c3cnn(C(CO)CO)c3)cn3nccc23)cn1,7.259637310505756,3
CHEMBL5864553,Cn1cc(Nc2nccc(N3C[C@H]4CC[C@@H](C3)N4CC3C[C@H]3C#N)n2)cn1,6.090979145788844,4
CHEMBL5864637,N#CCC1(n2ccc(-c3nc(-c4ccn[nH]4)cc4ncccc34)n2)CN(S(=O)(=O)C2COC2)C1,7.585026652029182,1
CHEMBL5865412,CCc1cc(O)c(F)cc1-c1cc(N)c(C=N)c(NCc2c(F)cccc2N(C)S(C)(=O)=O)n1,7.692503962086787,1
CHEMBL5865789,COCCCNC(=O)c1nc2cnc3[nH]ccc3c2n1[C@H]1CC[C@H](CC#N)CC1,7.252588192113577,1
CHEMBL5865954,CCC(CC)n1cc(-c2nc(-c3cnn(CCNC4CC(CO)C4)c3)cn3nccc23)cn1,6.259637310505756,3
CHEMBL5866133,N#CC[C@H]1CC[C@H](n2c(-c3ccnc(N)n3)nc3cnc4[nH]ccc4c32)CC1,8.045757490560675,1
CHEMBL5866346,CCc1cc(O)c(F)cc1-c1cc2[nH]nc(-n3cccn3)c2c(NCc2ccccc2N(C)S(C)(=O)=O)n1,7.8124792791635365,2
CHEMBL5866629,CCC(CC)n1cc(-c2nc(-c3cnn(CC(O)CO)c3)cn3nccc23)cn1,7.259637310505756,3
CHEMBL5866691,CCC[C@H](C)n1cc(-c2nc(-c3cnn(C[C@@H](O)CO)c3)cn3nccc23)cn1,6.259637310505756,3
CHEMBL5866735,N#CCC1(n2ccc(-c3nc(-c4ccnc(N)c4)cc4ncccc34)n2)CN(CC(F)(F)F)C1,7.431798275933005,1
CHEMBL5866784,N#CCC1(n2ccc(-c3nc(-c4cc[nH]n4)cc4ncccc34)n2)CC2(COC2)C1,6.432973633840939,1
CHEMBL5867093,Cc1cncc(-c2cc(-c3cnn(C4(CC#N)CC(C#N)C4)n3)c3cccnc3c2)n1,5.370277223389059,2
CHEMBL5867101,CNC(=O)c1ccc(Nc2nccc(N3C[C@H]4CC[C@@H](C3)N4CC3CC3(F)F)n2)cc1C,6.966576244513051,1
CHEMBL5867104,CC#CCn1ccc2cnc(Nc3cnn(CC(=O)OCC)c3)nc21,6.259637310505756,1
CHEMBL5867210,Cc1cc(-c2cc(-c3cnn(C4(CC#N)CC(C#N)C4)c3)n3ccnc3c2)[nH]n1,7.698970004336019,2
CHEMBL5867395,C[C@@H]1C[C@H]2[C@@H]3CCC4=CC(=O)C=C[C@]4(C)[C@@]3(F)[C@@H](O)C[C@]2(C)[C@@]1(O)C(=O)COC(=O)C1CC1C(=O)OCc1ccc([C@@H](CN)C(=O)Nc2ccc3cnccc3c2)cc1,4.301029995663981,2
CHEMBL5867421,CCc1cc(O)ccc1-c1ccc2c(-c3nc4c([nH]3)CN(C(C)C)[C@H](C(=O)N3CCCN(C)CC3)C4)n[nH]c2c1,8.600326278518962,1
CHEMBL5867471,N#CC[C@H]1CC[C@H](n2c(CC(=O)Nc3cccnc3)nc3cnc4[nH]ccc4c32)CC1,8.200659450546418,1
CHEMBL5867721,CCC(CC)n1cc(-c2nc(-c3cnn(CCCS(C)(=O)=O)c3)cn3nccc23)cn1,7.259637310505756,3
CHEMBL5867882,Cc1nc(C)c(-c2nc3cnc4[nH]ccc4c3n2[C@H]2CC[C@H](CC#N)CC2)s1,6.496209316942819,1
CHEMBL5868108,CS(=O)(=O)N1CC(CC#N)(n2ncc(-c3cc(-c4c[nH]c(=O)[nH]c4=O)cc4ncccc34)n2)C1,6.559090917934782,1
CHEMBL5868118,CC(C)(O)CNC(=O)Cc1nc2cnc3[nH]cc(Br)c3c2n1[C@H]1CC[C@H](CC#N)CC1,6.739928612014925,1
CHEMBL5868512,CCCC(C)N(C)S(=O)(=O)C[C@H]1C[C@@H](N(C)c2ncnc3[nH]ccc23)C1,5.534171184642563,1
CHEMBL5868716,CCC(CC)n1cc(-c2nc(-c3cnn(C4CC(C(=O)NCCO)C4)c3)cn3nccc23)cn1,7.259637310505756,4
CHEMBL5869029,CCS(=O)(=O)N1CC(CC#N)(n2cc(-c3c(C#N)cnc4[nH]ccc34)cn2)C1,7.568636235841013,1
CHEMBL5869088,N#CCC1(n2ccc(-c3nc(-c4ccc(S(N)(=O)=O)nc4)cc4ncccc34)n2)CC(C#N)C1,7.488579694561736,2
CHEMBL5869094,CCCc1cncc2ccc(NC(=O)[C@@H]3CC3c3ccc(S(=O)(=O)Nc4ccccn4)cc3)cc12,7.391258027893047,2
CHEMBL5869145,N#CCC1(n2ccc(-c3nc(-c4ccc(O)nc4)cc4ncccc34)n2)CN(C2CC(F)(F)C2)C1,7.055517327849832,1
CHEMBL5869242,CCc1cc(O)ccc1-c1cc2[nH]ncc2c(N2CCc3c(Cl)cccc3C2)n1,6.251037138743839,2
CHEMBL5869669,CNC(=O)c1ncc(Nc2nccc(N3C[C@H]4CC[C@@H](C3)N4C(=O)NCC#N)n2)cc1C,7.853871964321762,4
CHEMBL5869700,CCCS(=O)(=O)N[C@H]1CCC(N(C)c2ncnc3[nH]ccc23)C1,5.690369832574102,1
CHEMBL5870425,CC(C)CNc1nc(-c2cc(F)c(O)cc2CC(F)(F)F)nc(N)c1C=N,5.127377620974712,1
CHEMBL5870996,Cn1cc(Nc2nccc(N3C[C@H]4CC[C@@H](C3)N4C(=O)[C@@H]3C[C@@H]3F)n2)cn1,6.324221658325915,4
CHEMBL5870997,CCC(CC)n1cc(-c2nc(-c3cnn(C4CN(C(=O)C(C)C)C4)c3)cn3nccc23)cn1,7.259637310505756,3
CHEMBL5871018,CN(c1ncnc2[nH]ccc12)[C@H]1C[C@@H](CS(=O)(=O)c2cc(C(F)(F)F)ccc2Cl)C1,8.562249437179611,1
CHEMBL5871031,N#CC[C@H]1CC[C@H](n2c(CC(=O)NC34CCC(C(N)=O)(CC3)C4)nc3cnc4[nH]ccc4c32)CC1,8.3767507096021,1
CHEMBL5871098,CCC(CC)n1cc(-c2nc(-c3cnn(CC(C)(O)CO)c3)cn3nccc23)cn1,7.259637310505756,3
CHEMBL5871261,CCC(CC)n1cc(-c2nc(-c3cnn([C@H]4C[C@](O)(CO)C4)c3)cn3nccc23)cn1,6.759637310505756,2
CHEMBL5871332,N#Cc1ccc(COc2ccc(-c3cccc4nc(NC(=O)C5CC5)nn34)cc2)cn1,6.958607314841775,3
CHEMBL5871439,O=C(Nc1nc2cccc(-c3ccc(NS(=O)(=O)c4ccccc4F)cc3)n2n1)C1CC1,6.522878745280337,1
CHEMBL5871515,CS(=O)(=O)N1CC(CC#N)(n2ncc(-c3cc(-c4cn[nH]c4)cc4ncccc34)n2)C1,7.494850021680094,1
CHEMBL5871550,O=C(Nc1nc2cccc(-c3ccc(-c4cccnc4)cc3)n2n1)C1CC1,6.1249387366083,1
CHEMBL5871619,CCNC(=O)N1[C@@H]2CC[C@H]1CN(c1ccnc(Nc3cnc(C(=O)NC)c(F)c3)n1)C2,7.031517051446065,4
CHEMBL5871743,Cn1cc(-c2cc(-c3cnn(C4(CC#N)CC(C#N)C4)c3)n3ccnc3c2)cn1,7.064651771005375,2
CHEMBL5872861,N#CC[C@H]1CC[C@H](n2c(CC(=O)NCC3CCOCC3)nc3cnc4[nH]ccc4c32)CC1,8.958607314841775,4
CHEMBL5872965,CC(C)(C)OC(=O)NCc1nc2cnc3[nH]ccc3c2n1[C@H]1CC[C@H](CC#N)CC1,7.22548303427145,1
CHEMBL5873451,COCC(C)NC(=O)c1nc2cnc3[nH]ccc3c2n1[C@H]1CC[C@H](CC#N)CC1,7.522878745280337,1
CHEMBL5873470,N#CCC1(n2ccc(-c3nc(-c4cccc(C(N)=O)n4)cc4ncccc34)n2)CC(C#N)C1,7.275724130399211,1
CHEMBL5873591,CNC(=O)c1cc(-c2cn3nccc3c(-c3cnn([C@]4(CC#N)C[C@@H](OC)C4)c3)n2)[nH]n1,7.6777807052660805,1
CHEMBL5873745,O=C(Nc1nc2cccc(-c3ccc(S(=O)(=O)NC4CC4)cc3)n2n1)C1CC1,6.1249387366083,1
CHEMBL5873989,N#C[C@H]1C[C@@H](N2CCC2)CC[C@@H]1n1cc(C(N)=O)c(Nc2ccc(C(F)(F)F)cc2)n1,5.7447274948966935,2
CHEMBL5874019,CCC(CC)n1cc(-c2nc(-c3cnn(C[C@H]4CNCCO4)c3)cn3nccc23)cn1,6.259637310505756,3
CHEMBL5874021,N#CCC1CCC(n2c(CC(=O)NCC3(O)CC3)nc3cnc4[nH]ccc4c32)CC1,8.060480747381382,1
CHEMBL5874150,N#CC[C@H]1CC[C@H](n2c(CC(=O)Nc3cc[nH]n3)nc3cnc4[nH]ccc4c32)CC1,8.823908740944319,4
CHEMBL5874161,COc1ncccc1-c1cc2ncccc2c(-c2ccn(C3(CC#N)CN(S(C)(=O)=O)C3)n2)n1,6.1073489661227,1
CHEMBL5874214,CC(C)(C)COC(=O)NCc1nc2cnc3[nH]ccc3c2n1[C@H]1CC[C@H](CC#N)CC1,7.79317412396815,1
CHEMBL5874254,CS(=O)(=O)N1CC(CC#N)(n2ccc(-c3nc(-c4ccc(F)cc4O)cc4ncccc34)n2)C1,7.721246399047171,1
CHEMBL5874286,O=C(NC1N=C2C=CC=C(C3CCC(NC(=O)C4CC4(F)F)CC3)C2S1)C1CC1,6.344573720075933,2
CHEMBL5874395,CCC(CC)n1cc(-c2nc(-c3cnn(C[C@@H](O)CN4CCCC4)c3)cn3nccc23)cn1,6.259637310505756,3
CHEMBL5874453,CN(c1ncnc2[nH]ccc12)[C@H]1C[C@@H](CS(=O)(=O)N2C[C@@H]3C[C@]3(C#N)C2)C1,6.1095789811990855,1
CHEMBL5874607,CS(=O)(=O)c1ccc(Nc2oc(-c3c(F)cc(F)cc3F)nc2C(N)=O)cc1,7.165579296318468,2
CHEMBL5875126,CCC(CC)n1cc(-c2nc(-c3cnn(C4CC(S(C)(=O)=O)C4)c3)cn3nccc23)cn1,7.259637310505756,1
CHEMBL5875153,Cn1cc(-c2cc3ncccc3c(-c3ccn(C4(CC#N)CN(S(C)(=O)=O)C4)n3)n2)ccc1=O,7.017728766960431,1
CHEMBL5875361,CN(c1ncnc2[nH]ccc12)[C@H]1C[C@@H](CS(=O)(=O)[C@H]2C[C@@H](C#N)C2)C1,5.670805584911549,1
CHEMBL5875368,N#CC[C@]1(n2cc(-c3nc(-c4cc(CO)on4)cn4nccc34)cn2)C[C@@H](C#N)C1,7.7447274948966935,6
CHEMBL5875400,Cc1ccc(S(=O)(=O)N(C)c2ccccc2CNc2nc(-c3cc(F)c(O)cc3CC(F)(F)F)cc3[nH]nc(C(N)=O)c23)cn1,7.100179497572904,2
CHEMBL5875482,N#CC[C@H]1CC[C@H](n2c(C(=O)NCC3(O)CCCCCC3)nc3cnc4[nH]ccc4c32)CC1,7.718966632752273,1
CHEMBL5875500,COc1cccc(F)c1CNc1nc(Nc2cnn(C3CC3)c2)ncc1C(N)=O,9.207608310501746,1
CHEMBL5876263,COc1cc(S(=O)(=O)C[C@H]2C[C@@H](N(C)c3ncnc4[nH]ccc34)C2)c(C)cn1,8.517126416391246,1
CHEMBL5876345,C[C@@H]1CN(S(=O)(=O)C[C@H]2C[C@@H](N(C)c3ncnc4[nH]ccc34)C2)[C@H](C)CO1,5.580044251510242,1
CHEMBL5876412,CS(=O)(=O)N1CC(CC#N)(n2ncc(-c3cc(-c4cc(O)cc(F)c4)cc4ncccc34)n2)C1,6.199970640755866,1
CHEMBL5876896,COC1CC(CC#N)(n2ccc(-c3nc(-c4ccn[nH]4)cc4ncccc34)n2)C1,7.200331433503756,2
CHEMBL5876970,CCN(c1ccccc1CNc1nc(-c2cc(F)c(O)cc2CC(F)(F)F)cc2[nH]nc(C(=O)NC)c12)S(=O)(=O)CC,7.437707135543525,2
CHEMBL5877049,Cc1noc(C)c1S(=O)(=O)C[C@H]1C[C@@H](N(C)c2ncnc3[nH]ccc23)C1,9.09799710864927,1
CHEMBL5877526,CCc1cc(O)ccc1-c1cc(N)c(C=N)c(NCCc2ccc(-c3ccccc3)cc2)n1,5.373249146316606,1
CHEMBL5877543,CS(=O)(=O)N1CC(CC#N)(n2ccc(-c3nc(-c4ccnc(O)c4)cc4ncccc34)n2)C1,7.130768280269024,1
CHEMBL5877596,CCC(CC)n1cc(-c2nc(-c3cnn([C@H]4C[C@@H](O)[C@@H](O)C4)c3)cn3nccc23)cn1,7.259637310505756,6
CHEMBL5877997,Cn1cc(-c2cn3nccc3c(-c3cnn(C4CCCC4CO)c3)n2)cn1,6.259637310505756,3
CHEMBL5878089,CN(c1ccccc1CNc1nc(-c2cc(F)c(O)cc2CC(F)(F)F)cc2[nH]nc(C(N)=O)c12)S(=O)(=O)c1ccccc1,6.661543506395395,2
CHEMBL5878266,Cn1cc(-c2cc(-c3cnn(C4(CC#N)CN(CC#N)C4)c3)c3cccnc3c2)cn1,7.443697499232712,1
CHEMBL5878280,COCC1CCN(S(=O)(=O)C[C@H]2C[C@@H](N(C)c3ncnc4[nH]ccc34)C2)C1,5.267525822718807,1
CHEMBL5878324,CNC(=O)c1n[nH]c2cc(-c3cc(F)c(O)cc3CC(F)(F)F)nc(NCc3ccccc3N(C)S(=O)(=O)CCOC)c12,7.247951552180561,2
CHEMBL5878666,CN(C)C(=O)c1ccc(Nc2oc(-c3c(F)cccc3F)nc2C(N)=O)cc1,8.036212172654444,2
CHEMBL5878871,O=C(Nc1ccc2cncc(Cl)c2c1)[C@@H]1CC1c1ccc(S(=O)(=O)Nc2ccccn2)cc1,8.680755371522682,2
CHEMBL5879037,CC(C)(O)CN1CCC(c2nc3cnc4[nH]ccc4c3n2[C@H]2CC[C@H](CC#N)CC2)CC1,7.512861624522813,1
CHEMBL5879187,CCN(c1ccc(F)cc1CNc1nc(-c2cc(F)c(O)cc2CC(F)(F)F)cc2[nH]nc(C(N)=O)c12)S(C)(=O)=O,6.856985199745905,2
CHEMBL5879254,N#CC1(CN2[C@@H]3CC[C@H]2CN(c2ccnc(Nc4cn[nH]c4)n2)C3)CC1,6.818156412055227,3
CHEMBL5879664,N#CCC1(n2ncc(-c3cc(-c4cnc5cccnn45)cc4ncccc34)n2)CC(C#N)C1,6.94692155651658,1
CHEMBL5880001,CO[C@H]1C[C@](CC#N)(n2cc(-c3nc(-c4cc(CO)[nH]n4)cn4nccc34)cn2)C1,7.568636235841013,4
CHEMBL5880063,Cn1cc(Nc2nccc(N3C[C@H]4CC[C@@H](C3)N4C(=O)NCCC#N)n2)cn1,7.187086643357144,4
CHEMBL5880183,N#CCC1(n2ncc(-c3cc(-c4cc5c(cn4)CCN5)cc4ncccc34)n2)CC(C#N)C1,6.7121982700697735,1
CHEMBL5880395,Cc1nc(-c2cc(-c3cnn(C4(CC#N)CC(C#N)C4)n3)c3cccnc3c2)ccc1CCO,7.183013422105163,2
CHEMBL5880585,Cn1cc(-c2cc(-c3ccn(C4(CC#N)CN(CC(F)(F)F)C4)n3)c3cccnc3c2)cn1,6.465973893943865,1
CHEMBL5880624,CNC(=O)c1n[nH]c2cc(-c3cc(F)c(O)cc3C3CC3)nc(NCc3cccnc3N(C)S(C)(=O)=O)c12,5.443335737877431,2
CHEMBL5880797,CNS(=O)(=O)C[C@H]1CC[C@H](N(C)c2ncnc3[nH]c(C)nc23)CC1,5.258612007520731,1
CHEMBL5881134,CS(=O)(=O)N1CC(CC#N)(n2ncc(-c3cc(-c4cccc(CN)c4)cc4ncccc34)n2)C1,6.521071897584532,2
CHEMBL5881363,CS(=O)(=O)c1ccc(Nc2oc(-c3c(F)cccc3Cl)nc2C(N)=O)cc1,8.568636235841012,2
CHEMBL5881628,COc1ccc2c(c1)CN(S(=O)(=O)C[C@H]1C[C@@H](N(C)c3ncnc4[nH]ccc34)C1)C2,9.097453220686008,1
CHEMBL5881888,O=C(Nc1nc2cccc(C3CCC(NC(=O)[C@@H]4CC4(F)F)CC3)n2n1)C1CC1,5.830766573600513,2
CHEMBL5882347,CCC(CC)n1cc(-c2nc(-c3cnn(CC4(O)CCOCC4)c3)cn3nccc23)cn1,7.259637310505756,3
CHEMBL5882527,CC(C)(C)n1cc(Nc2ncc(C(N)=O)c(Nc3c(F)cccc3F)n2)cn1,7.906578314837765,1
CHEMBL5882716,CNC(=O)c1n[nH]c2cc(-c3cc(F)c(O)cc3CC(F)(F)F)nc(NCc3ccccc3N(C)S(=O)(=O)c3cccc(O)c3)c12,6.428291168191312,2
CHEMBL5882920,CCN(c1ccccc1CNc1nc(-c2cc(F)c(O)cc2CC(F)(F)F)cc2[nH]nc(C(N)=O)c12)S(=O)(=O)CC,6.91721462968355,1
CHEMBL5882988,CCc1cc(O)c(F)cc1-c1cc2[nH]nc(C(=O)NC)c2c(NCc2ccccc2N(C)S(=O)(=O)c2ccccc2)n1,7.228412519118745,2
CHEMBL5882994,COC1CC(CC#N)(n2ccc(-c3nc(-c4cc(CO)n[nH]4)cc4ncccc34)n2)C1,7.287967737291256,2
CHEMBL5883265,CN(c1ncnc2[nH]ccc12)[C@H]1C[C@@H](CS(=O)(=O)c2ccccc2Cl)C1,9.371611069949688,1
CHEMBL5883424,Cn1nc(CO)cc1-c1cc2ncccc2c(-c2ccn(C3(CC#N)CC(C#N)C3)n2)n1,7.065090896010336,2
CHEMBL5883556,CS(C)(=O)=NCc1nc2cnc3[nH]ccc3c2n1[C@H]1CC[C@H](CC#N)CC1,8.161150909262744,1
CHEMBL5883560,CCC(CC)n1cc(-c2nc(-c3cnn(C[C@@H](CO)N(C)C)c3)cn3nccc23)cn1,7.259637310505756,3
CHEMBL5883646,CNC(=O)C(=N)c1c(N)cc(-c2cc(F)c(O)cc2CC(F)(F)F)nc1NCc1cc(O)ccc1N(C)S(=O)(=O)c1cccnc1,7.586700235918748,1
CHEMBL5883781,CCCCc1cncc2ccc(NC(=O)[C@@H]3CC3c3ccc(S(=O)(=O)Nc4ccccn4)cc3)cc12,7.040958607678906,1
CHEMBL5884001,C[C@@H]1CN(S(=O)(=O)C[C@H]2C[C@@H](N(C)c3ncnc4[nH]ccc34)C2)CCO1,5.579879151914297,1
CHEMBL5884275,COc1nc(-c2cc(-c3cnn(C4(CC#N)CC(C#N)C4)c3)n3ccnc3c2)ccc1N,7.481486060122112,1
CHEMBL5884352,CS(=O)(=O)N1CC(CC#N)(n2ccc(-c3nc(-c4ccc(O)c(F)c4)cc4ncccc34)n2)C1,7.568636235841013,1
CHEMBL5884491,Cc1cn(C2(CC#N)CC(C#N)C2)nc1-c1nc(-c2cn[nH]c2N)cc2ncccc12,6.841637507904751,1
CHEMBL5884620,CNC(=O)c1n[nH]c2cc(-c3cc(F)c(O)cc3CC(F)(F)F)nc(NCc3ccccc3N(C)S(=O)(=O)c3ccc(C)nc3)c12,7.175223537524454,2
CHEMBL5884694,CN(c1ncnc2[nH]ccc12)[C@H]1C[C@@H](CS(=O)(=O)N2CC(F)(F)C2)C1,6.534617148551582,1
CHEMBL5885020,CN(c1ncnc2[nH]ccc12)[C@H]1C[C@@H](CS(=O)(=O)c2ccc(C(F)(F)F)c(F)c2)C1,8.600326278518962,1
CHEMBL5885067,CCn1cc(Nc2nccc(N3C[C@H]4CC[C@@H](C3)N4C(=O)[C@@H]3C[C@H]3C#N)n2)cn1,7.494850021680094,4
CHEMBL5885221,C[C@@H]1[C@@H]2CN(c3nc(Nc4cnn(C5COC5)c4)ncc3F)C[C@]12NC(=O)[C@@H]1CC1(F)F,7.585026652029182,4
CHEMBL5885656,CN(c1ncnc2[nH]ccc12)[C@H]1C[C@@H](CS(=O)(=O)c2cccc3ncccc23)C1,9.103473782510445,1
CHEMBL5885705,Cn1cc(-c2cc3ncccc3c(-c3ccn(C4(CC#N)CN(CC(F)(F)F)C4)n3)n2)ccc1=O,6.749579997691106,1
CHEMBL5885832,N#CCC1(n2ncc(-c3cc(-c4scnc4CO)cc4ncccc34)n2)CC(C#N)C1,6.110138278741812,1
CHEMBL5885984,Cc1ccn(-c2cc3ncccc3c(-c3ccn(C4(CC#N)CN(CC(F)(F)F)C4)n3)n2)n1,6.115204636051019,1
CHEMBL5886061,N#CC[C@H]1CC[C@H](n2c(CN/C(CC3CCCCC3)=N/O)nc3cnc4[nH]ccc4c32)CC1,8.853871964321762,1
CHEMBL5886304,CNC(=O)c1ncc(Nc2nccc(N3C[C@H]4CC[C@@H](C3)N4CC3(C)COC3)n2)cc1C,8.096910013008056,4
CHEMBL5886414,CN(c1ncnc2[nH]ccc12)[C@H]1C[C@@H](CS(=O)(=O)N2CC[C@@H](F)C2)C1,6.258848401148215,1
CHEMBL5887118,O=C(Nc1ccc2cncc(OC(F)(F)F)c2c1)[C@@H]1CC1c1ccc(S(=O)(=O)Nc2ccccn2)cc1,7.136677139879544,1
CHEMBL5887178,CCN(c1ccc(O)cc1CNc1nc(-c2cc(F)c(O)cc2CC(F)(F)F)nc2[nH]nc(C(N)=O)c12)S(=O)(=O)c1ccccc1,5.658763376761308,2
CHEMBL5887357,CS(=O)(=O)c1ccc(Nc2oc(-c3c(Cl)cccc3Cl)nc2C(N)=O)cc1,8.638272163982407,2
CHEMBL5887539,O=C(Nc1nc2cccc(-c3ccc(NS(=O)(=O)c4ccc(F)cc4)cc3)n2n1)C1CC1,6.522878745280337,1
CHEMBL5887650,Cn1nccc1-c1cc2ncccc2c(-c2ccn(C3(CC#N)CN(CC(F)(F)F)C3)n2)n1,6.669586226650809,1
CHEMBL5887992,Cn1cc(-c2cc3ncccc3c(-c3ccn(C4(CC#N)CN(S(N)(=O)=O)C4)n3)n2)cn1,7.795880017344075,1
CHEMBL5888120,CCC(C)CS(=O)(=O)C[C@H]1C[C@@H](N(C)c2ncnc3[nH]ccc23)C1,6.3487219860018556,1
CHEMBL5888413,CNS(=O)(=O)C[C@H]1CC[C@H](N(C)c2c([N+](=O)[O-])cnc3[nH]ccc23)CC1,6.4089353929735005,1
CHEMBL5888723,N#CCC1(n2cc(-c3cc(-c4nc(CO)cs4)cc4nccn34)cn2)CC(C#N)C1,7.292429823902063,1
CHEMBL5888914,CCC(CC1CC1)n1cc(-c2cnn3cc(-c4cnn(C[C@@H](O)CO)c4)ncc23)cn1,6.259637310505756,1
CHEMBL5889067,Cn1cc(-c2cc(-c3cnn(C4(CC#N)CC(C#N)C4)n3)c3cccnc3c2)cn1,7.740743030061056,2
CHEMBL5889676,CCS(=O)(=O)N1CC(N(C)c2ncnc3[nH]ccc23)C2(CC2)C1,6.703334809738469,1
CHEMBL5890131,CN(c1ncnc2[nH]ccc12)[C@H]1C[C@@H](NS(=O)(=O)[C@@H]2C[C@H]2CC#N)C1,6.175874166083451,1
CHEMBL5890326,[C-]#[N+]C1(CN2[C@@H]3CC[C@H]2CN(c2ccnc(Nc4cn[nH]c4)n2)C3)CC1,6.818156412055227,1
CHEMBL5890374,CN(c1ncnc2[nH]ccc12)[C@H]1C[C@@H](CS(=O)(=O)CC2CCOC2)C1,5.5052889747947376,1
CHEMBL5890407,CN(c1ncnc2[nH]ccc12)[C@H]1C[C@@H](CS(=O)(=O)C[C@H]2CC[C@@H](C(F)(F)F)CC2)C1,8.341988603342887,1
CHEMBL5890561,Cn1ncc2ccc(S(=O)(=O)C[C@H]3C[C@@H](N(C)c4ncnc5[nH]ccc45)C3)cc21,9.482804102050025,1
CHEMBL5890732,CCC(CC)n1cc(-c2nc(-c3cnn([C@H](C)[C@@H](C)O)c3)cn3nccc23)cn1,7.259637310505756,3
CHEMBL5890870,N#CCC1(n2ncc(-c3cc(-c4cnn(CCO)c4)cc4ncccc34)n2)CC(C#N)C1,7.872363747448347,2
CHEMBL5890887,CC(=O)Nc1cccc(-c2cc(-c3cnn(C4(CC#N)CC(C#N)C4)n3)c3cccnc3c2)n1,7.648784731777237,2
CHEMBL5890917,CO[C@H]1C[C@](CC#N)(n2cc(-c3nc(-c4cc(NC(C)=O)[nH]n4)cn4nccc34)cn2)C1,7.455931955649724,4
CHEMBL5891109,CCC(CC)n1cc(-c2nc(-c3cnn(C[C@@H]4CCC(=O)N4)c3)cn3nccc23)cn1,7.259637310505756,3
CHEMBL5891124,Cc1cncc2ccc(NC(=O)[C@@H]3C[C@H]3c3ccc(S(=O)(=O)Nc4ncc(C5CCNCC5)cn4)cc3)cc12,6.6439741428068775,1
CHEMBL5891156,Cc1cncc(-c2cc3ncccc3c(-c3ccn(C4(CC#N)CN(CC(F)(F)F)C4)n3)n2)c1,5.72584215073632,1
CHEMBL5891218,Cc1ncc(-c2cc(-c3cnn(C4(CC#N)CC(C#N)C4)c3)n3ccnc3c2)[nH]1,7.267606240177032,1
CHEMBL5891227,CN(c1ncnc2[nH]ccc12)[C@H]1C[C@@H](CS(=O)(=O)N2CCc3ccccc3C2)C1,9.53313237964589,1
CHEMBL5891375,C=CCCCNc1nc(Nc2cnn(C(C)(C)C)c2)ncc1C(N)=O,7.226945306635737,1
CHEMBL5891519,CN(c1ncnc2[nH]ccc12)[C@H]1C[C@@H](CS(=O)(=O)N2CCCC3(COC3)C2)C1,5.95506845385084,1
CHEMBL5891765,CNC(=O)C(=N)c1c(N)cc(-c2cc(F)c(O)cc2CC(F)(F)F)nc1NCc1cccnc1N(C)S(C)(=O)=O,6.614393726401688,1
CHEMBL5891785,CN(c1ccc(O)cc1CNc1nc(-c2cc(F)c(O)cc2CC(F)(F)F)nc2[nH]nc(C(N)=O)c12)S(=O)(=O)c1ccccc1,5.760950906859809,2
CHEMBL5891874,CS(=O)(=O)Nc1cncc(-c2cc3ncccc3c(-c3ccn(C4(CC#N)CN(S(C)(=O)=O)C4)n3)n2)c1,6.097453220686009,1
CHEMBL5891948,CC1(O)CCN(C(=O)c2ccc(Nc3cc(-c4c(F)cccc4F)nc4c3C(=O)NC4)cc2)CC1,6.866461091629782,2
CHEMBL5892033,CCN1CC(CC#N)(n2ccc(-c3nc(-c4cc(N)n(C)n4)cc4ncccc34)n2)C1,6.356547323513812,1
CHEMBL5892091,Cn1cc(-c2cn3nccc3c(-c3cnn(C4(C)CCCC4)c3)n2)cn1,6.259637310505756,3
CHEMBL5892211,CC(C)(O)CNC(=O)c1nc2cnc3[nH]ccc3c2n1[C@H]1CC[C@H](CC#N)CC1,7.761953896871205,1
CHEMBL5892273,O=C(Nc1ccc2cncc(F)c2c1)[C@@H]1CC1c1ccc(S(=O)(=O)Nc2ccccn2)cc1,8.049816435671765,2
CHEMBL5893166,CS(=O)(=O)N1CC(CC#N)(n2ccc(-c3nc(-c4cnn(CC5COC5)c4)cc4ncccc34)n2)C1,7.657577319177793,1
CHEMBL5893277,N#CC[C@H]1CC[C@H](n2c(CC(=O)N3CCC(C#N)CC3)nc3cnc4[nH]ccc4c32)CC1,8.161150909262744,1
CHEMBL5893325,CCN(c1nccnc1CNc1nc(-c2cc(F)c(O)cc2CC(F)(F)F)cc2[nH]nc(C(N)=O)c12)S(C)(=O)=O,6.777283528852417,2
CHEMBL5893379,CNC(=O)c1n[nH]c2cc(-c3cc(F)c(O)cc3CC(F)(F)F)nc(NCc3cc(C)cnc3N(C)S(C)(=O)=O)c12,5.692932049338702,2
CHEMBL5893479,Cn1ncc(-c2cc(-c3cnn(C4(CC#N)CC(C#N)C4)n3)c3cccnc3c2)c1CO,5.889410289700751,1
CHEMBL5893538,CCc1cc(O)c(F)cc1-c1cc2[nH]ncc2c(NCc2ccccc2N(CCO)S(C)(=O)=O)n1,7.306273051076353,1
CHEMBL5893672,CNS(=O)(=O)CC1CCC(n2cnc3cnc4[nH]ccc4c32)CC1,6.886056647693163,1
CHEMBL5893693,O=C(Nc1nc2cccc(-c3ccc(C(=O)N4CCCCC4)cc3)n2n1)C1CC1,6.1249387366083,1
CHEMBL5893776,CCC(CC)n1cc(-c2nc(-c3cnn(CC[C@@H](O)CO)c3)cn3nccc23)cn1,7.259637310505756,3
CHEMBL5893916,N#CC[C@H]1CC[C@H](n2c(CNC(=O)Nc3ccccc3)nc3cnc4[nH]ccc4c32)CC1,8.0268721464003,1
CHEMBL5894111,CCc1cc(O)c(F)cc1-c1cc2[nH]nc(C(N)=O)c2c(NCc2ccc(O)cc2N(C)S(C)(=O)=O)n1,7.5376020021010435,2
CHEMBL5894264,COC1CC12CCN(S(=O)(=O)C[C@H]1C[C@@H](N(C)c3ncnc4[nH]ccc34)C1)CC2,8.005243055412372,1
CHEMBL5894366,CC1(C)CCC(c2nnn3cnc4[nH]ccc4c23)CC1,6.639094692393726,2
CHEMBL5894873,CN(c1ncnc2[nH]ccc12)[C@H]1C[C@@H](CS(=O)(=O)N2CCC(C(F)F)C2)C1,5.95663772197887,1
CHEMBL5894907,N#CC[C@H]1CC[C@H](n2c(C(=O)N3CCC(O)CC3)nc3cnc4[nH]ccc4c32)CC1,6.798602875679548,1
CHEMBL5895232,CN(c1ncnc2[nH]ccc12)[C@H]1C[C@@H](CS(=O)(=O)N2CCC(C(F)(F)F)CC2)C1,5.749579997691106,1
CHEMBL5895312,N#CC[C@H]1CC[C@H](n2c(CC(=O)NCC34CC5CC(CC(O)(C5)C3)C4)nc3cnc4[nH]ccc4c32)CC1,8.455931955649724,1
CHEMBL5895519,Cc1cc2c(ncc3nc(CC(=O)NCC(C)(C)O)n([C@H]4CC[C@H](CC#N)CC4)c32)[nH]1,7.686132779630847,1
CHEMBL5895736,CN(c1ccccc1CNc1nc(-c2cc(F)c(O)cc2CC(F)(F)F)cc2[nH]nc(C(N)=O)c12)S(C)(=O)=O,7.567030709125595,3
CHEMBL5895856,CC(C)(O)C1CC(CC#N)(n2ccc(-c3nc(-c4cc[nH]n4)cc4ncccc34)n2)C1,6.4124616394118945,2
CHEMBL5895884,Cn1cc(-c2cn3nccc3c(-c3cnn([C@]4(CC#N)C[C@@](C)(C#N)C4)c3)n2)cn1,6.866461091629782,4
CHEMBL5896282,CS(=O)(=O)N1CC(CC#N)(n2ncc(-c3cc(-c4cc[nH]n4)cc4ncccc34)n2)C1,7.638272163982407,1
CHEMBL5896459,COC1CC(CC#N)(n2ccc(-c3nc(-c4cn[nH]c4)cc4ncccc34)n2)C1,7.16179038414082,2
CHEMBL5896612,CCC(CC)n1cc(-c2nc(-c3cnn(C4CCN(C(C)=O)CC4)c3)cn3nccc23)cn1,7.259637310505756,3
CHEMBL5897041,COc1cnc(C)c(S(=O)(=O)C[C@H]2C[C@@H](N(C)c3ncnc4[nH]ccc34)C2)c1,8.410050398674292,1
CHEMBL5897384,N#CCC1(n2ncc(-c3cc(-c4ccc(C(N)=O)cn4)cc4ncccc34)n2)CC(C#N)C1,7.225682470092624,2
CHEMBL5897410,N#CC[C@H]1CC[C@H](n2c(Cc3cscn3)nc3cnc4[nH]ccc4c32)CC1,9.221848749616356,1
CHEMBL5897467,C[C@@H](CO)c1ccc(Nc2nccc(N3C[C@H]4CC[C@@H](C3)N4C(=O)C3CC3(F)F)n2)cn1,7.3979400086720375,4
CHEMBL5897586,CCc1cc(O)c(F)cc1-c1cc2[nH]nc(-c3nc(C)c(C)[nH]3)c2c(NCc2ccccc2N(C)S(C)(=O)=O)n1,7.47755576649368,2
CHEMBL5898182,Cc1cccc(C)c1CNc1nc(Cc2cnn(C)c2)ncc1C(N)=O,8.377785977033705,1
CHEMBL5898469,CCC(CC)n1cc(-c2nc(-c3cnn(C4CCC[C@@H]4O)c3)cn3nccc23)cn1,7.259637310505756,1
CHEMBL5898479,N#CC[C@H]1CC[C@H](n2c(CC(=O)NC3CCOCC3)nc3cnc4[nH]ccc4c32)CC1,8.387216143280265,4
CHEMBL5898638,CN1CCN(S(=O)(=O)C[C@H]2C[C@@H](N(C)c3ncnc4[nH]ccc34)C2)CC1,5.147276089208794,1
CHEMBL5898883,CN(c1ncnc2[nH]ccc12)[C@H]1C[C@@H](CS(=O)(=O)C2CN(CC(F)F)C2)C1,5.747146969020107,1
CHEMBL5899303,CCC(CC)n1cc(-c2nc(-c3cnn(CCN4CCC(O)CC4)c3)cn3nccc23)cn1,7.259637310505756,3
CHEMBL5899396,C[C@@H]1[C@@H]2CN(c3nc(Nc4ccc(CCO)nc4)ncc3F)C[C@]12NC(=O)C1CC1,6.598599459218456,4
CHEMBL5899474,CNC(=O)c1cc(Nc2nccc(N3C[C@H]4CC[C@@H](C3)N4C(=O)[C@@H]3CC3(F)F)n2)cc(C)n1,7.154901959985743,4
CHEMBL5899493,NC(=O)c1nc(-c2c(F)cccc2F)oc1Nc1ccc(C(=O)N2CCOCC2)cc1,7.6439741428068775,2
CHEMBL5899571,CCNC(=O)c1ccc(Nc2ncc(F)c(N3CC4CC(C3)N4C(=O)C(C)(F)F)n2)cc1C,7.251811972993799,5
CHEMBL5899583,Cc1cncc2ccc(NC(=O)[C@@H]3CC3c3ccc(S(=O)(=O)Nc4cnccn4)cc3)cc12,7.468521082957745,3
CHEMBL5899662,Cc1cc2c(-c3cnn([C@]4(CC#N)C[C@@H](C#N)C4)c3)nc(-c3cnn(C)c3)cn2n1,5.794524963259109,4
CHEMBL5900099,N#CCC1(n2ccc(-c3nc(-c4cccc(CO)n4)cc4ncccc34)n2)CC(C#N)C1,6.703334809738469,1
CHEMBL5900225,CC(C)/C(=N/O)NCc1nc2cnc3[nH]ccc3c2n1[C@H]1CC[C@H](CC#N)CC1,8.200659450546418,1
CHEMBL5900436,Cn1cc2c(n1)C(C)(C)CN(S(=O)(=O)C[C@H]1C[C@@H](N(C)c3ncnc4[nH]ccc34)C1)C2,8.91721462968355,1
CHEMBL5900503,CCC1(n2cc(-c3nc(-c4cnn(C)c4)cn4nccc34)cn2)CN(S(=O)(=O)C(F)(F)F)C1,6.259637310505756,1
CHEMBL5900603,CC(=O)N1CCC(c2nc3cnc4[nH]ccc4c3n2[C@H]2CC[C@H](CC#N)CC2)CC1,6.7594507517174005,1
CHEMBL5900994,N#CCC1(n2ncc(-c3cc(-c4cn[nH]c4)cc4ncccc34)n2)CC(C#N)C1,7.909078206027614,2
CHEMBL590109,NCCn1cc(-c2cc(-c3cc4ccccc4s3)c3[nH]ncc3c2)c2nc(N)ncc21,5.0,1
CHEMBL5901239,CN(c1ccc(O)cc1CNc1nc(-c2cc(F)c(O)cc2CC(F)(F)F)nc2[nH]nc(C(N)=O)c12)S(C)(=O)=O,6.428291168191312,1
CHEMBL5901245,CNC(=O)c1n[nH]c2cc(-c3cc(F)c(O)cc3CC(F)(F)F)nc(NCc3c(F)cccc3N(C)S(C)(=O)=O)c12,7.508638306165727,1
CHEMBL5901390,N#CCC1CC(CC#N)(n2ccc(-c3nc(-c4ccn[nH]4)cc4ncccc34)n2)C1,7.519289452966776,2
CHEMBL5901553,Cn1cc(-c2cn3nccc3c(-c3cnn([C@]4(CC#N)C[C@@H](O)C4)c3)n2)cn1,7.0915149811213505,3
CHEMBL5901583,CCC(CC)n1cc(-c2nc(-c3cnn(CCN4CC[C@H](O)C4)c3)cn3nccc23)cn1,7.259637310505756,3
CHEMBL5901783,CN(c1ncnc2[nH]ccc12)[C@H]1C[C@@H](NS(=O)(=O)[C@H]2C[C@@H](C#N)C2)C1,6.046240308266771,1
CHEMBL5901815,CCOc1cccc(S(=O)(=O)C[C@H]2C[C@@H](N(C)c3ncnc4[nH]ccc34)C2)c1,9.517126416391246,1
CHEMBL5901873,N#C[C@@H]1C[C@H](N2CCC2)CC[C@H]1n1cc(C(N)=O)c(Nc2ccc(C(F)(F)F)cc2)n1,6.920818753952375,2
CHEMBL5901936,CO[C@H](C)C1CCN(S(=O)(=O)C[C@H]2C[C@@H](N(C)c3ncnc4[nH]ccc34)C2)CC1,8.20690839982342,1
CHEMBL5901983,Cc1cc(-c2nc3cnc4[nH]ccc4c3n2[C@H]2CC[C@H](CC#N)CC2)[nH]n1,8.221848749616356,1
CHEMBL5902030,CN(c1ccccc1CNc1nc(-c2cc(F)c(O)cc2CC(F)(F)F)cc2[nH]nc(C(N)=O)c12)S(=O)(=O)c1cccnc1,7.281498311132726,1
CHEMBL5902108,Cn1cc(Nc2nccc(N3C[C@H]4CC[C@@H](C3)N4c3cc(C#N)ccn3)n2)cn1,7.2076083105017466,3
CHEMBL5902156,Cc1cc(-c2cc3ncccc3c(-c3ccn(C4(CC#N)CN(S(C)(=O)=O)C4)n3)n2)cnc1N,6.311580177997289,1
CHEMBL5902713,CN(c1ncnc2[nH]ccc12)[C@H]1C[C@@H](CS(=O)(=O)CCCCO)C1,8.347122311831544,2
CHEMBL5902723,N#CCC1(n2ccc(-c3nc(-c4cc[nH]n4)cc4ncccc34)n2)CN(CC(F)(F)F)C1,7.638272163982407,1
CHEMBL5902901,CS(=O)(=O)Nc1ccc(-c2cc(-c3cnn(C4(CC#N)CC(C#N)C4)n3)c3cccnc3c2)nc1,7.784318117920506,2
CHEMBL5903561,CCc1cc(O)c(F)cc1-c1cc(N)c(C=N)c(NCc2ccccc2N(C)S(C)(=O)=O)n1,7.214670164989233,1
CHEMBL5903698,N#CC[C@H]1CC[C@H](n2c(CC(=O)NCc3ccc(OC(F)F)cc3)nc3cnc4[nH]ccc4c32)CC1,7.876148359032914,1
CHEMBL5903885,N#CCC12CCC(n3c(CC(=O)N4CCCCC4)nc4cnc5[nH]ccc5c43)(CC1)CC2,6.217527375833714,1
CHEMBL5903964,COCCOCCOCCOCCc1nc2cnc3[nH]ccc3c2n1[C@H]1CC[C@H](CC#N)CC1,7.58838029403677,1
CHEMBL5904104,COC1CC(CC#N)(n2cc(-c3cc(-c4c[nH]nc4CO)cc4nccn34)cn2)C1,5.500685180531865,2
CHEMBL5904231,CC(C)(C#N)c1ccc(Nc2nccc(N3C[C@H]4CC[C@@H](C3)N4C(=O)[C@@H]3CC3(F)F)n2)cn1,7.6020599913279625,4
CHEMBL5904354,N#CC[C@H]1CC[C@H](n2c(CC(=O)NCC3CCCCC3)nc3cnc4[nH]ccc4c32)CC1,7.806875401645538,1
CHEMBL5904839,COC1CC(CC#N)(n2ccc(-c3nc(-c4cnn(C)c4)cc4ncccc34)n2)C1,7.214670164989233,1
CHEMBL5904962,CS(=O)(=O)N1CC(CC#N)(n2ccc(-c3nc(-c4cnn(C5COC5)c4)cc4ncccc34)n2)C1,7.698970004336019,1
CHEMBL5905760,CN1CCC(NC(=O)Cc2nc3cnc4[nH]ccc4c3n2[C@H]2CC[C@H](CC#N)CC2)CC1,8.55284196865778,1
CHEMBL5905772,CCc1cc(O)ccc1-c1cc2[nH]ncc2c(N2CCc3cc(OC)c(OCc4ccccc4)cc3C2)n1,5.5638373529592435,2
CHEMBL5906308,CS(=O)(=O)N1CC(CC#N)(n2ccc(-c3cc(-c4cc[nH]n4)cc4ncccc34)n2)C1,6.7544873321858505,1
CHEMBL5906384,CNC(=O)Cc1nc2cnc3[nH]ccc3c2n1[C@H]1CC[C@H](CC#N)CC1,8.920818753952375,1
CHEMBL5906639,Cn1cc(-c2cc(-c3cn(C4(CC#N)CN(S(C)(=O)=O)C4)nn3)c3cccnc3c2)cn1,6.573488738635425,1
CHEMBL5906873,NC(=O)c1nc(-c2c(F)cccc2F)oc1Nc1ccc(S(N)(=O)=O)cc1,7.835647144215563,2
CHEMBL5907035,CCC(CC)n1cc(-c2nc(-c3cnn(C[C@H](O)CN4CCCC4)c3)cn3nccc23)cn1,6.259637310505756,3
CHEMBL5907089,N#CCC1(n2ccc(-c3nc(-c4ccc(=O)[nH]c4)cc4ncccc34)n2)CN(S(=O)(=O)C2CC2)C1,7.494850021680094,1
CHEMBL5907229,CCC(CC(F)(F)F)n1cc(-c2nc(-c3cnn(C[C@@H](O)CO)c3)cn3nccc23)cn1,6.259637310505756,3
CHEMBL5907564,O=C(Nc1cn2c(-c3ccc(CN4CCS(=O)(=O)CC4)cc3F)cccc2n1)C1CC1,5.522878745280337,1
CHEMBL5907673,CCC(CC)n1cc(-c2nc(-c3cnn(CCO)c3)cn3nccc23)cn1,7.259637310505756,3
CHEMBL5907705,CCC(CC)n1cc(-c2nc(-c3cnn(CC4CC(CO)C4)c3)cn3nccc23)cn1,7.259637310505756,4
CHEMBL5908001,CCOC(=O)Cn1cc(Nc2ncc3ccn(CC4CCS(=O)(=O)CC4)c3n2)cn1,6.259637310505756,1
CHEMBL5908333,O=C(Nc1cc2c(Cl)cncc2s1)[C@@H]1C[C@H]1c1ccc(S(=O)(=O)Nc2ccc(F)cn2)cc1,6.777283528852417,1
CHEMBL5908590,NC(=O)c1nc(-c2c(F)cccc2F)oc1Nc1ccc(C(=O)NCCCO)cc1,8.075720713938118,2
CHEMBL5908685,N#CC[C@H]1CC[C@H](n2c(CC(=O)NCc3ccc(CO)cc3)nc3cnc4[nH]ccc4c32)CC1,7.876148359032914,1
CHEMBL5908831,CN(c1ncnc2[nH]ccc12)[C@H]1C[C@@H](CS(=O)(=O)C2CN(CC3CC3)C2)C1,5.0,1
CHEMBL5908962,COc1cc(-c2cc3ncccc3c(-c3ccn(C4(CC#N)CN(S(C)(=O)=O)C4)n3)n2)ccn1,7.075720713938118,1
CHEMBL5909283,CN(c1ncnc2[nH]ccc12)[C@H]1C[C@@H](CS(=O)(=O)N2CC[C@@H](OC(F)F)C2)C1,9.164309428507574,1
CHEMBL5909444,Cn1cc(Nc2nccc(N3C[C@H]4CC[C@@H](C3)N4C3CN(S(C)(=O)=O)C3)n2)cn1,7.154901959985743,4
CHEMBL5909596,CCC(CC)S(=O)(=O)C[C@H]1C[C@@H](N(C)c2ncnc3[nH]ccc23)C1,5.84955059053912,1
CHEMBL5909709,CN(CC(F)(F)F)C[C@H]1CC[C@H](n2c(=O)[nH]c(=O)c3cnc4[nH]ccc4c32)CC1,6.494850021680094,1
CHEMBL5909964,N#CC[C@H]1CC[C@H](n2c(C(=O)Nc3cn[nH]c3)nc3cnc4[nH]ccc4c32)CC1,7.935542010773082,1
CHEMBL5910291,COc1ccc(-c2cc3ncccc3c(-c3ccn(C4(CC#N)CN(CC(F)(F)F)C4)n3)n2)cn1,7.096910013008056,1
CHEMBL5910422,CCc1cncc2ccc(NC(=O)[C@@H]3CC3c3ccc(S(=O)(=O)Nc4ncccn4)cc3)cc12,7.920818753952375,2
CHEMBL5910502,N#CCC1(n2ncc(-c3cc(-c4ccccn4)cc4ncccc34)n2)CC(C#N)C1,7.638272163982407,1
CHEMBL5910654,N#CCC1(n2ncc(-c3cc(-c4cccc(C(N)=O)n4)cc4ncccc34)n2)CC(C#N)C1,7.9622265193037345,2
CHEMBL5910829,CCC(CC)n1cc(-c2nc(-c3cnn(CC4(CO)COC4)c3)cn3nccc23)cn1,7.259637310505756,3
CHEMBL5910992,CCN(CC)C(=O)c1ccc(Nc2cc(-c3c(F)cccc3F)nc3c2C(=O)NC3)cc1,6.924453038607469,2
CHEMBL5911119,CC1(C)CN(C(=O)c2ccc(-c3cccc4nc(NC(=O)C5CC5)cn34)cc2F)C1,5.522878745280337,1
CHEMBL5911448,N#CCC1(n2ncc(-c3cc(-c4cccc(C(=O)O)n4)cc4ncccc34)n2)CC(C#N)C1,7.240743030061056,2
CHEMBL5911666,N#CCC1(n2ccc(-c3nc(-c4ccc(N)c(C(N)=O)n4)cc4ncccc34)n2)CC(C#N)C1,7.346787486224656,3
CHEMBL5911818,CN(c1ncnc2[nH]ccc12)[C@H]1C[C@@H](CS(=O)(=O)N2CCC3(CCOCC3)C2)C1,5.0,1
CHEMBL5912075,Cn1cc(-c2cn3nccc3c(-c3cnn([C@]4(CC#N)C[C@H](O)C4)c3)n2)cn1,6.826813731587726,4
CHEMBL5912786,CCC(CC)n1cc(-c2nc(-c3cnn(C[C@@H](O)[C@@H](C)O)c3)cn3nccc23)cn1,7.259637310505756,3
CHEMBL5912816,CNC(=O)c1n[nH]c2cc(-c3cc(F)c(O)cc3CC(F)(F)F)nc(NCc3ccccc3N(C)S(=O)(=O)c3cccnc3)c12,7.140861702705469,2
CHEMBL5913000,CN(c1ncnc2[nH]ccc12)[C@H]1C[C@@H](CS(=O)(=O)N2CC3(CCO3)C2)C1,5.377889639638781,1
CHEMBL5913073,N#CC[C@H]1CC[C@H](n2c(CO/N=C(\N)C3CC3)nc3cnc4[nH]ccc4c32)CC1,7.430626090384954,1
CHEMBL5913189,COc1ccccc1Nc1nc(Nc2cnn(C(C)(C)C)c2)ncc1C(N)=O,8.411168274405792,1
CHEMBL5913887,N#CC[C@H]1CC[C@H](n2c(-c3cncs3)nc3cnc4[nH]ccc4c32)CC1,7.804100347590766,1
CHEMBL5914130,COc1cccc(F)c1CNc1nc(Cc2cnn(C)c2)ncc1C(N)=O,9.193820026016112,1
CHEMBL5914158,N#CCC1(n2ncc(-c3cc(-c4ccnc(N)c4)cc4ncccc34)n2)CC(C#N)C1,7.031517051446065,1
CHEMBL5914178,CS(=O)(=O)N1CC(CC#N)(n2ccc(-c3nc(-c4c[nH]nc4N)cc4ncccc34)n2)C1,8.154901959985743,1
CHEMBL5914189,Cn1cc(-c2cn3nccc3c(-c3cnn(C4(CC#N)CN(S(=O)(=O)C5CC5)C4)c3)n2)cn1,8.096910013008056,6
CHEMBL5914319,COC1CCN(S(=O)(=O)C[C@H]2C[C@@H](N(C)c3ncnc4[nH]ccc34)C2)CC1,5.229516190568892,1
CHEMBL5914597,CS(=O)(=O)N1CC(CC#N)(n2ncc(-c3cc(-c4cncnc4)cc4ncccc34)n2)C1,5.297914278564175,1
CHEMBL5914722,Cc1cc(-c2nc(-c3cc[nH]n3)cc3ncccc23)nn1C1(CC#N)CC(C#N)C1,7.832773124424534,2
CHEMBL5914827,CNC(=O)c1ncc(Nc2nccc(N3C[C@H]4CC[C@@H](C3)N4C(=O)[C@@H]3CC3(F)F)n2)cc1Cl,7.657577319177793,4
CHEMBL5914976,N#CC[C@H]1CC[C@H](n2c(CNC(=N)c3ccccc3)nc3cnc4[nH]ccc4c32)CC1,8.795880017344075,1
CHEMBL5915717,CN(c1ncnc2[nH]ccc12)[C@H]1C[C@@H](CS(=O)(=O)c2ccc(Cl)cc2F)C1,9.41793663708829,1
CHEMBL5916075,CCC(CC)n1cc(-c2nc(-c3cnn(C4CN(C(C)=O)C4)c3)cn3nccc23)cn1,7.259637310505756,3
CHEMBL5916294,N#CCC1(n2ccc(-c3nc(-c4ccnc(C(N)=O)n4)cc4ncccc34)n2)CC(C#N)C1,6.84569645301584,2
CHEMBL5916377,C[C@@H]1C[C@H]2[C@@H]3CCC4=CC(=O)C=C[C@]4(C)[C@@]3(F)[C@@H](O)C[C@]2(C)[C@@]1(O)C(=O)COC(=O)c1ccc(C(=O)OCc2ccc([C@@H](CN)C(=O)Nc3ccc4cnccc4c3)cc2)cc1,4.301029995663981,2
CHEMBL5916484,NC(=O)c1nc(-c2c(F)cccc2F)oc1Nc1ccc(C(=O)N[C@H]2CCCNC2)cc1,7.889410289700751,2
CHEMBL5916689,O=C(C1CC1)N1[C@@H]2CC[C@H]1CN(c1nc(Nc3ccnnc3)ncc1F)C2,5.959397659885927,4
CHEMBL5916725,CNC(=O)c1n[nH]c2cc(-c3cc(F)c(O)cc3CC(F)(F)F)nc(NCc3ccccc3N(C)S(=O)(=O)NCCO)c12,6.665546248849069,1
CHEMBL5916760,CCN(c1ccccc1CNc1nc(-c2cc(F)c(O)cc2CC(F)(F)F)cc(N)c1C(=N)C(N)=O)S(=O)(=O)CC,6.91721462968355,1
CHEMBL5916809,CCNC(=O)c1ccc(Nc2nccc(N3C[C@H]4CC[C@@H](C3)N4C(=O)CC#N)n2)cc1,7.920818753952375,4
CHEMBL5916890,CN(c1ncnc2[nH]ccc12)[C@H]1C[C@@H](CS(=O)(=O)CCC(F)(F)F)C1,6.154901959985743,1
CHEMBL5917540,CN(c1ncnc2[nH]ccc12)[C@H]1C[C@@H](CS(=O)(=O)CCC(F)F)C1,9.549750891680638,1
CHEMBL5918077,Cn1cc(Nc2nccc(N3C[C@H]4CC[C@@H](C3)N4C(=O)NCC#N)n2)cn1,7.795880017344075,4
CHEMBL5918088,CNC(=O)c1n[nH]c2cc(-c3cc(F)c(O)cc3CC(F)(F)F)nc(NCc3ccccc3N(C)S(=O)(=O)N3CCOC3)c12,6.665546248849069,1
CHEMBL5918228,CCc1cc(O)c(F)cc1-c1cc2[nH]ncc2c(NCc2ccccc2N(C)S(C)(=O)=O)n1,8.327902142064282,2
CHEMBL5918749,N#CCC1CC(CC#N)(n2cc(-c3nc(-c4cn[nH]c4)cc4ncccc34)cn2)C1,7.5774509799928715,2
CHEMBL5918823,[C-]#[N+]c1ccnc(N2[C@@H]3CC[C@H]2CN(c2ccnc(Nc4cnn(C)c4)n2)C3)c1,7.2076083105017466,1
CHEMBL5918882,Cn1nc(-c2cc3ncccc3c(-c3ccn(C4(CC#N)CC(C#N)C4)n3)n2)cc1CN,6.962573502059376,1
CHEMBL5918918,CS(=O)(=O)N1CC(CC#N)(n2ccc(-c3nc(-c4cnc(N)c(N)c4)cc4ncccc34)n2)C1,7.0915149811213505,1
CHEMBL5919131,CC[C@H](C)n1cc(-c2nc(-c3cnn(C[C@H](O)CO)c3)cn3nccc23)cn1,7.259637310505756,3
CHEMBL5919309,N#CCC1(n2ncc(-c3cc(-c4ccc(-c5nnn[nH]5)cc4)cc4ncccc34)n2)CC(C#N)C1,7.769551078621726,1
CHEMBL5919378,CCCc1cncc2ccc(NC(=O)[C@@H]3CC3c3ccc(S(=O)(=O)Nc4ncccn4)cc3)cc12,7.4089353929735005,1
CHEMBL5919384,N#CCC1(n2ccc(-c3nc(-c4ccnc(N)c4)cc4ncccc34)n2)CC(C#N)C1,7.926935982160881,2
CHEMBL5919390,CCc1cc(O)ccc1-c1cc2[nH]ncc2c(NCc2c(C)cccc2N(C)S(C)(=O)=O)n1,6.204119982655925,1
CHEMBL5919420,CS(=O)(=O)Nc1cccc(-c2cc(-c3cnn(C4(CC#N)CC(C#N)C4)n3)c3cccnc3c2)n1,7.419465807264412,2
CHEMBL5919594,COc1cc(S(=O)(=O)C[C@H]2C[C@@H](N(C)c3ncnc4[nH]ccc34)C2)cnc1C,8.518557371497694,1
CHEMBL5919697,NC(=O)c1cnc(Nc2cnn(C3CCOCC3)c2)nc1NCc1c(F)cccc1F,8.821023052706831,1
CHEMBL5920277,O=C(Nc1nc2cccc(C3=CCC(NC(=O)C4(F)CC4)CC3)n2n1)C1CC1,6.335358024443875,1
CHEMBL5920292,CS(=O)(=O)N1CC(CC#N)(n2ncc(-c3cc(-c4cccc(CO)c4F)cc4ncccc34)n2)C1,6.481486060122113,1
CHEMBL5920829,CC(=N)NCc1nc2cnc3[nH]ccc3c2n1[C@H]1CC[C@H](CC#N)CC1,8.585026652029182,1
CHEMBL5920938,Cn1cc(-c2cn3nccc3c(-c3cnn([C@]4(CC#N)C[C@](C)(C#N)C4)c3)n2)cn1,7.958607314841775,4
CHEMBL5921362,CCC(CC)n1cc(-c2nc(-c3cnn(CC4CCS(=O)(=O)CC4)c3)cn3nccc23)cn1,7.259637310505756,3
CHEMBL5921646,Cc1nn(C)c2c1CN(S(=O)(=O)C[C@H]1C[C@@H](N(C)c3ncnc4[nH]ccc34)C1)CC2,8.6903698325741,1
CHEMBL5921751,Cc1ccc(-c2cc3ncccc3c(-c3ccn(C4(CC#N)CN(S(C)(=O)=O)C4)n3)n2)cn1,6.8696662315049934,1
CHEMBL5921793,CCC(CC)n1cc(-c2nc(-c3cnn(C[C@H](O)COC)c3)cn3nccc23)cn1,7.259637310505756,3
CHEMBL5921959,COC(C)c1ccc(S(=O)(=O)C[C@H]2C[C@@H](N(C)c3ncnc4[nH]ccc34)C2)cc1,9.041914151478915,1
CHEMBL5922063,Cc1cc(C)c(S(=O)(=O)C[C@H]2C[C@@H](N(C)c3ncnc4[nH]ccc34)C2)cn1,8.88941028970075,1
CHEMBL5922141,C[C@@H]1CCCC[C@H]1n1cc(-c2nc(-c3cnn(C[C@@H](O)CO)c3)cn3nccc23)cn1,7.259637310505756,3
CHEMBL5922440,CCc1cc(O)c(F)cc1-c1nc(NCc2ccccc2N(C)S(=O)(=O)c2ccccc2)c2c(C(N)=O)n[nH]c2n1,7.049148541111453,1
CHEMBL5922741,CC1(C)O[C@@H]2C[C@H]3[C@@H]4CCC5=CC(=O)C=C[C@]5(C)[C@@]4(F)[C@@H](O)C[C@]3(C)[C@]2(C(=O)COC(=O)CCC(=O)OCc2ccc([C@@H](CN)C(=O)Nc3ccc4cnccc4c3)cc2)O1,4.301029995663981,2
CHEMBL5922755,Cc1ccc(Cl)cc1-n1cc(-c2ncnc3[nH]ccc23)cc1C#N,7.886056647693163,1
CHEMBL5922891,CS(=O)(=O)N1CC(CC#N)(n2ccc(-c3nc(-c4cnn5ccccc45)cc4ncccc34)n2)C1,7.455931955649724,1
CHEMBL5922906,CNC(=O)C1CC(CC#N)(n2ccc(-c3nc(-c4cc[nH]n4)cc4ncccc34)n2)C1,5.477462261101087,2
CHEMBL5922978,Cn1cc(S(=O)(=O)C[C@H]2C[C@@H](N(C)c3ncnc4[nH]ccc34)C2)ccc1=O,9.869666231504993,1
CHEMBL5923278,N#CC[C@H]1CC[C@H](n2c(C3CNC3)nc3cnc4[nH]ccc4c32)CC1,7.721246399047171,1
CHEMBL5923410,CSCCNc1nc(-c2cc(F)c(O)cc2CC(F)(F)F)cc2[nH]nc(-c3nc4c([nH]3)CCN(Cc3ccccc3)C4)c12,6.764471553092451,2
CHEMBL5924069,CNC(=O)C(=N)c1c(N)cc(-c2cc(F)c(O)cc2CC(F)(F)F)nc1NCc1c(F)cccc1N(C)S(C)(=O)=O,7.508638306165727,1
CHEMBL5924139,CCN(c1ncccc1CNc1nc(-c2cc(F)c(O)cc2CC(F)(F)F)cc2[nH]nc(C(N)=O)c12)S(C)(=O)=O,6.962573502059376,2
CHEMBL5924772,Cn1ncc(-c2cc3ncccc3c(-c3ccn(C4(CC#N)CC(C#N)C4)n3)n2)c1CO,7.356547323513812,1
CHEMBL5925356,O=C([C@@H]1CC1(F)F)N1[C@@H]2CC[C@H]1CN(c1ccnc(Nc3cnc(N4CC(O)C4)c(F)c3)n1)C2,7.259637310505756,4
CHEMBL5925411,N#CCC1(n2ncc(-c3cc(-c4c[nH]nc4CO)cc4ncccc34)n2)CC(C#N)C1,7.506838111474617,2
CHEMBL5925417,Cc1cncc2ccc(NC(=O)[C@@H]3CC3c3ccc(S(=O)(=O)Nc4ncccn4)cc3)cc12,8.55284196865778,5
CHEMBL5925447,CCNC(=O)c1ccc(Nc2ncc(F)c(N3CC4CC(C3)N4C(=O)C(F)(F)F)n2)cc1C,7.698970004336019,4
CHEMBL5925645,CCC(CC)n1cc(-c2nc(-c3cnn(CCN4CCC(CO)CC4)c3)cn3nccc23)cn1,7.259637310505756,3
CHEMBL5925860,CN(C)CCn1cc(-c2cc3ncccc3c(-c3ccn(C4(CC#N)CC(C#N)C4)n3)n2)cn1,7.337242168318426,1
CHEMBL5926071,N#CC[C@H]1CC[C@H](n2c(C(=O)NCCO)nc3cnc4[nH]ccc4c32)CC1,7.896196279044043,1
CHEMBL5926209,CCC(CC)n1cc(-c2nc(-c3cnn(C(CO)CO)c3)cn3nccc23)cn1,7.259637310505756,3
CHEMBL5926393,Cc1cc(-c2cc3ncccc3c(-c3ccn(C4(CC#N)CC(C)(C#N)C4)n3)n2)n[nH]1,6.771733481322951,2
CHEMBL5926699,N#CCC1(n2ccc(-c3nc(-c4cnn(C5CCNCC5)c4)cc4ncccc34)n2)CN(CC(F)(F)F)C1,7.3872161432802645,1
CHEMBL5926719,O=C([C@@H]1CC1(F)F)N1[C@@H]2CC[C@H]1CN(c1ccnc(Nc3cnc(CCO)c(F)c3)n1)C2,7.2839966563652006,4
CHEMBL5926922,CCN1CC(CC#N)(n2ccc(-c3nc(-c4c[nH]nc4N)cc4ncccc34)n2)C1,7.026872146400302,1
CHEMBL5926923,COCc1nc2cnc3[nH]ccc3c2n1[C@H]1CC[C@H](CC#N)CC1,7.950781977329818,1
CHEMBL5927572,N#CCC(=O)N(CC(F)(F)F)C[C@H]1CC[C@H](n2c(=O)[nH]c(=O)c3cnc4[nH]ccc4c32)CC1,6.481486060122113,1
CHEMBL5928297,Cn1cc(-c2cc3ncccc3c(-n3ccc(C4(CC#N)CN(CC(F)(F)F)C4)n3)n2)cn1,6.7121982700697735,1
CHEMBL5928782,Cn1cc(-c2cn3nccc3c(-c3cnn(C4(CC#N)CN(S(C)(=O)=O)C4)c3)n2)cn1,7.958607314841775,4
CHEMBL5928874,C[C@@H]1CN(S(=O)(=O)C[C@H]2C[C@@H](N(C)c3ncnc4[nH]ccc34)C2)C[C@H](C)O1,5.547446936771075,1
CHEMBL5928913,CN(c1ncnc2[nH]ccc12)[C@H]1C[C@@H](CS(=O)(=O)N2CCC(C(F)(F)F)C2)C1,5.849243560139691,1
CHEMBL5929524,CN(c1ncnc2[nH]ccc12)[C@H]1C[C@@H](CS(=O)(=O)c2cnccc2C(F)(F)F)C1,9.018634490921455,1
CHEMBL5929587,CS(=O)(=O)N1CC(CC#N)(n2ncc(-c3cc(-c4ccc(N)nc4)cc4ncccc34)n2)C1,7.173925197299173,1
CHEMBL5929596,Cn1cc(-c2cc3ncccc3c(-c3ccn(C4(CC#N)CN(S(C)(=O)=O)C4)n3)n2)c(N)n1,8.096910013008056,1
CHEMBL5930544,O=C([C@@H]1CC1(F)F)N1[C@@H]2CC[C@H]1CN(c1ccnc(Nc3cnc(N4CC[C@@H](O)C4)c(F)c3)n1)C2,7.022276394711152,4
CHEMBL5930780,O=C1NCc2nc(-c3c(F)cccc3F)cc(Nc3ccc(C(=O)N4CCC4)cc3)c21,7.130181792020672,2
CHEMBL5931590,Cc1ccccc1S(=O)(=O)C[C@H]1C[C@@H](N(C)c2ncnc3[nH]ccc23)C1,9.167491087293763,1
CHEMBL5931705,CS(=O)(=O)N1CC(CC#N)(n2ccc(-c3nc(-c4cnn(CCO)c4)cc4ncccc34)n2)C1,7.481486060122112,1
CHEMBL5932251,Cn1cc(-c2cn3nccc3c(-c3cnn([C@]4(CC#N)C[C@@H](C#N)C4)c3)n2)nn1,7.2839966563652006,4
CHEMBL5932298,CCc1cc(O)c(F)cc1-c1cc(N)c(C=N)c(N(CCc2ccc(OC)c(OC)c2)Cc2ccccc2N(C)S(C)(=O)=O)n1,7.247183568811729,1
CHEMBL5932349,CN(c1ncnc2[nH]ccc12)[C@H]1C[C@@H](CS(=O)(=O)N2CCC3(CC2)CC3)C1,5.436875039661955,1
CHEMBL5932515,CN(c1ccc(O)cc1CNc1nc(-c2cc(F)c(O)cc2CC(F)(F)F)cc(N)c1C(=N)C(N)=O)S(=O)(=O)c1ccccc1,6.632644078973981,1
CHEMBL5932887,CCn1cc(Nc2ncc(C(N)=O)c(NCc3c(F)cccc3Cl)n2)cn1,9.207608310501746,1
CHEMBL5932895,CCC(CC)n1cc(-c2nc(-c3cnn(C[C@H](O)CCO)c3)cn3nccc23)cn1,7.259637310505756,3
CHEMBL5932943,CNC(=O)c1n[nH]c2cc(-c3cc(F)c(O)cc3CC(F)(F)F)nc(NCc3ccccc3N(CCO)S(C)(=O)=O)c12,7.52432881167557,2
CHEMBL5933161,Cn1cc(-c2cc3ncccc3c(-c3ccn(C4(CC#N)CN(S(C)(=O)=O)C4)n3)n2)cn1,7.721246399047171,1
CHEMBL5933263,N#CCC1(n2cc(-c3cc(-c4cc[nH]n4)cc4nccn34)cn2)CC(C#N)C1,6.969953408087766,2
CHEMBL5933670,CN(c1ncnc2[nH]ccc12)[C@H]1C[C@@H](CS(=O)(=O)CCC(C)(F)F)C1,8.735182176990463,1
CHEMBL5933694,CC(=O)Nc1cc(-c2cc3ncccc3c(-c3ccn(C4(CC#N)CN(S(C)(=O)=O)C4)n3)n2)cnc1NC(C)=O,6.023191662661934,1
CHEMBL5933969,Cn1cc(-c2cn3nccc3c(-c3cnn(C4CCCC4O)c3)n2)cn1,6.259637310505756,3
CHEMBL5934018,CN(c1ncnc2[nH]ccc12)[C@H]1C[C@@H](CS(=O)(=O)c2ccc(C(F)(F)F)nc2)C1,9.055405193976464,2
CHEMBL5934053,CN(c1ncnc2[nH]ccc12)[C@H]1C[C@@H](CS(=O)(=O)N2CC(CC(F)F)C2)C1,5.994390554639719,1
CHEMBL5934240,CCCCN(c1ccccc1CNc1nc(-c2cc(F)c(O)cc2CC)cc(N)c1C=N)S(C)(=O)=O,5.700492701299512,1
CHEMBL5934330,CCc1ccc(Cl)cc1-c1c(C(N)=O)cc(-c2ncnc3[nH]ccc23)n1C,7.920818753952375,1
CHEMBL5935057,O=C(Nc1ccc2cnccc2c1)[C@@H]1CC1c1ccc(S(=O)(=O)Nc2ccccn2)c(F)c1,7.130768280269024,1
CHEMBL5935105,O=C(C1CC1)N1[C@@H]2CC[C@H]1CN(c1ccnc(Nc3cnn(CCO)c3)n1)C2,7.180456064458132,4
CHEMBL5935296,CCCc1cncc2ccc(NC(=O)[C@@H]3CC3c3ccc(S(=O)(=O)NC[C@@H]4CCCNC4)cc3)cc12,5.660946264290861,1
CHEMBL5935366,CCc1cc(O)c(F)cc1-c1cc(N)c(C(=N)C(=O)NC)c(NCCc2ccc(NS(=O)(=O)c3ccccc3)cc2)n1,7.079876673709276,1
CHEMBL5936107,CN(c1ncccc1CNc1nc(-c2cc(F)c(O)cc2CC(F)(F)F)cc2[nH]nc(C(N)=O)c12)S(C)(=O)=O,6.555955204081924,2
CHEMBL5936111,C=C(CO)n1cc(-c2cc3ncccc3c(-c3ccn(C4(CC#N)CN(S(C)(=O)=O)C4)n3)n2)cn1,6.600326278518962,1
CHEMBL5936331,CCOC(=O)Cn1cc(Nc2ncc3ccn(CC4CC4)c3n2)cn1,6.259637310505756,1
CHEMBL5936496,N#CCC1(n2ncc(-c3cc(-c4cccnc4N)cc4ncccc34)n2)CC(C#N)C1,5.43574253203953,2
CHEMBL5936512,CCNC(=O)c1ccc(Nc2ncc(F)c(N3C[C@H]4CC[C@@H](C3)N4C(=O)C3CC3)n2)cc1,8.397940008672037,4
CHEMBL5936736,N#CCCS(=O)(=O)NCc1nc2cnc3[nH]ccc3c2n1[C@H]1CC[C@H](CC#N)CC1,8.481486060122112,1
CHEMBL5936975,CNC(=O)c1n[nH]c2cc(-c3cc(F)c(O)cc3CC(F)(F)F)nc(NCC(C)C)c12,7.180456064458132,2
CHEMBL5936980,Cn1cc(-c2cc3nccnc3c(-c3ccn(C4(CC#N)CN(CC#N)C4)n3)n2)cn1,5.864231485432177,1
CHEMBL5937398,Cc1ccncc1S(=O)(=O)C[C@H]1C[C@@H](N(C)c2ncnc3[nH]ccc23)C1,9.8153085691824,1
CHEMBL5937556,Cn1cc(-c2cc(-c3ccn(C4(CC#N)CN(CC(F)(F)F)C4)n3)n3ncnc3c2)cn1,6.318758762624412,1
CHEMBL5937735,[C-]#[N+][C@@H]1C[C@H](N2CCC2)CC[C@H]1n1cc(C(N)=O)c(Nc2ccc(C(F)(F)F)cc2)n1,6.920818753952375,1
CHEMBL5937831,O=C(Nc1ccc2cncc(Cl)c2c1)[C@@H]1CC1c1ccc(S(=O)(=O)NCC2CCCCN2)cc1,5.972650392225243,1
CHEMBL5938026,N#Cc1cncc2ccc(NC(=O)[C@@H]3CC3c3ccc(S(=O)(=O)NC[C@@H]4CCCNC4)cc3)cc12,6.6020599913279625,1
CHEMBL5938221,N#CCC1(n2ncc(-c3cc(-c4ccc(F)cn4)cc4ncccc34)n2)CC(C#N)C1,7.21484530728206,2
CHEMBL5938224,CO[C@H]1C[C@](CC#N)(n2cc(-c3nc(-c4cc(N)[nH]n4)cn4nccc34)cn2)C1,8.154901959985743,4
CHEMBL5938470,COc1ccc2c(n1)CCN(S(=O)(=O)C[C@H]1C[C@@H](N(C)c3ncnc4[nH]ccc34)C1)C2,8.863279432843592,1
CHEMBL5938513,CCc1cc(O)c(F)cc1-c1cc2[nH]ncc2c(N(C)Cc2cc(C)ccc2N(CC)S(C)(=O)=O)n1,6.053056729302175,2
CHEMBL5938600,CCc1cc(O)c(F)cc1-c1cc2[nH]ncc2c(NCc2ccccc2N(CC)S(=O)(=O)CC)n1,8.060480747381382,2
CHEMBL5938950,CNS(=O)(=O)C[C@H]1CC[C@H](N(C)c2ncnn3cccc23)CC1,5.494850021680094,1
CHEMBL5939020,CCN1CC(CC#N)(n2ccc(-c3nc(-c4ccc(O)nc4)cc4ncccc34)n2)C1,6.655607726314889,1
CHEMBL5939105,CNCCCNC(=O)c1ccc(Nc2oc(-c3c(F)cccc3F)nc2C(N)=O)cc1,7.82102305270683,2
CHEMBL5939160,C[C@H](CO)c1ccc(Nc2nccc(N3C[C@H]4CC[C@@H](C3)N4C(=O)C3CC3(F)F)n2)cn1,7.552841968657781,4
CHEMBL5939221,CCC(CC)n1cc(-c2nc(-c3cnn(CCN4CC[C@@H](O)C4)c3)cn3nccc23)cn1,7.259637310505756,3
CHEMBL5939295,CNC(=O)c1cc(Nc2nccc(N3C[C@H]4CC[C@@H](C3)N4C(=O)[C@@H]3CC3(F)F)n2)cc(CO)n1,7.075720713938118,4
CHEMBL5939380,CCC(CC)CS(=O)(=O)C[C@H]1C[C@@H](N(C)c2ncnc3[nH]ccc23)C1,6.429457060118103,1
CHEMBL5939436,CC(C)=CCNc1nc(Nc2cnn(C(C)(C)C)c2)ncc1C(N)=O,7.580044251510242,1
CHEMBL5939450,N#CCC1(n2ncc(-c3cc(-c4cnc5ncccn45)cc4ncccc34)n2)CC(C#N)C1,6.38610804957314,2
CHEMBL5939970,CNC(=O)c1ncc(Nc2nccc(N3C[C@H]4CC[C@@H](C3)N4C(=O)[C@H]3C[C@@H]3F)n2)cc1C,7.142667503568732,4
CHEMBL5940037,N#CC[C@H]1CC[C@H](n2c(CC(=O)Nc3cn[nH]c3)nc3cnc4[nH]ccc4c32)CC1,8.244125144327509,1
CHEMBL5940187,Cc1cncc2ccc(NC(=O)[C@@H]3C[C@H]3c3ccc(S(=O)(=O)Nc4cncc(C5CCNCC5)n4)cc3)cc12,6.5376020021010435,1
CHEMBL5940223,N#CC[C@H]1CC[C@H](n2c(CC(=O)N3CCC[C@H]3CO)nc3cnc4[nH]ccc4c32)CC1,7.958607314841775,1
CHEMBL5940238,CCC(CC)n1cc(-c2nc(-c3cnn([C@H]4C[C@H](CO)C4)c3)cn3nccc23)cn1,7.259637310505756,1
CHEMBL5940612,N#CC[C@H]1CC[C@H](n2c(CC(=O)NC34CCC(C#N)(CC3)C4)nc3cnc4[nH]ccc4c32)CC1,8.455931955649724,1
CHEMBL5941145,CCn1cc(-c2cc(-c3cnn(C4(CC#N)CN(S(C)(=O)=O)C4)n3)c3cccnc3c2)ccc1=O,7.045757490560675,1
CHEMBL5941851,N#CC[C@H]1CC[C@H](n2c(CC(=O)NCCOCCOCCN)nc3cnc4[nH]ccc4c32)CC1,8.275724130399212,1
CHEMBL5941947,CN(c1ncnc2[nH]ccc12)[C@H]1C[C@@H](CS(=O)(=O)c2ccccc2F)C1,9.437707135543524,1
CHEMBL5942026,CS(=O)(=O)N1CC(CC#N)(n2ccc(-c3nc(-c4ccc(O)cc4)cc4ncccc34)n2)C1,7.958607314841775,1
CHEMBL5942134,NC(=O)c1nc(-c2c(F)cccc2F)oc1Nc1ccc(C(=O)N[C@@H]2CCNC2)cc1,7.6307841425898575,1
CHEMBL5942237,CN(c1ncnc2[nH]ccc12)[C@H]1C[C@@H](NS(=O)(=O)C[C@]2(C)C[C@H](C#N)C2)C1,6.0835460514500745,1
CHEMBL5942392,Cc1cc(-c2cc(-c3cnn(C4(CC#N)CN(S(C)(=O)=O)C4)n3)c3cccnc3c2)ccn1,6.886056647693163,1
CHEMBL5942656,COC(C)C1CCN(S(=O)(=O)C[C@H]2C[C@@H](N(C)c3ncnc4[nH]ccc34)C2)CC1,8.72584215073632,1
CHEMBL5942690,N#CCC[C@H]1CC[C@H](n2c(=O)[nH]c(=O)c3cnc4[nH]ccc4c32)CC1,7.494850021680094,1
CHEMBL5943119,CN(c1ccccc1CNc1nc(-c2cc(F)c(O)cc2CC(F)(F)F)nc2[nH]nc(C(N)=O)c12)S(=O)(=O)c1ccccc1,5.244658816188452,1
CHEMBL5943135,CN1C(=O)COc2ccc(-c3cc(-c4cnn(C5(CC#N)CC(C#N)C5)n4)c4cccnc4c3)nc21,7.770303756120384,2
CHEMBL5943196,CCc1cc(O)c(F)cc1-c1cc2[nH]ncc2c(N(CCN2CCOCC2)Cc2ccccc2N(C)S(C)(=O)=O)n1,5.85078088734462,2
CHEMBL5943612,CCC(CC)n1cc(-c2nc(-c3cnn(C(C)CO)c3)cn3nccc23)cn1,7.259637310505756,3
CHEMBL5944436,[C-]#[N+][C@@H]1C[C@H]1C(=O)N[C@]12CN(c3nc(Nc4cnn(C)c4)ncc3F)C[C@H]1[C@H]2C,7.455931955649724,1
CHEMBL5944905,CNC(=O)c1n[nH]c2cc(-c3cc(F)c(O)cc3CC(F)(F)F)nc(NCc3nccnc3N(C)S(C)(=O)=O)c12,6.645891560852599,1
CHEMBL5945086,Cc1nn(C)c(C)c1S(=O)(=O)C[C@H]1C[C@@H](N(C)c2ncnc3[nH]ccc23)C1,9.09799710864927,1
CHEMBL5945428,CN(c1ncnc2[nH]ccc12)[C@H]1C[C@@H](CS(=O)(=O)c2ccncc2)C1,9.512861624522813,1
CHEMBL5945485,N#CC[C@H]1CC[C@H](n2c(CC(=O)N3CC(O)C3)nc3cnc4[nH]ccc4c32)CC1,8.193820026016112,1
CHEMBL5945547,CNS(=O)(=O)C[C@H]1CC[C@H](Nc2nc(N)ncc2Br)CC1,5.221848749616356,1
CHEMBL5945755,N#CCC1(n2ncc(-c3cc(-c4cnc5c(N)nccn45)cc4ncccc34)n2)CC(C#N)C1,6.534617148551582,1
CHEMBL5945847,C[C@@H]1CCN(Cc2cccc(F)c2F)C[C@@H]1n1ccc(=O)c2cnc3[nH]ccc3c21,6.200659450546418,1
CHEMBL5946084,C[Si](C)(C)C1CCC(c2nc3cnc4[nH]ccc4c3n2[C@H]2CC[C@H](CC#N)CC2)CC1,5.642065152999546,1
CHEMBL5946216,C[C@H]1[C@H]2CN(c3nc(Nc4cnn(C)c4)ncc3F)C[C@]21NC(=O)[C@H]1CC1(F)F,6.230622673923862,4
CHEMBL5946464,O=C(NCCOc1ccccc1)c1ccc(-c2cccc3nc(NC(=O)C4CC4)nn23)cc1,6.1249387366083,1
CHEMBL5946625,CS(=O)(=O)N1CC(CC#N)(n2ccc(-c3nc(-c4ccn(C5COC5)n4)cc4ncccc34)n2)C1,6.647817481888637,1
CHEMBL5946897,CCc1cc(O)c(F)cc1-c1cc2[nH]nc(C(=O)NC)c2c(NCc2c(F)cccc2N(C)S(C)(=O)=O)n1,8.244125144327509,2
CHEMBL5947039,CC(C)(O)CNC(=O)Cc1nc2cnc3[nH]ccc3c2n1C1CCC(CC#N)CC1,8.130768280269024,1
CHEMBL5947055,O=C([C@@H]1CC1(F)F)N1[C@@H]2CC[C@H]1CN(c1ccnc(Nc3cn[nH]c3)n1)C2,7.958607314841775,4
CHEMBL5947527,N#CC[C@H]1CC[C@H](n2c(-c3cc[nH]n3)nc3cnc4[nH]ccc4c32)CC1,8.468521082957745,1
CHEMBL5947622,N#CC[C@H]1CC[C@H](n2c(C(=O)NC3CC3)nc3cnc4[nH]ccc4c32)CC1,7.305394801066432,1
CHEMBL5947687,CN(c1ccc(O)cc1CNc1nc(-c2cc(F)c(O)cc2CC(F)(F)F)nc2[nH]nc(-c3nc4c([nH]3)CCNC4)c12)S(C)(=O)=O,7.163675884293248,1
CHEMBL5948047,NC(=O)c1nc(-c2c(F)cccc2F)oc1Nc1ccc(C(=O)NC2CCNC2)cc1,7.790783059959837,2
CHEMBL5948893,Cc1nc(-c2cc3ncccc3c(-c3ccn(C4(CC#N)CN(CC(F)(F)F)C4)n3)n2)cn1C,6.510041520575165,1
CHEMBL5949273,O=C(Nc1nc2cccc(C3=CCN(C(=O)C4(F)CC4F)C3)n2n1)C1CC1,6.1090204030103115,1
CHEMBL5949489,C[C@H]1CCC[C@H]1n1cc(-c2nc(-c3cnn(C[C@@H](O)CO)c3)cn3nccc23)cn1,7.259637310505756,4
CHEMBL5949714,CC(C)(C)n1cc(Nc2ncc(C(N)=O)c(NCC3CC=CC3)n2)cn1,7.642065152999546,1
CHEMBL5949745,CC1(C)CN(C(=O)c2ccc(-c3cccc4nc(NC(=O)C5CC5)cn34)cc2)C1,5.522878745280337,1
CHEMBL5949777,CC1CCCN(S(=O)(=O)C[C@H]2C[C@@H](N(C)c3ncnc4[nH]ccc34)C2)C1,6.080921907623926,1
CHEMBL5950030,[C-]#[N+][C@H]1C[C@H](O)CC[C@@H]1n1cc(C(N)=O)c(Nc2ccc(C(F)(F)F)cc2)n1,6.958607314841775,1
CHEMBL5950056,CS(=O)(=O)N1CC(CC#N)(n2ccc(-c3nc(-c4cncc(N)c4)cc4ncccc34)n2)C1,6.8326826652518236,1
CHEMBL5950134,CS(=O)(=O)c1ccc(-c2cc3ncccc3c(-c3ccn(C4(CC#N)CC(C#N)C4)n3)n2)cn1,7.355651869704872,2
CHEMBL5950147,CC(C)CNc1nc(-c2cc(F)c(O)cc2CC(F)(F)F)nc2[nH]ncc12,5.127377620974712,1
CHEMBL5950285,CCC1CN(S(=O)(=O)C[C@H]2C[C@@H](N(C)c3ncnc4[nH]ccc34)C2)CCO1,5.371713268910486,1
CHEMBL5950428,CCc1cc(O)ccc1-c1cc2[nH]ncc2c(N2CCC(S(=O)(=O)N(C)C)C2)n1,6.175223537524454,2
CHEMBL5950639,CCOc1ccc(S(=O)(=O)C[C@H]2C[C@@H](N(C)c3ncnc4[nH]ccc34)C2)cn1,8.603800652904264,1
CHEMBL5950866,CO[C@H]1C[C@H](N2CC(S(=O)(=O)C[C@H]3C[C@@H](N(C)c4ncnc5[nH]ccc45)C3)C2)C1,5.08767164203959,1
CHEMBL5951780,Cn1ncc2cccc(S(=O)(=O)C[C@H]3C[C@@H](N(C)c4ncnc5[nH]ccc45)C3)c21,9.329754146925875,1
CHEMBL5951989,CCC(CC)n1cc(-c2nc(-c3cnn([C@@H]4CCC[C@@H]4O)c3)cn3nccc23)cn1,6.759637310505756,2
CHEMBL5952113,N#CC[C@H]1CC[C@H](n2c(-c3n[nH]cc3Cl)nc3cnc4[nH]ccc4c32)CC1,8.431798275933005,1
CHEMBL5952122,CN(c1ncnc2[nH]ccc12)[C@H]1C[C@@H](CS(=O)(=O)CCCF)C1,6.508638306165727,1
CHEMBL5952240,N#CCC1(n2ccc(-c3nc(-c4ccnc(C(N)=O)c4)cc4ncccc34)n2)CN(CC(F)(F)F)C1,6.756961951313706,1
CHEMBL5952462,Cc1cncc2ccc(NC(=O)[C@@H]3C[C@H]3c3ccc(S(=O)(=O)Nc4ccccn4)cc3)cc12,8.301029995663981,1
CHEMBL5952558,CNC(=O)c1n[nH]c2nc(-c3cc(F)c(O)cc3CC(F)(F)F)nc(NCc3cc(F)ccc3N(C)S(C)(=O)=O)c12,5.861066059743076,2
CHEMBL5952587,CN(c1ccccc1CNc1nc(-c2cc(F)c(O)cc2CC(F)(F)F)cc(N)c1C(=N)C(N)=O)S(=O)(=O)c1cccnc1,7.281498311132726,1
CHEMBL5952668,N#CC[C@H]1CC[C@H](n2c(-c3c[nH]cn3)nc3cnc4[nH]ccc4c32)CC1,8.823908740944319,1
CHEMBL5952804,CC(C)C[C@H](C)n1cc(-c2nc(-c3cnn(C[C@H](O)CO)c3)cn3nccc23)cn1,6.259637310505756,3
CHEMBL5952977,CS(=O)(=O)N(CCO)c1ccccc1CNc1nc(-c2cc(F)c(O)cc2CC(F)(F)F)cc2[nH]nc(C(N)=O)c12,7.311580177997289,1
CHEMBL5953068,CCN(c1ccc(O)cc1CNc1nc(-c2cc(F)c(O)cc2CC(F)(F)F)nc2[nH]nc(C(=O)NC)c12)S(=O)(=O)c1ccccc1,5.713094647027625,2
CHEMBL5953239,N#CCC1(n2ncc(-c3cc(-c4cnc(N)cn4)cc4ncccc34)n2)CC(C#N)C1,6.154808030885101,2
CHEMBL5953296,N#CCC1(n2cc(-c3nc(-c4cc(CO)[nH]n4)cn4nccc34)cn2)CN(CC2CC2)C1,7.2076083105017466,4
CHEMBL5953703,N#CC[C@H]1CC[C@H](n2c(CC(=O)Nc3ccc(C(O)(C(F)(F)F)C(F)(F)F)cc3)nc3cnc4[nH]ccc4c32)CC1,7.8996294548824375,1
CHEMBL5953717,C#Cc1ccccc1Nc1nc(Nc2cnn(C)c2)ncc1C(N)=O,7.690369832574102,1
CHEMBL5954398,Cc1cc(-c2cn3nccc3c(-c3cnn([C@]4(CC#N)C[C@@H](C#N)C4)c3)n2)n[nH]1,7.6777807052660805,4
CHEMBL5954409,N#CC[C@@H](NCC1CCC(N2C=CC(=O)C3C=Nc4[nH]ccc4C32)CC1)C(F)(F)F,7.7447274948966935,1
CHEMBL5954669,Cc1cc(-c2cc3ncccc3c(-c3ccn(C4(CC#N)CC(C#N)C4)n3)n2)nn1C,7.63220055015091,2
CHEMBL5954692,N#CC[C@@H](NCC1CCC([C@@H]2C(=O)NC(=O)C3C=Nc4[nH]ccc4C32)CC1)C(F)(F)F,7.657577319177793,1
CHEMBL5954766,N#CC[C@H]1CC[C@H](n2c(C(=O)N3CCC(O)(c4ccccn4)CC3)nc3cnc4[nH]ccc4c32)CC1,7.305394801066432,1
CHEMBL5954872,Cc1cncc2ccc(NC(=O)[C@@H]3CC3c3ccc(S(=O)(=O)Nc4cccnc4)cc3)cc12,7.008773924307505,3
CHEMBL5954931,Cc1nc2ccc(-c3cc(-c4cnn(C5(CC#N)CC(C#N)C5)n4)c4cccnc4c3)nc2[nH]1,7.638272163982407,1
CHEMBL5955315,CN(c1ccccc1CNc1nc(-c2cc(F)c(O)cc2CC(F)(F)F)cc2[nH]nc(C(N)=O)c12)S(=O)(=O)c1ccc(N2CCOCC2)nc1,6.899629454882437,2
CHEMBL5955415,CC(C)=CCCCNc1nc(Nc2cnn(C(C)(C)C)c2)ncc1C(N)=O,6.696803942579511,1
CHEMBL5955735,Cc1ccc(-c2cc3ncccc3c(-c3ccn(C4(CC#N)CN(CC(F)(F)F)C4)n3)n2)cn1,7.236572006437063,1
CHEMBL5956327,CNC(=O)c1n[nH]c2cc(-c3cc(F)c(O)cc3CC(F)(F)F)nc(NCc3cc(Cl)ccc3N(C)S(C)(=O)=O)c12,6.209011524911184,2
CHEMBL5956449,N#CCC12CCC(n3c(CC(N)=O)nc4cnc5[nH]ccc5c43)(CC1)CC2,6.801342913045577,1
CHEMBL5956585,C[C@H](CC(F)(F)F)n1cc(-c2nc(-c3cnn(C[C@@H](O)CO)c3)cn3nccc23)cn1,6.259637310505756,4
CHEMBL5956808,COc1ncc(S(=O)(=O)C[C@H]2C[C@@H](N(C)c3ncnc4[nH]ccc34)C2)cn1,9.18309616062434,1
CHEMBL5957174,CN(c1ncnc2[nH]ccc12)[C@H]1C[C@@H](CS(=O)(=O)c2cccc3cccnc23)C1,8.265200170411154,1
CHEMBL5957177,CN(c1ncnc2[nH]ccc12)[C@H]1C[C@@H](CS(=O)(=O)C2CC(F)(F)C2)C1,9.732828271596986,1
CHEMBL5958015,Cn1nc(-c2cc(-c3cnn(C4(CC#N)CC(C#N)C4)n3)c3cccnc3c2)cc1CO,7.5376020021010435,1
CHEMBL5958215,NC(=O)c1nc(-c2c(F)cccc2F)oc1Nc1ccc(C(=O)NC2CCNCC2)cc1,7.863279432843593,2
CHEMBL5958255,CC[C@@H](C)n1cc(-c2nc(-c3cnn(C4CCS(=O)(=O)CC4)c3)cn3nccc23)cn1,6.259637310505756,3
CHEMBL5958284,O=C(c1ccno1)N1[C@@H]2CC[C@H]1CN(c1ccnc(Nc3cn[nH]c3)n1)C2,6.616184634019569,4
CHEMBL5958455,CCC(CC)n1cc(-c2nc(-c3cnn([C@H](C)[C@H](O)CO)c3)cn3nccc23)cn1,7.259637310505756,3
CHEMBL5958517,CCC(CC)n1cc(-c2nc(-c3cnn(C[C@H](O)C(C)(C)O)c3)cn3nccc23)cn1,7.259637310505756,3
CHEMBL5958874,CN(c1ncnc2[nH]ccc12)[C@H]1C[C@@H](CS(=O)(=O)Cc2ccccc2)C1,5.437350327788083,1
CHEMBL5959105,Cn1cc(Nc2nccc(N3C[C@H]4CC[C@@H](C3)N4Cc3nccs3)n2)cn1,7.050609993355087,4
CHEMBL5959152,CN(c1ncnc2[nH]ccc12)[C@H]1C[C@@H](CS(=O)(=O)N2CCn3cncc3C2)C1,9.053056729302174,1
CHEMBL5959278,CCC(CC)n1cc(-c2nc(-c3cnn(C[C@](C)(O)CO)c3)cn3nccc23)cn1,7.259637310505756,3
CHEMBL5959366,CCc1ccc(Cl)cc1-c1cn(-c2cc(N)ncn2)cc1C(N)=O,7.494850021680094,1
CHEMBL5959466,NC(=O)c1ncc(Nc2nccc(N3C[C@H]4CC[C@@H](C3)N4C(=O)[C@@H]3CC3(F)F)n2)cc1F,7.494850021680094,4
CHEMBL5959688,CCC(CC)n1cc(-c2nc(-c3cnn(CCN4CCOCC4)c3)cn3nccc23)cn1,7.259637310505756,3
CHEMBL5959796,Cc1cnc(N(C)S(C)(=O)=O)c(CNc2nc(-c3cc(F)c(O)cc3CC(F)(F)F)cc3[nH]nc(C(N)=O)c23)c1,5.31695296176115,2
CHEMBL5959983,N#CC[C@H]1CC[C@H](n2c(-c3ncc[nH]3)nc3cnc4[nH]ccc4c32)CC1,8.142667503568731,1
CHEMBL5960220,CCOC(=O)Nc1cncc(-c2cc3ncccc3c(-c3ccn(C4(CC#N)CN(S(C)(=O)=O)C4)n3)n2)c1,6.8696662315049934,1
CHEMBL5960342,CC(=O)NC1CC(CC#N)(n2ccc(-c3nc(-c4cc[nH]n4)cc4ncccc34)n2)C1,6.136677139879544,1
CHEMBL5960356,O=S(=O)(C[C@H]1CC[C@H](c2nnn3cnc4[nH]ccc4c23)CC1)c1ccccc1,6.6777807052660805,1
CHEMBL5960628,COc1nc(-c2cc(-c3cnn(C4(CC#N)CC(C#N)C4)n3)c3cccnc3c2)cnc1N,6.590066876668706,1
CHEMBL5961025,CCS(=O)(=O)N1CC(C(C)C#N)(n2cc(-c3c(C#N)cnc4[nH]ccc34)cn2)C1,7.522878745280337,2
CHEMBL5961193,CC[C@H](Cn1ccc2cnc(Nc3cnn(CC(=O)O[C@@H]4C[C@@H](C(=O)OC(C)C)N(C)C4)c3)nc21)C(C)C,6.259637310505756,1
CHEMBL5961224,CN(c1ncnc2[nH]ccc12)[C@H]1C[C@@H](CS(=O)(=O)N2CCC(F)(F)C2)C1,6.468521082957745,1
CHEMBL5961685,CS(=O)(=O)N1CC(CC#N)(n2ccc(-c3nc(-c4c[nH]c5nccc-5c4)cc4ncccc34)n2)C1,6.8297382846050425,1
CHEMBL5962155,CC[C@H](C)CS(=O)(=O)C[C@H]1C[C@@H](N(C)c2ncnc3[nH]ccc23)C1,9.51999305704285,1
CHEMBL5962195,CN(c1ncnc2[nH]ccc12)[C@H]1C[C@@H](CS(=O)(=O)C2CC(C(F)F)C2)C1,6.94692155651658,1
CHEMBL5962218,[C-]#[N+][C@@H]1C[C@@H]1C(=O)N1[C@@H]2CC[C@H]1CN(c1ccnc(Nc3cnn(C)c3)n1)C2,6.369572124974976,1
CHEMBL5962418,O=C(NCc1ncccn1)c1cccc([C@@H]2C[C@H]2C(=O)Nc2ccc3cncc(C(F)(F)F)c3c2)c1,6.638272163982407,1
CHEMBL5962835,N#CC[C@H]1CC[C@H](n2c(CC(=O)NCC34CC5CC(CC(C5)C3)C4)nc3cnc4[nH]ccc4c32)CC1,8.102372908709558,1
CHEMBL5963013,CCc1cc(O)ccc1-c1ccc2c(-c3nc4c([nH]3)CN(C(C)C)[C@H](C(=O)N3CC[C@H](N(C)C)C3)C4)n[nH]c2c1,8.698970004336019,1
CHEMBL5963087,N#CC[C@H]1CC[C@H](n2c(-c3ccc(C(=O)c4ccccc4)cc3)nc3cnc4[nH]ccc4c32)CC1,7.473660722610156,1
CHEMBL5963255,CNC(=O)c1n[nH]c2cc(-c3cc(F)c(O)cc3CC(F)(F)F)nc(NCc3ccccc3N(C)S(=O)(=O)N(C)C)c12,6.826813731587726,2
CHEMBL5963273,CCN(c1ccc(C)cc1CNc1nc(-c2cc(F)c(O)cc2CC(F)(F)F)cc2[nH]nc(C(N)=O)c12)S(C)(=O)=O,6.062983892535185,1
CHEMBL5963304,O=C(Nc1ccc2cncc(C(F)(F)F)c2c1)[C@@H]1C[C@H]1c1ccc(S(=O)(=O)Nc2nccs2)cc1,7.795880017344075,1
CHEMBL5963791,O=C([C@@H]1CC1(F)F)N1[C@@H]2CC[C@H]1CN(c1ccnc(Nc3cnc(CO)c(F)c3)n1)C2,7.468521082957745,4
CHEMBL5964316,CCn1cc(Nc2ncc(C(N)=O)c(Nc3c(C)cccc3C)n2)cn1,8.129596094720974,1
CHEMBL5964484,CCc1ccc(Cl)cc1-c1c(C(N)=O)cc(-c2cc(NC)ncn2)n1C,8.0,1
CHEMBL5964598,Cc1ccc(Cl)cc1-c1cc(-c2ncnc3[nH]ccc23)n(C)c1C(N)=O,7.154901959985743,1
CHEMBL5964910,CNC(=O)c1nnc(NC(=O)[C@@H]2CC2(F)F)cc1Nc1cccc(-c2ncn(C)n2)c1OC,6.734132845361724,4
CHEMBL5965285,CC[C@@H](CC1CC1)n1cc(-c2cnn3cc(-c4cnn(C[C@@H](O)CO)c4)ncc23)cn1,7.259637310505756,1
CHEMBL5965495,N#CC[C@H]1CC[C@H](n2c(CC(N)=O)nc3cnc4[nH]ccc4c32)CC1,8.958607314841775,1
CHEMBL5965653,CCc1ccc(Cl)cc1-c1cn(-c2cc(NC)ncn2)cc1C(N)=O,7.318758762624412,1
CHEMBL5966177,Cn1ccc(-c2cc(-c3cnn(C4(CC#N)CC(C#N)C4)n3)c3cccnc3c2)n1,7.555349148746845,2
CHEMBL5966299,Cc1cccc(C)c1Nc1nc(Nc2cnn(C3CCOCC3)c2)ncc1C(N)=O,8.411168274405792,1
CHEMBL5966464,Cc1c[nH]c2ncc3nc(CC(=O)NCC(C)(C)O)n([C@H]4CC[C@H](CC#N)CC4)c3c12,6.33913452199613,1
CHEMBL5966507,N#CCC1(n2ncc(-c3cc(-c4cc(N)ncn4)cc4ncccc34)n2)CC(C#N)C1,7.107905397309519,1
CHEMBL5966590,CS(=O)(=O)N1CC(CC#N)(n2ncc(-c3cc(-c4ccc(=O)[nH]c4)cc4ncccc34)n2)C1,7.275724130399211,1
CHEMBL5966661,CCc1cc(O)ccc1-c1cc2[nH]ncc2c(N2CCc3c(cccc3NS(C)(=O)=O)C2)n1,7.085656842880559,1
CHEMBL5966770,CCC(CC)n1cc(-c2nc(-c3cnn(CC4CNCCO4)c3)cn3nccc23)cn1,6.259637310505756,3
CHEMBL5967039,CNC(=O)Cc1nc2cnc3[nH]ccc3c2n1C12CCC(CC#N)(CC1)CC2,6.186419011431808,1
CHEMBL5967380,CS(=O)(=O)N1CC(CC#N)(n2cc(-c3cc(-c4cc[nH]n4)cc4ncccc34)cn2)C1,6.950781977329818,1
CHEMBL5967556,CS(=O)(=O)c1ccc(Nc2oc(-c3c(F)cccc3F)nc2C(N)=O)cc1,7.8696662315049934,2
CHEMBL5967651,CN(c1ncnc2[nH]ccc12)[C@H]1C[C@@H](CS(=O)(=O)c2ccccc2OC(F)(F)F)C1,8.097453220686008,1
CHEMBL5967681,CCC(CC)n1cc(-c2nc(-c3cnn(C4CN(C(=O)CN5CC(O)C5)C4)c3)cn3nccc23)cn1,6.259637310505756,3
CHEMBL5967988,CCC(CC)n1cc(-c2nc(-c3cnn([C@H]4CCC[C@@H]4O)c3)cn3nccc23)cn1,7.259637310505756,3
CHEMBL5968306,Cc1cc(-c2nc(-c3ccn[nH]3)cc3ncccc23)nn1C1(CC#N)CN(S(C)(=O)=O)C1,7.2441251443275085,1
CHEMBL5968463,N#CCC1(n2ncc(-c3cc(-c4cc(C(N)=O)c(F)cn4)cc4ncccc34)n2)CC(C#N)C1,5.4243503852447805,1
CHEMBL5968535,N#CCC1(n2cc(-c3cc(-c4c[nH]nc4N)cc4nccn34)cn2)CC(C#N)C1,7.136677139879544,1
CHEMBL5968969,CN(c1ncnc2[nH]ccc12)[C@H]1C[C@@H](CS(=O)(=O)c2cccc3cnccc23)C1,8.653647025549361,1
CHEMBL5969229,Cn1ncc2cc(S(=O)(=O)C[C@H]3C[C@@H](N(C)c4ncnc5[nH]ccc45)C3)ccc21,8.91721462968355,1
CHEMBL5969431,CCC(CC1CC1)n1cc(-c2nc(-c3cnn(C[C@@H](O)CO)c3)cn3nccc23)cn1,6.259637310505756,3
CHEMBL5969847,O=C(Nc1ccc2cncc(Cl)c2c1)[C@@H]1C[C@H]1c1ccc(S(=O)(=O)NC2CCNCC2(F)F)cc1,6.958607314841775,1
CHEMBL5969848,CCC(CC)n1cc(-c2nc(-c3cnn([C@H](C)[C@H](C)O)c3)cn3nccc23)cn1,7.259637310505756,3
CHEMBL5969927,CCC(CC)n1cc(-c2nc(-c3cnn(C4CN(C(=O)N(C)C)C4)c3)cn3nccc23)cn1,7.259637310505756,3
CHEMBL5970131,COc1cc(C(F)(F)F)c(S(=O)(=O)C[C@H]2C[C@@H](N(C)c3ncnc4[nH]ccc34)C2)cn1,8.76447155309245,1
CHEMBL5970226,CCc1cc(O)ccc1-c1cc2[nH]ncc2c(N2CCc3ccc(S(=O)(=O)NCCN4CCCC4)cc3C2)n1,6.787812395596042,2
CHEMBL5970510,CCCN1Cc2[nH]c(-c3n[nH]c4cc(-c5ccc(O)cc5CC)ccc34)nc2C[C@H]1C(=O)N1CC(C)(N(C)C)C1,8.600326278518962,1
CHEMBL5970534,CCc1cc(O)c(F)cc1-c1cc2[nH]nc(C(=O)NC)c2c(NCCc2ccc(O)cc2)n1,7.815308569182402,2
CHEMBL5970906,COc1ncc(-c2cc3ncccc3c(-c3ccn(C4(CC#N)CN(CC(F)(F)F)C4)n3)n2)cn1,5.627087997029894,1
CHEMBL5970916,CC(C)(C)OCc1nc2cnc3[nH]ccc3c2n1[C@H]1CC[C@H](CC#N)CC1,7.293282217663242,1
CHEMBL5971061,CN(Cc1ccncc1)S(=O)(=O)C[C@H]1C[C@@H](N(C)c2ncnc3[nH]ccc23)C1,5.4360445350041875,1
CHEMBL5971173,N#CCC1(n2cc(-c3cc(-c4ccc(N)nc4)cc4nccn34)cn2)CC(C#N)C1,6.991399828238082,1
CHEMBL5971372,N#CCC1CCC(n2c(CC(=O)NC34CCC(CC#N)(CC3)C4)nc3cnc4[nH]ccc4c32)CC1,8.045757490560675,1
CHEMBL5971799,CN(c1ccc(O)cc1CNc1nc(-c2cc(F)c(O)cc2CC(F)(F)F)nc2[nH]nc(C(=O)Nc3ccc(NCCO)nc3)c12)S(C)(=O)=O,6.51427857351842,2
CHEMBL5972847,CCC(CC)n1cc(-c2nc(-c3cnn(CCS(C)(=O)=O)c3)cn3nccc23)cn1,7.259637310505756,3
CHEMBL5973117,CCC(CC)n1cc(-c2nc(-c3cnn(C[C@H](C)O)c3)cn3nccc23)cn1,7.259637310505756,3
CHEMBL5973223,Cn1ccc(-c2cc(-c3cnn(C4(CC#N)CN(S(C)(=O)=O)C4)n3)c3cccnc3c2)n1,7.6020599913279625,1
CHEMBL5973560,Cn1cc(Nc2nccc(N3C[C@H]4CC[C@@H](C3)N4C(=O)[C@H]3CC3(F)F)n2)cn1,6.153662887870195,4
CHEMBL5973649,CN(Cc1cccnc1)S(=O)(=O)C[C@H]1C[C@@H](N(C)c2ncnc3[nH]ccc23)C1,5.641874714723351,1
CHEMBL5973654,COC1CCCN(S(=O)(=O)C[C@H]2C[C@@H](N(C)c3ncnc4[nH]ccc34)C2)C1,5.319030281534103,1
CHEMBL5973833,CCc1ccc(C(F)(F)F)cc1-c1c(C(N)=O)cc(-c2cc(N)ncn2)n1C,7.42021640338319,1
CHEMBL5974066,CS(=O)(=O)N1CC(CC#N)(n2ncc(-c3cc(-c4ccc5c(c4)C(=O)NC5)cc4ncccc34)n2)C1,6.590066876668706,1
CHEMBL5974583,N#CCC1CCC(n2c(CC(=O)NC3CCOCC3)nc3cnc4[nH]ccc4c32)CC1,8.387216143280265,1
CHEMBL5974705,N#CC[C@H]1CC[C@H](n2c(CC(=O)NC34CC5CC(CC(C5)C3)C4)nc3cnc4[nH]ccc4c32)CC1,8.55284196865778,1
CHEMBL5974762,Cc1ncc(N)nc1-c1cc(-c2cnn(C3(CC#N)CC(C#N)C3)n2)c2cccnc2c1,5.1308269726783164,1
CHEMBL5974929,CNC(=O)c1n[nH]c2cc(-c3cc(F)c(O)cc3CC(F)(F)F)nc(NCc3nccnc3N(C)S(=O)(=O)c3ccccc3)c12,6.000434511774017,1
CHEMBL5975032,N#CCC1(n2ncc(-c3cc(-c4cc[nH]n4)cc4ncccc34)n2)CN(S(N)(=O)=O)C1,7.795880017344075,1
CHEMBL5975043,Cc1ccc(C)c(S(=O)(=O)C[C@H]2C[C@@H](N(C)c3ncnc4[nH]ccc34)C2)c1,8.73754891026957,1
CHEMBL5975163,CCOC(=O)Cn1cc(Nc2ncc3ccn(C[C@H]4CC[C@@H](OC)CC4)c3n2)cn1,6.259637310505756,1
CHEMBL5975299,CCc1ccc(Cl)cc1-c1c(C(=O)NC)cc(-c2cc(N)ncn2)n1C,7.055517327849832,1
CHEMBL5975969,C#Cc1ccc(C(=O)c2ccc(CCc3nc4cnc5[nH]ccc5c4n3[C@H]3CC[C@H](CC#N)CC3)cc2)cc1,7.578396073130169,1
CHEMBL5976567,CCc1cc(O)cc(C)c1-c1cc2[nH]ncc2c(NCc2ccccc2N(C)S(C)(=O)=O)n1,5.000217201545865,2
CHEMBL5976776,O=C(Nc1ccc2cncc(C(F)(F)F)c2c1)[C@@H]1CC1c1ccc(S(=O)(=O)NC[C@@H]2CCCNC2)cc1,6.782516055786093,1
CHEMBL5976802,Cn1cc(-c2cc3ncccc3c(-c3cc(C4(CC#N)CN(CC#N)C4)no3)n2)cn1,7.221848749616356,1
CHEMBL5976803,Cn1cc(Nc2nccc(N3C[C@H]4CC[C@@H](C3)N4C3(CC#N)CN(S(C)(=O)=O)C3)n2)cn1,7.958607314841775,3
CHEMBL5976875,Cc1cc(-c2cc(-c3cc[nH]n3)cc3ncccc23)nn1C1(CC#N)CN(S(C)(=O)=O)C1,7.0915149811213505,1
CHEMBL5976974,N#CCC1(n2ccc(-c3nc(-c4cnn(CCO)c4)cc4ncccc34)n2)CC(C#N)C1,7.578383610950995,2
CHEMBL5977063,CN(c1ncnc2[nH]ccc12)[C@H]1C[C@@H](CS(=O)(=O)c2cccc(C(F)(F)F)c2)C1,9.492144128304169,1
CHEMBL5977633,CN(c1ccccc1CNc1nc(-c2cc(F)c(O)cc2CC(F)(F)F)nc2[nH]nc(C(=N)NC(=N)C3CCN(C(=O)CN4CCCC4)CC3)c12)S(C)(=O)=O,5.64569943765464,1
CHEMBL5977756,CCN(c1nccnc1CNc1nc(-c2cc(F)c(O)cc2CC(F)(F)F)cc2[nH]nc(C(=O)NC)c12)S(C)(=O)=O,6.8297382846050425,2
CHEMBL5977954,C[C@@H]1CCCN1S(=O)(=O)C[C@H]1C[C@@H](N(C)c2ncnc3[nH]ccc23)C1,6.488116639021126,1
CHEMBL5977996,CN1CCC(n2cc(-c3cc4ncccc4c(-c4ccn(C5(CC#N)CN(CC(F)(F)F)C5)n4)n3)cn2)CC1,7.055517327849832,1
CHEMBL5978404,CCNC(=O)c1ccc(Nc2ncc(F)c(N3C[C@H]4CC[C@@H](C3)N4C(=O)OC(C)(C)C)n2)cc1C,7.769551078621726,4
CHEMBL5978411,CCc1cc(O)c(F)cc1-c1cc2[nH]ncc2c(NCc2cc(C)ccc2N(C)S(C)(=O)=O)n1,5.888401475119606,1
CHEMBL5978633,N#CCC1(n2ncc(-c3cc(-c4cccc(N)n4)cc4ncccc34)n2)CC(C#N)C1,7.351667404869234,2
CHEMBL5978819,CCC(CC)n1cc(-c2nc(-c3cnn(C[C@H]4CCC(=O)N4)c3)cn3nccc23)cn1,7.259637310505756,3
CHEMBL5978841,O=C(Nc1nc2cccc(-c3ccc(CC(=O)N4CC(F)(F)C4)cc3)n2n1)C1CC1,6.522878745280337,1
CHEMBL5979033,CN(c1ncnc2[nH]ccc12)[C@H]1C[C@@H](NS(=O)(=O)[C@H]2C[C@@H]2CC#N)C1,6.3819519032879075,1
CHEMBL5979670,CC1CC(C)CC(NC(=O)Cc2nc3cnc4[nH]ccc4c3n2[C@H]2CC[C@H](CC#N)CC2)C1,8.036212172654444,1
CHEMBL5979950,CCc1cc(O)c(F)cc1-c1ccc2c(-c3nc4c([nH]3)CN(C(C)C)[C@H](C(=O)N3CC(N(C)C)C3)C4)n[nH]c2c1,8.801342913045577,1
CHEMBL5979982,CCC(CC)n1cc(-c2nc(-c3cnn(C[C@@H](O)C(C)(C)O)c3)cn3nccc23)cn1,7.259637310505756,3
CHEMBL5980180,CNc1cc(-c2cc3ncccc3c(-c3ccn(C4(CC#N)CC(C#N)C4)n3)n2)nn1C,6.490570726779968,2
CHEMBL5980264,CS(=O)(=O)N1CC(CC#N)(n2ncc(-c3cc(-c4cccc(O)c4)cc4ncccc34)n2)C1,6.97061622231479,1
CHEMBL5980572,CS(=O)(=O)N1CC(CC#N)(n2cnc(-c3cc(-c4cn[nH]c4)cc4ncccc34)n2)C1,6.586700235918748,1
CHEMBL5980632,CCC(C1CC(F)(F)C1)n1cc(-c2nc(-c3cnn(C[C@@H](O)CO)c3)cn3nccc23)cn1,7.259637310505756,3
CHEMBL5980784,CCC(CC)n1cc(-c2nc(-c3cnn(C[C@H](CO)N(C)C)c3)cn3nccc23)cn1,7.259637310505756,3
CHEMBL5980967,CNS(=O)(=O)C[C@H]1CC[C@H](N(C)c2ncnc3[nH]cnc23)CC1,5.337903554582076,1
CHEMBL5981401,N#CC[C@H]1CC[C@H](n2c(CNS(=O)(=O)c3ccc(C#N)cc3)nc3cnc4[nH]ccc4c32)CC1,7.570247719997592,1
CHEMBL5981552,CN(c1ncnc2[nH]ccc12)[C@H]1C[C@@H](CS(=O)(=O)N2CCC(COC(F)F)CC2)C1,8.640164517660113,1
CHEMBL5981694,CS(=O)(=O)N1CC(CC#N)(n2ccc(-c3nc(-c4cnn(C(F)(F)F)c4)cc4ncccc34)n2)C1,6.074172425375258,1
CHEMBL5982323,CN(c1ncnc2[nH]ccc12)[C@H]1C[C@@H](CS(=O)(=O)C2CC(C#N)C2)C1,6.2441251443275085,1
CHEMBL5982547,C[C@@H](CC(F)(F)F)n1cc(-c2nc(-c3cnn(C[C@@H](O)CO)c3)cn3nccc23)cn1,6.259637310505756,2
CHEMBL5982625,Cn1cc(Nc2nccc(N3C[C@H]4CC[C@@H](C3)N4C[C@H]3CC3(F)F)n2)cn1,6.903089986991944,4
CHEMBL5983440,CNC(=O)c1n[nH]c2nc(-c3cc(F)c(O)cc3CC(F)(F)F)nc(NCc3ccccc3N(CCO)S(C)(=O)=O)c12,5.9396799713117145,2
CHEMBL5983649,CCC(CC)n1cc(-c2nc(-c3cnn(C4CC(C)(O)C4)c3)cn3nccc23)cn1,7.259637310505756,1
CHEMBL5983703,Cn1cc(-c2cc3nccnc3c(-c3cnn(C4(CC#N)CN(CC(F)(F)F)C4)c3)n2)cn1,7.958607314841775,1
CHEMBL5984114,CCC(CC)n1cc(-c2nc(-c3cnn(C4CCN(C(=O)N(C)C)CC4)c3)cn3nccc23)cn1,7.259637310505756,3
CHEMBL5984400,N#CC[C@H]1CC[C@H](n2c(Cn3c(-c4ccccc4)noc3=O)nc3cnc4[nH]ccc4c32)CC1,7.3819519032879075,1
CHEMBL5984401,Cc1cc(=O)n(C)cc1S(=O)(=O)C[C@H]1C[C@@H](N(C)c2ncnc3[nH]ccc23)C1,10.05551732784983,1
CHEMBL5984591,CN(c1ncnc2[nH]ccc12)[C@H]1C[C@@H](CS(=O)(=O)CCC2CCCC2)C1,5.452225294612178,1
CHEMBL5984706,Cc1cnn(CC2CCC(N3C=CC(=O)C4C=Nc5[nH]ccc5C43)CC2)c1,7.4089353929735005,1
CHEMBL5985061,N#CC[C@H]1CC[C@H](n2c(CC(=O)N3CC[C@H](O)C3)nc3cnc4[nH]ccc4c32)CC1,8.10790539730952,1
CHEMBL5985321,CCc1cc(O)ccc1-c1cc2[nH]ncc2c(N2CC(Oc3cc(C#N)ccc3Cl)C2)n1,5.478861916295964,2
CHEMBL5985352,CCC(CC)n1cc(-c2nc(-c3cnn(C[C@@H](N)CO)c3)cn3nccc23)cn1,7.259637310505756,3
CHEMBL5985525,CS(=O)(=O)N1CC(CC#N)(n2ncc(-c3cc(-c4ccc(F)cc4O)cc4ncccc34)n2)C1,5.95663772197887,1
CHEMBL5985594,CN1CCC(NC(=O)c2ccc(Nc3oc(-c4c(F)cccc4F)nc3C(N)=O)cc2)CC1,7.860120913598763,2
CHEMBL5985659,CCc1cc(O)c(F)cc1-c1cc2[nH]nc(C(=O)NC)c2c(NCc2ccccc2N(C)S(C)(=O)=O)n1,8.318758762624412,2
CHEMBL5985816,Cn1ccc(C2CCN(S(=O)(=O)C[C@H]3C[C@@H](N(C)c4ncnc5[nH]ccc45)C3)CC2)n1,9.636388020107855,1
CHEMBL5986122,CC(=O)N1CC(c2nc3cnc4[nH]ccc4c3n2[C@H]2CC[C@H](CC#N)CC2)C1,7.056011124926228,1
CHEMBL5986252,N#CCC1(n2ncc(-c3cc(-c4cn[nH]c4N)cc4ncccc34)n2)CC(C#N)C1,8.048455006504028,2
CHEMBL5986759,CC(=O)N1CC2(C1)CC(CC#N)(n1ccc(-c3nc(-c4cc[nH]n4)cc4ncccc34)n1)C2,5.395665926897089,1
CHEMBL5986920,CNC(=O)c1n[nH]c2nc(-c3cc(F)c(O)cc3CC(F)(F)F)nc(NCc3cc(O)ccc3N(C)S(=O)(=O)c3ccccc3)c12,5.925183559354825,3
CHEMBL5987470,N#CCC1(n2ccc(-c3nc(-c4ccnc(C(N)=O)c4)cc4ncccc34)n2)CC(C#N)C1,7.443697499232712,1
CHEMBL5987516,N#CC[C@H]1CC[C@H](n2c(CC(=O)NCC3(O)CC3)nc3cnc4[nH]ccc4c32)CC1,8.060480747381382,4
CHEMBL5987641,O=C(Nc1ccc2cnccc2c1)[C@@H]1CC1c1ccc(S(=O)(=O)Nc2ccccn2)cc1,7.920818753952375,1
CHEMBL5987683,CCOC(=O)Cn1cc(Nc2ncc3ccn(CC4CCC(F)(F)CC4)c3n2)cn1,6.259637310505756,1
CHEMBL5988129,N#CCC1(n2ccc(-c3nc(-c4cn[nH]n4)cc4ncccc34)n2)CN(CC(F)(F)F)C1,6.621602099051862,1
CHEMBL5988142,CCc1cc(O)c(F)cc1-c1cc2[nH]nc(C(N)=O)c2c(NCc2ccccc2N(C)S(=O)(=O)c2ccccc2)n1,7.7423214251308154,1
CHEMBL5988377,C=C(C)CCNc1nc(Nc2cnn(C(C)(C)C)c2)ncc1C(N)=O,7.696803942579511,1
CHEMBL5988473,Cn1cc(-c2cn3nccc3c(-c3cnn(C4CCCCCC4)c3)n2)cn1,6.259637310505756,3
CHEMBL5988475,N#CCC1CCC(n2c(CC(=O)Nc3cc[nH]n3)nc3cnc4[nH]ccc4c32)CC1,8.823908740944319,1
CHEMBL5989005,CC[C@@H](CC(F)(F)F)n1cc(-c2nc(-c3cnn(C(CO)CO)c3)cn3nccc23)cn1,7.259637310505756,1
CHEMBL5989194,O=C(Nc1ccc2cncc(Cl)c2c1)[C@@H]1CC1c1ccc(S(=O)(=O)Nc2ccc(F)cn2)cc1,8.154901959985743,3
CHEMBL5989322,CNC(=O)c1ncc(Nc2nccc(N3C[C@H]4CC[C@@H](C3)N4CC3CC3(F)F)n2)cc1C,7.657577319177793,7
CHEMBL5989555,Cn1cc(-c2cc(-c3ccn(C4(CC#N)CN(CC(F)(F)F)C4)n3)n3ccnc3c2)cn1,5.246187216435298,1
CHEMBL5989603,CCC(C)(CC)n1cc(-c2nc(-c3cnn(C)c3)cn3nccc23)cn1,5.259637310505756,3
CHEMBL5989673,Cn1cc(Nc2nccc(N3C[C@H]4CC[C@@H](C3)N4C(=O)C3CC3)n2)cn1,7.119186407719209,4
CHEMBL5989811,CCN1CC(CC#N)(n2ccc(-c3nc(C4=CCOCC4)cc4ncccc34)n2)C1,5.857297754262384,1
CHEMBL5990377,CN(c1ncnc2[nH]ccc12)[C@H]1C[C@@H](NS(=O)(=O)C[C@]2(C)C[C@@H](CN)C2)C1,6.609064892896621,1
CHEMBL5990685,C#Cc1ccc(C(=O)c2ccc(OCc3nc4cnc5[nH]ccc5c4n3[C@H]3CC[C@H](CC#N)CC3)cc2)cc1,7.712198270069774,1
CHEMBL5990774,CNS(=O)(=O)CC1CCC(N(C)c2ncnc3[nH]cnc23)CC1,5.337903554582076,1
CHEMBL5990876,CNC(=O)c1ncc(Nc2nccc(N3C[C@H]4CC[C@@H](C3)N4C(=O)C3CC3)n2)cc1Cl,7.013228265733755,4
CHEMBL5990935,Cc1ccc(N(C)S(C)(=O)=O)c(CNc2nc(-c3cc(F)c(O)cc3CC(F)(F)F)cc(N)c2C(=N)C(N)=O)c1,6.525783735923745,1
CHEMBL5990980,N#CC[C@H]1CC[C@H](n2c(-c3nn[nH]n3)nc3cnc4[nH]ccc4c32)CC1,7.718966632752273,1
CHEMBL5991149,CCCNC(=O)c1cc(Nc2ncc(F)c(N3C[C@H]4CC[C@@H](C3)N4C(=O)C3CC3)n2)[nH]n1,6.364516253185088,4
CHEMBL5991476,Cn1cc(-c2cc(-c3ccn(C4(CC#N)CN(S(C)(=O)=O)C4)n3)c3cccnc3c2)cn1,6.673664139071248,1
CHEMBL5991514,COc1cncc(S(=O)(=O)C[C@H]2C[C@@H](N(C)c3ncnc4[nH]ccc34)C2)c1,9.563101462039757,2
CHEMBL5991656,N#CC[C@H]1CC[C@H](n2c(CC(=O)Nc3ccc(C#N)cc3)nc3cnc4[nH]ccc4c32)CC1,7.903089986991944,1
CHEMBL5991711,N#CC[C@H]1CC[C@H](NC(=O)Cc2nc3cnc4[nH]ccc4c3n2[C@H]2CC[C@H](CC#N)CC2)CC1,8.356547323513812,1
CHEMBL5991927,O=C(Nc1ccc2cnccc2c1)[C@@H]1CC1c1ccc(S(=O)(=O)Nc2cccnn2)cc1,6.950781977329818,1
CHEMBL5992064,CNC(=O)c1n[nH]c2cc(-c3cc(F)c(O)cc3CC(F)(F)F)nc(NCC3CCCC3)c12,6.847711655616943,2
CHEMBL5992137,CN(c1ncnc2[nH]ccc12)[C@H]1C[C@@H](NS(=O)(=O)[C@H]2C[C@@H](C(F)F)C2)C1,6.732828271596986,1
CHEMBL5992169,CCC(CC)n1cc(-c2nc(-c3cnn(CC4CNC(=O)O4)c3)cn3nccc23)cn1,7.259637310505756,3
CHEMBL5992309,CCC(CC)n1cc(-c2nc(-c3cnn(CC(=O)NC(C)C)c3)cn3nccc23)cn1,7.259637310505756,2
CHEMBL5992455,CCC(CC)n1cc(-c2nc(-c3cnn(CC4CCCN4)c3)cn3nccc23)cn1,7.259637310505756,4
CHEMBL5992627,CNC(=O)c1ncc(Nc2nccc(N3C[C@H]4CC[C@@H](C3)N4[C@H]3C[C@@H](C#N)C3)n2)cc1C,6.649751981665837,4
CHEMBL5992697,C[C@]12C=CC(=O)C=C1CC[C@@H]1[C@@H]2[C@@H](O)C[C@@]2(C)[C@H]1CC[C@]2(O)C(=O)COC(=O)C1CC1C(=O)OCc1ccc([C@@H](CN)C(=O)Nc2ccc3cnccc3c2)cc1,4.301029995663981,2
CHEMBL5992802,CC(C)(O)C1CCN(C(=O)Cc2nc3cnc4[nH]ccc4c3n2[C@H]2CC[C@H](CC#N)CC2)CC1,8.346787486224656,1
CHEMBL5992916,CCc1cc(O)ccc1-c1cc2[nH]ncc2c(N2CC(C)(O)C2)n1,6.640164517660112,1
CHEMBL5993007,CCC(n1cc(-c2nc(-c3cnn(C[C@@H](O)CO)c3)cn3nccc23)cn1)C(C)(F)F,6.759637310505756,2
CHEMBL5993136,CN(c1ncnc2[nH]ccc12)[C@H]1C[C@@H](NS(=O)(=O)[C@H]2CC[C@@H](C#N)C2)C1,5.80271944187438,1
CHEMBL5993299,N#CC[C@H]1CC[C@H](n2c(CNS(=O)(=O)C3CCCCC3)nc3cnc4[nH]ccc4c32)CC1,7.175874166083451,1
CHEMBL5993363,CCC(CC)n1cc(-c2nc(-c3cnn(CCN4CCNCC4=O)c3)cn3nccc23)cn1,7.259637310505756,3
CHEMBL5993770,Cn1cc(-c2cc3ncccc3c(-c3ccn(C4(CC#N)CC(C#N)C4)n3)n2)c(N)n1,8.048455006504028,2
CHEMBL5993910,CCC(CC)n1cc(-c2nc(-c3cnn(C[C@@H](C)O)c3)cn3nccc23)cn1,6.259637310505756,3
CHEMBL5994404,N#CCC1(n2ccc(-c3nc(-c4ccc(N)cn4)cc4ncccc34)n2)CC(C#N)C1,7.259637310505756,1
CHEMBL5994656,CC[C@@H](C)n1cc(-c2nc(-c3cnn(C(CO)CO)c3)cn3nccc23)cn1,6.259637310505756,2
CHEMBL5994968,N#CCc1cncc2ccc(NC(=O)[C@@H]3CC3c3ccc(S(=O)(=O)Nc4ncccn4)cc3)cc12,7.709965388637482,1
CHEMBL5995252,CCS(=O)(=O)N1CC(CC#N)(n2cc(-c3ccnc4[nH]ccc34)c(C)n2)C1,7.522878745280337,1
CHEMBL5995279,CC(C)C[C@H](C)n1cc(-c2nc(-c3cnn(C(CO)CO)c3)cn3nccc23)cn1,6.259637310505756,3
CHEMBL5995720,O=C1C=CN(C2CCC(COCCC(F)(F)F)CC2)C2c3cc[nH]c3N=CC12,7.721246399047171,1
CHEMBL5996354,N#CCC1(n2ncc(-c3cc(-c4cccc(C(N)=O)c4)cc4ncccc34)n2)CC(C#N)C1,7.136554929629089,2
CHEMBL5996811,Cc1cc(-c2cc3ncccc3c(-c3ccn(C4(CC#N)CN(S(C)(=O)=O)C4)n3)n2)ccn1,7.309803919971486,1
CHEMBL5996845,CS(=O)(=O)c1ccc(-c2ccc(-c3nc4cnc5[nH]ccc5c4n3[C@H]3CC[C@H](CC#N)CC3)cc2)cc1,7.449771646944906,1
CHEMBL5997138,O=C(Nc1ccc2cncc(Cl)c2c1)[C@@H]1CC1c1ccc(S(=O)(=O)Nc2ncccn2)cc1,9.602059991327963,5
CHEMBL5997361,CC[C@H](n1cc(-c2nc(-c3cnn(C[C@@H](O)CO)c3)cn3nccc23)cn1)C(C)(F)F,6.259637310505756,2
CHEMBL5997386,CS(=O)(=O)N1CC(CC#N)(n2ncc(-c3cc(-c4cccc(CO)c4)cc4ncccc34)n2)C1,6.950781977329818,1
CHEMBL5997512,O=C(Nc1ccc2cncc(C3CC3)c2c1)[C@@H]1C[C@H]1c1ccc(S(=O)(=O)Nc2ccccn2)cc1,7.860052509994181,2
CHEMBL5997575,CCC(CC)n1cc(-c2nc(-c3cnn(C4CCNCC4)c3)cn3nccc23)cn1,7.259637310505756,3
CHEMBL5997869,N#CCC1(n2ccc(-c3nc(-c4ccc(N)nc4)cc4ncccc34)n2)CN(CC(F)(F)F)C1,7.167491087293763,1
CHEMBL5997908,N#CC[C@H]1CC[C@H](n2c(COC(=O)NCC3CCCCC3)nc3cnc4[nH]ccc4c32)CC1,7.94692155651658,1
CHEMBL5997950,CS(=O)(=O)N1CC(CC#N)(n2ccc(-c3nc(-c4cnn5cccnc45)cc4ncccc34)n2)C1,6.22767829327708,1
CHEMBL5997964,CCC(CC)n1cc(-c2nc(-c3cnn(C4CN(P(=O)(N(C)C)N(C)C)C4)c3)cn3nccc23)cn1,7.259637310505756,3
CHEMBL5997967,Cn1cc(-c2cc3ncccc3c(-c3ccn(C4(CC#N)CN(S(=O)(=O)C5CC5)C4)n3)n2)cn1,7.619788758288394,1
CHEMBL5998218,Cn1cc(Nc2nccc(N3C[C@H]4CC[C@@H](C3)N4C[C@@H]3CC3(F)F)n2)cn1,7.3872161432802645,4
CHEMBL5998687,CS(=O)(=O)N1CC(CC#N)(n2ccc(-c3nc(-c4ccc5nccn5c4)cc4ncccc34)n2)C1,7.167491087293763,1
CHEMBL5998803,N#CCC1(n2ccc(-c3nc(-c4cc(CO)[nH]n4)cc4ncccc34)n2)CC(C#N)C1,7.989405350465031,2
CHEMBL5998876,CCNC(=O)N1[C@@H]2CC[C@H]1CN(c1ccnc(Nc3cnc(C(=O)NC)c(Cl)c3)n1)C2,7.180456064458132,4
CHEMBL5998920,CCCCNc1nc(-c2cc(F)c(O)cc2CC(F)(F)F)nc2[nH]ncc12,5.289374984939203,1
CHEMBL5999031,O=C(Nc1nc2cccc(-c3ccc(OC4CCCC4)cc3)n2n1)C1CC1,6.1249387366083,1
CHEMBL5999345,CCN(c1ccccc1CNc1nc(-c2cc(F)c(O)cc2CC(F)(F)F)cc2[nH]nc(C(N)=O)c12)S(C)(=O)=O,7.634512015109101,2
CHEMBL5999480,CCc1cc(O)c(F)cc1-c1cc2[nH]ncc2c(N(C)Cc2ccccc2N(C)S(C)(=O)=O)n1,7.30189945437661,2
CHEMBL5999588,N#CCC1(n2ccc(-c3nc(-c4cc[nH]n4)cc4ncccc34)n2)CC(C(N)=O)C1,6.280558813283212,2
CHEMBL5999913,COC1CC(CC#N)(n2ncc(-c3cc(-c4cc[nH]n4)cc4ncccc34)n2)C1,7.449814727441218,2
CHEMBL6000027,COC1CC(CC#N)(n2ccc(-c3nc(-c4ccc(=O)[nH]c4)cc4ncccc34)n2)C1,7.309803919971486,1
CHEMBL6000054,Cc1cn(C2(CC#N)CC(C#N)C2)nc1-c1nc(-c2cc(N)n(C)n2)cc2ncccc12,6.007528296704599,2
CHEMBL6000141,CCc1cccc(F)c1Nc1nc(Nc2cnn(CC)c2)ncc1C(N)=O,8.96657624451305,1
CHEMBL6000232,N#CC[C@H]1CC[C@H](n2c(CC(=O)NCC3CC3)nc3cnc4[nH]ccc4c32)CC1,7.935542010773082,4
CHEMBL6000596,Cn1cc(Nc2nccc(N3C[C@H]4CC[C@@H](C3)N4C(=O)C3(F)CC3)n2)cn1,7.075720713938118,4
CHEMBL6000680,CCC(CC)n1cc(-c2nc(-c3cnn(CC(O)CC(F)(F)F)c3)cn3nccc23)cn1,7.259637310505756,3
CHEMBL6000784,CC(CO)CNc1nc(-c2cc(F)c(O)cc2CC(F)(F)F)nc2[nH]nc(-c3nc4c([nH]3)CCN(Cc3ccccc3)C4)c12,6.7447274948966935,2
CHEMBL6001013,N#CCC(=O)N1CC(c2nc3cnc4[nH]ccc4c3n2[C@H]2CC[C@H](CC#N)CC2)C1,7.280668713016273,1
CHEMBL6001241,CCN(C)S(=O)(=O)C[C@H]1C[C@@H](N(C)c2ncnc3[nH]ccc23)C1,6.024108863598207,1
CHEMBL6001365,CCC(n1cc(-c2nc(-c3cnn(C[C@@H](O)CO)c3)cn3nccc23)cn1)C(F)(F)F,6.259637310505756,5
CHEMBL6001702,N#CCC1(n2ccc(-c3nc(-c4cc5n(n4)CCNC5)cc4ncccc34)n2)CC(C#N)C1,7.517164014389946,2
CHEMBL6001730,Cc1ccc(Cl)cc1-c1cn(-c2cc(N)ncn2)cc1C#N,7.42021640338319,1
CHEMBL6001910,CCc1cc(O)ccc1-c1cc2[nH]ncc2c(N2CCc3cc(F)ccc3C2)n1,6.519993057042849,2
CHEMBL6001913,CN(c1ccccc1CNc1nc(-c2cc(F)c(O)cc2CC(F)(F)F)nc2[nH]nc(-c3nnc(C4CCN(C(=O)CN5CCCC5)CC4)[nH]3)c12)S(C)(=O)=O,5.64569943765464,1
CHEMBL6001957,CCC(CC)n1cc(-c2nc(-c3cnn([C@@H](C)[C@@H](C)O)c3)cn3nccc23)cn1,7.259637310505756,3
CHEMBL6001979,CN(c1ncnc2[nH]ccc12)[C@H]1C[C@@H](CS(=O)(=O)CC2CCC(F)(F)CC2)C1,8.485452247339714,1
CHEMBL6002247,N#CC[C@]1(n2cc(-c3nc(-c4cc(C(N)=O)no4)cn4nccc34)cn2)C[C@H](C#N)C1,6.453457336521869,4
CHEMBL6002518,N#CCC1(n2ncc(-c3cc(-c4ccc(N)nc4)cc4ncccc34)n2)CC(C#N)C1,7.2860947136620045,2
CHEMBL6002648,N#CC[C@H]1CC[C@H](n2c(CC(=O)N3CCC(CO)CC3)nc3cnc4[nH]ccc4c32)CC1,8.200659450546418,1
CHEMBL6002813,[C-]#[N+]CC1(N2[C@@H]3CC[C@H]2CN(c2ccnc(Nc4cnn(C)c4)n2)C3)COC1,7.2076083105017466,1
CHEMBL6002838,Cc1nccc2cc(NC(=O)[C@@H]3CC3c3ccc(S(=O)(=O)Nc4ccccn4)cc3)ccc12,5.3727549646832955,2
CHEMBL6002863,CC(C)n1cc(-c2nc(-c3cnn(C4CCNCC4)c3)cn3nccc23)cn1,6.259637310505756,3
CHEMBL6003096,N#CC[C@H]1CC[C@H](n2c(CC(=O)N3CCCC3)nc3cnc4[nH]ccc4c32)CC1,8.3767507096021,1
CHEMBL6003360,CCc1ccc(C(F)(F)F)cc1-c1cn(-c2cc(N)ncn2)cc1C(N)=O,7.508638306165727,1
CHEMBL6003619,CN(CC1CCCO1)S(=O)(=O)C[C@H]1C[C@@H](N(C)c2ncnc3[nH]ccc23)C1,5.1125514997500465,1
CHEMBL6003682,CCCN1Cc2[nH]c(-c3n[nH]c4cc(-c5ccc(O)cc5CC)ccc34)nc2C[C@H]1C(=O)N1CCN(CCO)CC1,8.801342913045577,1
CHEMBL6003751,Cn1cc(-c2cc(-c3cnn(C4(CC#N)CN(S(C)(=O)=O)C4)n3)c3cccnc3c2)ccc1=O,6.777283528852417,1
CHEMBL6004656,CN(c1ncnc2[nH]ccc12)[C@H]1C[C@@H](CS(=O)(=O)C[C@H]2CC[C@H](C(F)(F)F)CC2)C1,8.0,1
CHEMBL6004660,CCc1cc(O)ccc1-c1cc2[nH]ncc2c(N2CCc3c(cccc3C(=O)NCc3ccccc3)C2)n1,6.371611069949688,2
CHEMBL6005193,O=C(N[C@]12CC1CN(c1nc(Nc3cnn(CCO)c3)ncc1Cl)C2)C1CC1,6.170696227168975,4
CHEMBL6005242,N#CC[C@H]1CC[C@H](n2c(CC(=O)N[C@H]3CC[C@@H](O)CC3)nc3cnc4[nH]ccc4c32)CC1,8.292429823902063,1
CHEMBL6005450,CCc1cc(O)c(F)cc1-c1cc2[nH]nc(-c3nc(C)c[nH]3)c2c(NCc2ccccc2N(C)S(C)(=O)=O)n1,7.79317412396815,2
CHEMBL6005684,N#CC[C@H]1CC[C@H](n2c(Cn3c(C4CC4)noc3=O)nc3cnc4[nH]ccc4c32)CC1,7.515700160653214,1
CHEMBL6006014,CN(c1ncnc2[nH]ccc12)[C@H]1C[C@@H](CS(=O)(=O)C2CN(C3CCC3)C2)C1,5.1794701514764805,1
CHEMBL6006186,CCC(CC)n1cc(-c2nc(-c3cnn(C[C@H]4C[C@@H](CO)C4)c3)cn3nccc23)cn1,7.259637310505756,2
CHEMBL6006187,C[Si](C)(C)CNC(=O)Cc1nc2cnc3[nH]ccc3c2n1[C@H]1CC[C@H](CC#N)CC1,7.534617148551582,1
CHEMBL6006311,CCN(c1ncc(C)cc1CNc1nc(-c2cc(F)c(O)cc2CC(F)(F)F)cc2[nH]nc(C(N)=O)c12)S(C)(=O)=O,5.604498875694374,1
CHEMBL6006456,CCc1ccc(Cl)cc1-n1cc(-c2ncnc3[nH]ccc23)cc1C#N,7.920818753952375,1
CHEMBL6006796,CC(C)[C@H](C)n1cc(-c2nc(-c3cnn(C[C@@H](O)CO)c3)cn3nccc23)cn1,6.259637310505756,3
CHEMBL6006878,CCc1cc(O)c(F)cc1-c1cc2[nH]nc(-c3ncc[nH]3)c2c(NCc2ccccc2N(C)S(C)(=O)=O)n1,7.931814138253839,2
CHEMBL6006905,CNC(=O)c1n[nH]c2nc(-c3cc(F)c(O)cc3CC(F)(F)F)nc(NCc3ccccc3N(C)S(N)(=O)=O)c12,6.17134010346468,2
CHEMBL6007005,CN(c1ncnc2[nH]ccc12)[C@H]1C[C@@H](CS(=O)(=O)N2CCOCC2)C1,5.799696817018415,1
CHEMBL6007027,N#CCC1(n2ccc(-c3nc(-c4ccncc4F)cc4ncccc34)n2)CN(CC(F)(F)F)C1,6.54515513999149,1
CHEMBL6007723,Cc1cncc2ccc(NC(=O)[C@@H]3CC3c3ccc(S(=O)(=O)Nc4ccccn4)cc3)cc12,8.154901959985743,2
CHEMBL6007798,CO[C@@H]1CCN(S(=O)(=O)C[C@H]2C[C@@H](N(C)c3ncnc4[nH]ccc34)C2)C1,5.60223374387355,1
CHEMBL6008044,Cc1ncc(-c2cc3ncccc3c(-c3ccn(C4(CC#N)CN(S(C)(=O)=O)C4)n3)n2)cc1O,7.2441251443275085,1
CHEMBL6008077,CN(c1ccc(O)cc1CNc1nc(-c2cc(F)c(O)cc2CC(F)(F)F)nc(N)c1C(=N)C(=N)NC(=N)C1CCN(C(N)=O)CC1)S(C)(=O)=O,6.508638306165727,1
CHEMBL6008367,O=C(N[C@@]12CC1CN(c1nc(Nc3cnn(CCO)c3)ncc1Cl)C2)C1CC1,7.6777807052660805,4
CHEMBL6008662,CCC(CC)n1cc(-c2nc(-c3cnn([C@@H]4COC[C@H]4O)c3)cn3nccc23)cn1,7.259637310505756,2
CHEMBL6008834,CN(c1ncnc2[nH]ccc12)[C@H]1C[C@@H](CS(=O)(=O)N2CCC(F)CC2)C1,5.93292914395463,1
CHEMBL6008905,CCc1cc(O)c(F)cc1-c1cc2[nH]nc(C(=O)NC)c2c(N[C@@H](C)c2ccccc2N(C)S(C)(=O)=O)n1,6.494850021680094,2
CHEMBL6009100,CC(=O)Nc1cc(-c2cc3ncccc3c(-c3ccn(C4(CC#N)CN(S(C)(=O)=O)C4)n3)n2)cnc1C,6.152427340857888,1
CHEMBL6009261,CC[C@@H](CC1CC1)n1cc(-c2nc(-c3cnn(C[C@@H](O)CO)c3)cn3nccc23)cn1,7.259637310505756,1
CHEMBL6009457,N#CC[C@H]1CC[C@H](n2c(CO/N=C(\N)c3ccccc3)nc3cnc4[nH]ccc4c32)CC1,7.7423214251308154,1
CHEMBL6010842,NC(=O)c1cn2ccc(Nc3ncc(F)c(N4C[C@H]5CC[C@@H](C4)N5C(=O)C4CC4)n3)cc2n1,6.892790030352131,4
CHEMBL6011041,CCC(CC)n1cc(-c2nc(-c3cnn(C[C@H]4COCCN4)c3)cn3nccc23)cn1,7.259637310505756,3
CHEMBL6011153,CS(=O)(=O)N1CC(CC#N)(n2ccc(-c3nc(-c4cccnc4N)cc4ncccc34)n2)C1,7.1249387366083,1
CHEMBL6011174,N#CCC1(n2ncc(-c3cc(-c4cc[nH]n4)cc4ncccc34)n2)CN(S(=O)(=O)C2CC2)C1,8.0,1
CHEMBL6011213,CNC(=O)c1n[nH]c2cc(-c3cc(F)c(O)cc3CC(F)(F)F)nc(NCc3cnccc3N(C)S(C)(=O)=O)c12,5.198596289982645,2
CHEMBL6011826,OC[C@H](O)Cn1cc(-c2cn3nccc3c(-c3cnn(C(C4CC4)C4CC4)c3)n2)cn1,6.259637310505756,3
CHEMBL6012218,N#CCC1(n2cc(-c3nc(-c4cnn(CCO)c4)cc4ncccc34)cn2)CC(C#N)C1,7.437259367149703,2
CHEMBL6012382,CS(=O)(=O)N1CC(CC#N)(n2ncc(-c3nc(-c4cc[nH]n4)cc4ncccc34)n2)C1,7.795880017344075,1
CHEMBL6012644,Oc1cc(CC(F)(F)F)c(-c2nc(NCC3CC3)c3cn[nH]c3n2)cc1F,5.526367073126159,2
CHEMBL6012745,CCCN1Cc2[nH]c(-c3n[nH]c4cc(-c5ccc(O)cc5CC)ccc34)nc2C[C@H]1C(=O)N1C[C@@H]2C[C@H]1CN2C,8.400116927926312,1
CHEMBL6013132,N#CCC1(n2ncc(-c3cc(-c4cnn5cccnc45)cc4ncccc34)n2)CC(C#N)C1,6.510123408854048,2
CHEMBL6013368,COc1ccncc1S(=O)(=O)C[C@H]1C[C@@H](N(C)c2ncnc3[nH]ccc23)C1,8.537602002101044,1
CHEMBL6013648,CCC(CC)n1cc(-c2nc(-c3cnn(CCN(C)C)c3)cn3nccc23)cn1,7.259637310505756,3
CHEMBL6013781,CCOC(=O)Cn1cc(-c2nc3cnc4[nH]ccc4c3n2[C@H]2CC[C@H](CC#N)CC2)cn1,7.279840696594043,1
CHEMBL6014864,CC(C)(O)CNC(=O)Cc1nc2cnc3[nH]cc(F)c3c2n1[C@H]1CC[C@H](CC#N)CC1,7.79317412396815,1
CHEMBL6015244,N#CC[C@H]1CC[C@H](n2c(COC(=O)NC34CC5CC(CC(C5)C3)C4)nc3cnc4[nH]ccc4c32)CC1,7.3788237182249645,1
CHEMBL6015276,N#CC[C@H]1CC[C@H](n2c(CC(=O)NCCOc3ccncc3)nc3cnc4[nH]ccc4c32)CC1,8.244125144327509,1
CHEMBL6015718,COCc1cccc(S(=O)(=O)C[C@H]2C[C@@H](N(C)c3ncnc4[nH]ccc34)C2)c1,8.931814138253838,1
CHEMBL6015960,CCOC(=O)N1[C@@H]2CC[C@H]1CN(c1ccnc(Nc3cnsc3)n1)C2,7.187086643357144,1
CHEMBL6016105,CCC(CC)n1cc(-c2nc(-c3cnn(CC(C)(C)O)c3)cn3nccc23)cn1,6.259637310505756,3
CHEMBL6016381,CCNC(=O)N1[C@@H]2CC[C@H]1CN(c1ccnc(Nc3cnn(C)c3)n1)C2,7.1487416512809245,4
CHEMBL6016494,N#CC[C@H]1CC[C@H](n2c(CC(=O)NCc3ccncn3)nc3cnc4[nH]ccc4c32)CC1,8.55284196865778,1
CHEMBL6016790,CCC(CC)n1cc(-c2nc(-c3cnn([C@@H](C)[C@H](C)O)c3)cn3nccc23)cn1,7.259637310505756,3
CHEMBL6016823,CS(=O)(=O)N1CC(CC#N)(n2ccc(-c3nc(-c4cccc(O)n4)cc4ncccc34)n2)C1,7.376750709602099,1
CHEMBL601719,C[C@@H](Oc1cc(-c2cnn(C3CCNCC3)c2)cnc1N)c1c(Cl)ccc(F)c1Cl,5.896538377905295,1
CHEMBL6017191,COc1ncc(S(=O)(=O)C[C@H]2C[C@@H](N(C)c3ncnc4[nH]ccc34)C2)c(C)n1,9.221848749616356,1
CHEMBL6017290,N#CCC1(n2ccc(-c3nc(Cl)cc4ncccc34)n2)CN(CC(F)(F)F)C1,5.8338660296948905,1
CHEMBL6017550,COC1CC(CC#N)(n2cc(-c3cc(-c4cnn(C)c4)cc4nccn34)cn2)C1,6.403402904373539,1
CHEMBL6017698,Cc1cc(-c2nc(-c3cc(N)n(C)n3)cc3ncccc23)nn1C1(CC#N)CC(C#N)C1,7.56656109283125,2
CHEMBL6017709,C[Si](C)(C)[C@H]1CC[C@@H](NC(=O)Cc2nc3cnc4[nH]ccc4c3n2[C@H]2CC[C@H](CC#N)CC2)CC1,8.060480747381382,1
CHEMBL6017725,CN(c1ccc(Cl)cc1CNc1nc(-c2cc(F)c(O)cc2CC(F)(F)F)cc2[nH]nc(C(N)=O)c12)S(C)(=O)=O,6.037630664329979,1
CHEMBL6017967,CN(C)c1ccc(-c2cc3ncccc3c(-c3ccn(C4(CC#N)CN(S(C)(=O)=O)C4)n3)n2)cn1,7.853871964321762,1
CHEMBL6017975,Cn1ncc(-c2cc3ncccc3c(-c3ccn(C4(CC#N)CN(S(C)(=O)=O)C4)n3)n2)c1N,7.2839966563652006,1
CHEMBL6017986,COC(C)(C)CNC(=O)Cc1nc2cnc3[nH]ccc3c2n1[C@H]1CC[C@H](CC#N)CC1,8.481486060122112,1
CHEMBL6018131,CCC(CC)n1cc(-c2nc(-c3cnn([C@@H](C)[C@H](O)CO)c3)cn3nccc23)cn1,7.259637310505756,3
CHEMBL6018395,N#CCC1(n2ccc(-c3nc(Oc4cccc(N)n4)cc4ncccc34)n2)CC(C#N)C1,5.719194071606333,1
CHEMBL6018698,CN(c1ncnc2[nH]ccc12)[C@H]1C[C@@H](CS(=O)(=O)CC2(C)CC(F)(F)C2)C1,6.559090917934782,1
CHEMBL6018954,N#CCC1(n2ncc(-c3cc(-c4cc(C(N)=O)ccn4)cc4ncccc34)n2)CC(C#N)C1,5.4720309788917865,2
CHEMBL6019332,CCC(CC)n1cc(-c2nc(-c3cnn([C@H]4CCC[C@H]4O)c3)cn3nccc23)cn1,6.259637310505756,3
CHEMBL6019430,N#CC[C@H]1CC[C@H](n2c(C(=O)NC3COC3)nc3cnc4[nH]ccc4c32)CC1,7.665546248849069,1
CHEMBL6019524,CNC(=O)c1n[nH]c2cc(-c3cc(F)c(O)cc3CC(F)(F)F)nc(NCc3cc(O)ccc3N(C)S(=O)(=O)c3cccnc3)c12,7.586700235918748,1
CHEMBL6019613,CCC(CC)n1cc(-c2nc(-c3cnn(C4CCN(C(=O)NC)CC4)c3)cn3nccc23)cn1,7.259637310505756,3
CHEMBL6019971,CNC(=O)C(=N)c1c(N)cc(-c2cc(F)c(O)cc2CC(F)(F)F)nc1NCc1cc(O)ccc1N(C)S(C)(=O)=O,7.978810700930062,1
CHEMBL6020350,N#CC[C@H]1CC[C@H](n2c(-c3cnn(CC(=O)NC4CC4)c3)nc3cnc4[nH]ccc4c32)CC1,7.438898616350944,1
CHEMBL6020409,CCC(CC)n1cc(-c2nc(-c3cnn(CCN4CC(F)C4)c3)cn3nccc23)cn1,7.259637310505756,3
CHEMBL6020465,N#Cc1cccc(F)c1-c1cc(Nc2ccc(C(=O)N3CCOCC3)cc2)c2c(n1)CNC2=O,7.616184634019569,2
CHEMBL6020527,CN(c1ncnc2[nH]ccc12)[C@H]1C[C@@H](CS(=O)(=O)C2CN(CC(F)(F)F)C2)C1,5.189767482004916,1
CHEMBL6020680,COCC/C(N)=N/OCc1nc2cnc3[nH]ccc3c2n1[C@H]1CC[C@H](CC#N)CC1,7.565431095965801,1
CHEMBL6020772,CN(c1ncnc2[nH]ccc12)[C@H]1C[C@@H](CS(=O)(=O)c2cccnc2)C1,9.313363730737708,1
CHEMBL6021211,Cn1cc2cc(S(=O)(=O)C[C@H]3C[C@@H](N(C)c4ncnc5[nH]ccc45)C3)ccc2n1,8.47237009912866,1
CHEMBL6021451,CCc1ccc(C(F)(F)F)cc1-c1cc(-c2ncnc3[nH]ccc23)n(C)c1C(N)=O,7.060480747381382,1
CHEMBL6021466,CCC(c1ccccc1)n1cc(-c2nc(-c3cnn(C[C@@H](O)CO)c3)cn3nccc23)cn1,7.259637310505756,3
CHEMBL6021471,CCCCN(c1ccccc1CN(C)c1nc(-c2cc(F)c(O)cc2CC)cc2[nH]ncc12)S(C)(=O)=O,5.150642018338701,2
CHEMBL6021971,C[C@@H]1COCCN1S(=O)(=O)C[C@H]1C[C@@H](N(C)c2ncnc3[nH]ccc23)C1,5.657774770639209,1
CHEMBL6022288,CCC(C1CC1)n1cc(-c2nc(-c3cnn(C[C@@H](O)CO)c3)cn3nccc23)cn1,7.259637310505756,6
CHEMBL6022330,O=C(Nc1ccc2cncc(CC(F)(F)F)c2c1)[C@@H]1CC1c1ccc(S(=O)(=O)Nc2ccccn2)cc1,6.638272163982407,1
CHEMBL6022798,CCc1cc(O)c(F)cc1-c1cc2[nH]nc(C(=O)NC)c2c(NCc2cc(C)ccc2N(C)S(C)(=O)=O)n1,7.943095148663527,2
CHEMBL6022948,CN(c1cc(O)ccc1CNc1nc(-c2cc(F)c(O)cc2CC(F)(F)F)cc2[nH]nc(C(N)=O)c12)S(C)(=O)=O,6.370590400897281,2
CHEMBL6023237,CC(=N)NC(=N)c1n[nH]c2cc(-c3cc(F)c(O)cc3CC(F)(F)F)nc(NCc3ccccc3N(C)S(C)(=O)=O)c12,6.823908740944319,1
CHEMBL6023257,CC(C)(O)CCNC(=O)Cc1nc2cnc3[nH]ccc3c2n1[C@H]1CC[C@H](CC#N)CC1,8.142667503568731,1
CHEMBL6023318,Cc1cccc(C)c1Nc1nc(Nc2cnn(C(C)C)c2)ncc1C(N)=O,7.549750891680639,1
CHEMBL6024027,N#CC[C@H]1CC[C@H](n2c(CN/C(=N\O)C3CC3)nc3cnc4[nH]ccc4c32)CC1,7.7594507517174005,1
CHEMBL6024241,CC1(C#N)CC(CC#N)(n2ccc(-c3nc(-c4cn[nH]c4)cc4ncccc34)n2)C1,7.022396731229029,2
CHEMBL6024306,CN(c1ncnc2[nH]ccc12)[C@H]1C[C@@H](CS(=O)(=O)CCCCF)C1,8.94692155651658,1
CHEMBL6024425,CCC(CC)n1cc(-c2nc(-c3cnn(C[C@@H](O)CCO)c3)cn3nccc23)cn1,7.259637310505756,3
CHEMBL6024469,Cn1cc(Nc2nccc(N3C[C@H]4CC[C@@H](C3)N4C3CC(C#N)C3)n2)cn1,7.2076083105017466,4
CHEMBL6024553,Cc1nccc(S(=O)(=O)C[C@H]2C[C@@H](N(C)c3ncnc4[nH]ccc34)C2)c1C,9.614393726401687,1
CHEMBL6024891,CS(=O)(=O)N1CC(CC#N)(n2ccc(-c3nc(-c4ccc(N)nc4N)cc4ncccc34)n2)C1,7.481486060122112,1
CHEMBL6025256,CCC(CC)n1cc(-c2nc(-c3cnn(C4CC(C(=O)N(C)C)C4)c3)cn3nccc23)cn1,7.259637310505756,6
CHEMBL6025350,N#CCC1(n2ccc(-c3nc(-c4cnn(C5CCCCO5)n4)cc4ncccc34)n2)CN(CC(F)(F)F)C1,6.505845405981558,1
CHEMBL6025419,Cn1cc(Nc2nccc(N3C[C@H]4CC[C@@H](C3)N4S(C)(=O)=O)n2)cn1,6.59176003468815,4
CHEMBL6026293,Cc1cncc2ccc(NC(=O)[C@@H]3C[C@H]3c3ccc(S(=O)(=O)NC4CCCNC4)cc3)cc12,6.801342913045577,1
CHEMBL6027107,CN(c1ncnc2[nH]ccc12)[C@H]1C[C@@H](NS(=O)(=O)CC2(C)COC2)C1,6.063486257521107,1
CHEMBL6027356,CS(=O)(=O)N1CC(CC#N)(n2ccc(-c3nc(-c4cncnc4)cc4ncccc34)n2)C1,5.258612007520731,1
CHEMBL6027434,Cc1nc2ccc3[nH]ccc3c2n1C1CCC(C#N)CC1,9.045757490560675,1
CHEMBL6027723,CCN(c1ccc(Cl)cc1CNc1nc(-c2cc(F)c(O)cc2CC(F)(F)F)cc2[nH]nc(C(N)=O)c12)S(C)(=O)=O,6.055517327849832,2
CHEMBL6028071,CCc1cc(O)c(F)cc1-c1cc(N)c(C(=N)C(=O)NC)c(NCc2ccccc2N(CC)S(C)(=O)=O)n1,8.142667503568731,1
CHEMBL6028138,CNC(=O)c1ncc(Nc2nccc(N3C[C@H]4CC[C@@H](C3)N4C(=O)[C@@H]3C[C@H]3F)n2)cc1C,7.769551078621726,4
CHEMBL6028272,CCC(CC)n1cc(-c2nc(-c3cnn(C[C@H](O)CN(C)C)c3)cn3nccc23)cn1,7.259637310505756,3
CHEMBL6028334,NS(=O)(=O)c1ccc(Nc2ncc(F)c(N3C[C@H]4CC[C@@H](C3)N4C(=O)C3CC3)n2)cn1,6.7544873321858505,4
CHEMBL6028338,CC(CC#N)N1[C@@H]2CC[C@H]1CN(c1ccnc(Nc3cn[nH]c3)n1)C2,7.102372908709558,4
CHEMBL6028509,CC(C)C/C=C/CNc1nc(Nc2cnn(C(C)(C)C)c2)ncc1C(N)=O,6.015472686656207,1
CHEMBL6028538,CCS(=O)(=O)N1CC(C(C)C#N)(n2cc(-c3ncnc4[nH]ccc34)cn2)C1,7.522878745280337,1
CHEMBL6028661,CN(c1ncnc2[nH]ccc12)[C@H]1C[C@@H](CS(=O)(=O)N2CCCCC2)C1,6.031517051446065,1
CHEMBL6028680,CCCCNc1nc(-c2cc(F)c(O)cc2CC(F)(F)F)nc(N)c1C=N,5.289374984939203,1
CHEMBL6028899,[C-]#[N+]CC1(N2[C@@H]3CC[C@H]2CN(c2ccnc(Nc4cnn(C)c4)n2)C3)CN(S(C)(=O)=O)C1,7.958607314841775,1
CHEMBL6029055,N#CCC1(n2ncc(-c3cc(-c4cc[nH]n4)cc4ncccc34)n2)CN(CC(F)(F)F)C1,7.3872161432802645,1
CHEMBL6029088,CNC(=O)C(=N)c1c(N)cc(-c2cc(F)c(O)cc2CC(F)(F)F)nc1NCc1nccnc1N(C)S(=O)(=O)c1ccccc1,6.000434511774017,1
CHEMBL6029096,CC(C)C(=O)N1CC(S(=O)(=O)C[C@H]2C[C@@H](N(C)c3ncnc4[nH]ccc34)C2)C1,5.1580776883205495,1
CHEMBL6029174,CN(c1ncnc2[nH]ccc12)[C@H]1C[C@@H](CS(=O)(=O)N2CCC(c3cnco3)CC2)C1,8.806875401645538,1
CHEMBL6029251,Cn1cc(Nc2ncc(F)c(N3C[C@@]4(CO)C[C@@]4(NC(=O)[C@@H]4C[C@H]4C#N)C3)n2)cn1,7.236572006437063,3
CHEMBL6029425,CNS(=O)(=O)CC1CCC(Oc2c([N+](=O)[O-])cnc3[nH]ccc23)CC1,5.958607314841775,1
CHEMBL6029515,CNC(=O)C(=N)c1c(N)cc(-c2cc(F)c(O)cc2CC(F)(F)F)nc1NCc1nccnc1N(C)S(C)(=O)=O,6.645891560852599,1
CHEMBL6029613,CS(=O)(=O)N1CC(CC#N)(n2ncc(-c3cc(-c4ccc(O)c(F)c4)cc4ncccc34)n2)C1,7.113509274827518,1
CHEMBL6029790,CS(=O)(=O)N1CC(CC#N)(n2ccc(-c3nc(-c4ccccc4CO)cc4ncccc34)n2)C1,5.498529927899588,1
CHEMBL6029792,CCc1cc(O)ccc1-c1cc2[nH]ncc2c(N2CCc3ccc(OC)c(OC)c3C2)n1,5.812479279163537,2
CHEMBL6030063,CCC(CC)n1cc(-c2nc(-c3cnn(CC4(CO)CC4)c3)cn3nccc23)cn1,7.259637310505756,3
CHEMBL6030208,CC1CN(S(=O)(=O)C[C@H]2C[C@@H](N(C)c3ncnc4[nH]ccc34)C2)C1,5.974284616098659,1
CHEMBL6030231,Cc1cncc2ccc(NC(=O)[C@@H]3C[C@H]3c3ccc(S(=O)(=O)Nc4cncc(C5=CCNCC5)n4)cc3)cc12,6.844663962534939,1
CHEMBL6031466,CS(=O)(=O)N1CC(CC#N)(n2ccc(-c3nc(-c4ccccc4O)cc4ncccc34)n2)C1,7.823908740944319,1
CHEMBL6031741,COc1ccc(S(=O)(=O)C[C@H]2C[C@@H](N(C)c3ncnc4[nH]ccc34)C2)c(C(F)(F)F)n1,9.39040559077478,1
CHEMBL6032035,COCCNC(=O)Cc1nc2cnc3[nH]ccc3c2n1[C@H]1CC[C@H](CC#N)CC1,7.718966632752273,1
CHEMBL6032110,CNC(=O)c1ncc(Nc2nccc(N3C[C@H]4CC[C@@H](C3)N4C(=O)C3CC3(F)F)n2)cc1F,6.820880245914115,8
CHEMBL6032340,CN(c1ncnc2[nH]ccc12)[C@H]1C[C@@H](CS(=O)(=O)N2CCN(C(=O)C3CC3)CC2)C1,5.677367288307777,1
CHEMBL6032666,CCn1cc(Nc2ncc(C(N)=O)c(NCc3c(F)cccc3C(F)(F)F)n2)cn1,8.76447155309245,1
CHEMBL6032785,N#CCC1(n2ncc(-c3cc(-c4cc(N)[nH]n4)cc4ncccc34)n2)CC(C#N)C1,8.004386962153752,2
CHEMBL6033114,COC[C@H]1CC[C@H](S(=O)(=O)C[C@H]2C[C@@H](N(C)c3ncnc4[nH]ccc34)C2)CC1,8.267606240177031,1
CHEMBL6033202,C=Cc1ccccc1Nc1nc(Nc2cnn(C)c2)ncc1C(N)=O,8.630784142589857,1
CHEMBL6033519,Cn1cc(-c2cn3nccc3c(-c3cnn(C4(CC#N)CCC4)c3)n2)cn1,7.259637310505756,4
CHEMBL6033521,CC[C@@H](CC(F)(F)F)n1cc(-c2nc(-c3cnn(C[C@@H](O)CO)c3)cn3nccc23)cn1,7.259637310505756,1
CHEMBL6033820,CCC(CC)n1cc(-c2nc(-c3cnn([C@H]4COC[C@@H]4O)c3)cn3nccc23)cn1,7.259637310505756,2
CHEMBL6033999,N#CCC1(n2ccc(-c3nc(-c4cnn(C5COC5)c4)cc4ncccc34)n2)CN(CC(F)(F)F)C1,7.5376020021010435,1
CHEMBL6034680,CCOC(=O)Cn1ccc(Nc2ncc3ccn(CC(CC)CC)c3n2)n1,6.259637310505756,1
CHEMBL603469,C[C@]12O[C@H](C[C@]1(O)CO)n1c3ccccc3c3c4c(c5c6ccccc6n2c5c31)CNC4=O,7.823908740944319,1
CHEMBL6034803,CNS(=O)(=O)C[C@H]1CC[C@H](Oc2c([N+](=O)[O-])cnc3[nH]ccc23)CC1,5.958607314841775,1
CHEMBL6035207,CN(c1ccc(F)cc1CNc1nc(-c2cc(F)c(O)cc2CC(F)(F)F)cc2[nH]nc(C(N)=O)c12)S(C)(=O)=O,6.896196279044043,2
CHEMBL6035308,CN(c1ccc(O)cc1CNc1nc(-c2cc(F)c(O)cc2CC(F)(F)F)nc2[nH]nc(-c3nnc(C4CCN(C(N)=O)CC4)[nH]3)c12)S(C)(=O)=O,6.508638306165727,1
CHEMBL6035881,Cc1n[nH]cc1-c1cc2ncccc2c(-c2ccn(C3(CC#N)CC(C#N)C3)n2)n1,7.27273000751759,2
CHEMBL6035933,CC(C)NC(=O)c1nc2cnc3[nH]ccc3c2n1[C@H]1CC[C@H](CC#N)CC1,7.2716462179787715,1
CHEMBL6036151,CS(=O)(=O)c1ccc(-c2cc(-c3cnn(C4(CC#N)CC(C#N)C4)n3)c3cccnc3c2)nc1,7.541773025725037,2
CHEMBL6036363,N#CCC1(n2ccc(-c3nc(-c4cc(N)cnn4)cc4ncccc34)n2)CC(C#N)C1,5.8839240776494774,2
CHEMBL6036509,[C-]#[N+]c1cnc(N2[C@@H]3CC[C@H]2CN(c2ccnc(Nc4cnn(C)c4)n2)C3)o1,7.200659450546418,1
CHEMBL6036818,N#CCC1(n2cc(-c3cc(-c4cn[nH]c4N)cc4ncccc34)cn2)CC(C#N)C1,6.627087997029894,1
CHEMBL6036918,CCC(CC)n1cc(-c2nc(-c3cnn(C4CN(C(=O)CN)C4)c3)cn3nccc23)cn1,7.259637310505756,3
CHEMBL6037170,CCc1cc(O)c(F)cc1-c1cc2[nH]nc(C(=O)NC)c2c(N[C@H](C)c2ccccc2N(C)S(C)(=O)=O)n1,7.749579997691106,2
CHEMBL6037528,N#CCC1(n2ccc(-c3nc(-c4ccc(O)nc4)cc4ncccc34)n2)CN(CC(F)(F)F)C1,7.6777807052660805,1
CHEMBL6037590,CN(c1ccc(O)cc1CNc1nc(-c2cc(F)c(O)cc2CC(F)(F)F)cc2[nH]nc(C(N)=O)c12)S(=O)(=O)c1ccccc1,6.632644078973981,1
CHEMBL6037977,COC1CC(CC#N)(n2cc(-c3nc(-c4cnn(CCO)c4)cc4ncccc34)cn2)C1,6.99978296126034,2
CHEMBL6038502,N#CC[C@H]1CC[C@H](n2c(-c3nc[nH]n3)nc3cnc4[nH]ccc4c32)CC1,8.795880017344075,1
CHEMBL6038772,CCC(CC)n1cc(-c2nc(-c3cnn(CC(=O)N4CCOCC4)c3)cn3nccc23)cn1,7.259637310505756,3
CHEMBL6038915,N#CC[C@H]1CC[C@H](n2c(-c3cccnc3N)nc3cnc4[nH]ccc4c32)CC1,6.5951662833800615,1
CHEMBL6039308,CN(c1ncnc2[nH]ccc12)[C@H]1C[C@@H](NS(=O)(=O)N2CC(C)(C#N)C2)C1,6.239577516576788,1
CHEMBL6039583,CN(c1ncnc2[nH]ccc12)[C@H]1C[C@@H](CS(=O)(=O)c2ccc(F)cc2)C1,9.636388020107855,1
CHEMBL6039610,CNS(=O)(=O)C[C@H]1CC[C@H](N(C)c2c(C#N)cnc3[nH]ccc23)CC1,6.075720713938118,1
CHEMBL6039641,CCC(CC)n1cc(-c2nc(-c3cnn(CCN4CCNC(=O)C4)c3)cn3nccc23)cn1,7.259637310505756,3
CHEMBL6039711,CCC(CC)n1cc(-c2nc(-c3cnn(C[C@H](O)CN4CC(OC)C4)c3)cn3nccc23)cn1,7.259637310505756,3
CHEMBL6039871,Cn1cc(-c2cc3ncccc3c(-c3ccn(C4(CC#N)CN(CC5CC5)C4)n3)n2)cn1,7.136677139879544,1
CHEMBL6039934,CCc1cc(O)ccc1-c1cc2[nH]ncc2c(NCc2ccccc2N(C)SC)n1,8.2518119729938,1
CHEMBL6039980,CCC(CC)n1cc(-c2nc(-c3cnn([C@H]4C[C@H](C(=O)NCCO)C4)c3)cn3nccc23)cn1,7.259637310505756,2
CHEMBL6040002,CCC(CC)n1cc(-c2nc(-c3cnn([C@H]4C[C@H](O)C4)c3)cn3nccc23)cn1,7.259637310505756,2
CHEMBL6040169,Cn1cc(Nc2nccc(N3C[C@H]4CC[C@@H](C3)N4C(=O)Nc3ccc(C(F)(F)F)cn3)n2)cn1,6.015922966097169,4
CHEMBL6040314,CS(=O)(=O)Nc1ccc(-c2cc3ncccc3c(-c3ccn(C4(CC#N)CN(S(C)(=O)=O)C4)n3)n2)cn1,7.769551078621726,1
CHEMBL6040385,Cn1nncc1-c1cc(-c2cnn(C3(CC#N)CC(C#N)C3)n2)c2cccnc2c1,5.6081830763867515,1
CHEMBL6040459,C[C@H](O)c1ncc(Nc2ncc(F)c(N3C[C@H]4[C@@H](C)[C@@]4(NC(=O)C4CC4)C3)n2)cc1Cl,6.640164517660112,4
CHEMBL6041151,Cn1cc(-c2cn3nccc3c(-c3cnn([C@]4(CC#N)C[C@@H](c5ccn[nH]5)C4)c3)n2)cn1,7.327902142064283,4
CHEMBL6041466,Cc1cc(Nc2nccc(N3C[C@H]4CC[C@@H](C3)N4C(=O)C3CC3(F)F)n2)cnc1C(N)=O,7.443697499232712,4
CHEMBL6042804,CCC[C@H](C)n1cc(-c2nc(-c3cnn(C[C@H](O)CO)c3)cn3nccc23)cn1,6.259637310505756,1
CHEMBL6043076,Cn1cc(Nc2nccc(N3C[C@H]4CC[C@@H](C3)N4C(=O)C3CC(F)(F)C3)n2)cn1,6.866461091629782,4
CHEMBL6043141,CCNC(=O)c1ncc(Nc2nccc(N3C[C@H]4CC[C@@H](C3)N4C(=O)C3CC3)n2)cc1C,7.102372908709558,4
CHEMBL6043188,CNS(=O)(=O)C[C@H]1CC[C@H](n2cnc3cnc4[nH]ccc4c32)CC1,6.886056647693163,1
CHEMBL6043750,Cn1cc(Nc2nccc(N3C[C@H]4CC[C@@H](C3)N4CC3C[C@@H]3C#N)n2)cn1,6.583359492661719,4
CHEMBL6044794,CCN(c1ncc(Cl)cc1CNc1nc(-c2cc(F)c(O)cc2CC(F)(F)F)cc2[nH]nc(C(N)=O)c12)S(C)(=O)=O,5.560036064079095,2
CHEMBL6044941,CS(=O)(=O)N1CC(CC#N)(n2ccc(-c3nc(-c4ccn[nH]4)cc4ncccc34)n2)C1,7.356547323513812,1
CHEMBL6045160,CS(=O)(=O)N1CC(CC#N)(n2ccc(-c3nc(-c4cnc5nccn5c4)cc4ncccc34)n2)C1,5.855737226238009,1
CHEMBL6046503,COc1cc2c(=O)n(C(C(=O)NCC(F)(F)F)C(C)C)c3c4cc[nH]c4ncc3c2cc1OC,6.5638373529592435,1
CHEMBL6046711,CNC(=O)c1n[nH]c2cc(-c3cc(F)c(O)cc3CC(F)(F)F)nc(NCc3cc(O)ccc3N(C)S(C)(=O)=O)c12,7.978810700930062,1
CHEMBL6048416,N#CC[C@H]1CC[C@H](n2c(CNC(=O)c3cn[nH]c3)nc3cnc4[nH]ccc4c32)CC1,7.790484985457369,1
CHEMBL6048689,CCN(c1ccc(O)cc1CNc1nc(-c2cc(F)c(O)cc2CC(F)(F)F)cc2[nH]nc(C(=O)NC)c12)S(=O)(=O)c1ccccc1,6.438898616350944,2
CHEMBL6048693,CN(c1ncnc2[nH]ccc12)[C@H]1C[C@@H](CS(=O)(=O)N2CC(OC(F)F)C2)C1,6.054531414868181,1
CHEMBL6049136,NC(=O)c1nc(-c2c(F)cccc2F)oc1Nc1ccc(C(=O)N[C@H]2CCNC2)cc1,7.950781977329818,1
CHEMBL6049422,CN(c1ncnc2[nH]ccc12)[C@H]1C[C@@H](CS(=O)(=O)CC2(C)COC2)C1,5.964570261815451,1
CHEMBL6049569,N#CCC1(n2ccc(-c3nc(-c4cncnc4)cc4ncccc34)n2)CN(CC(F)(F)F)C1,5.575608445589722,1
CHEMBL6049594,CCc1cc(O)ccc1-c1ccc2c(-c3nc4c([nH]3)CN(C)[C@H](C(=O)N3CCN(C(=O)OC(C)(C)C)C[C@@H]3C)C4)n[nH]c2c1,8.801342913045577,1
CHEMBL6049667,CN(c1ccccc1CNc1nc(-c2cc(F)c(O)cc2CC(F)(F)F)cc2[nH]ncc12)S(C)(=O)=O,6.835647144215563,1
CHEMBL6049702,Cc1ncc(S(=O)(=O)C[C@H]2C[C@@H](N(C)c3ncnc4[nH]ccc34)C2)s1,8.7594507517174,1
CHEMBL6049860,CN(c1ncnc2[nH]ccc12)[C@H]1C[C@@H](CS(=O)(=O)CC2CCCCC2)C1,5.594482893023624,1
CHEMBL6050042,N#CCC1(n2ncc(-c3cc(-c4cnc5[nH]ccc5n4)cc4ncccc34)n2)CC(C#N)C1,6.157390760389438,1
CHEMBL6050356,CCc1cc(O)c(F)cc1-c1cc2[nH]ncc2c(N(CCc2ccc(NS(C)(=O)=O)cc2)Cc2ccccc2N(C)S(C)(=O)=O)n1,6.7121982700697735,2
CHEMBL6050395,N#Cc1cccc(F)c1-c1cc(Nc2ccc(C(=O)N3CCCC3)cc2)c2c(n1)CNC2=O,7.752026733638194,2
CHEMBL6050401,CC[C@H](CC(F)(F)F)n1cc(-c2nc(-c3cnn(C(CO)CO)c3)cn3nccc23)cn1,6.259637310505756,1
CHEMBL6050990,CCC(CC)n1cc(-c2nc(-c3cnn(C[C@@H](O)CN(C)C)c3)cn3nccc23)cn1,7.259637310505756,3
CHEMBL6051174,CCC(CC)n1cc(-c2nc(-c3cnn(C[C@H](O)CC)c3)cn3nccc23)cn1,7.259637310505756,3
CHEMBL6051879,O=C(C1CC1)N1[C@@H]2CC[C@H]1CN(c1ccnc(Nc3cnsc3)n1)C2,7.031517051446065,4
CHEMBL6052223,CCCCN(c1ccccc1CNc1nc(-c2cc(F)c(O)cc2CC)cc2[nH]ncc12)S(C)(=O)=O,5.700492701299512,1
CHEMBL6052243,Cn1ncc2c(S(=O)(=O)C[C@H]3C[C@@H](N(C)c4ncnc5[nH]ccc45)C3)cccc21,8.228412519118745,1
CHEMBL6052369,COc1ccc(S(=O)(=O)C[C@H]2C[C@@H](N(C)c3ncnc4[nH]ccc34)C2)c(F)c1,9.072629636960976,1
CHEMBL6052552,CO[C@@H](C)C1CCN(S(=O)(=O)C[C@H]2C[C@@H](N(C)c3ncnc4[nH]ccc34)C2)CC1,8.987162775294827,1
CHEMBL6052584,CC(C)(CO)CNC(=O)Cc1nc2cnc3[nH]ccc3c2n1[C@H]1CC[C@H](CC#N)CC1,8.387216143280265,1
CHEMBL6053106,CN(CC(F)(F)F)S(=O)(=O)C[C@H]1C[C@@H](N(C)c2ncnc3[nH]ccc23)C1,6.747146969020107,1
CHEMBL6053177,CCN1CC(CC#N)(n2ccc(-c3nc(N4CCOCC4)cc4ncccc34)n2)C1,5.155771418698372,1
CHEMBL6053312,CO[C@@H]1CN(S(=O)(=O)C[C@H]2C[C@@H](N(C)c3ncnc4[nH]ccc34)C2)C[C@H]1F,5.873219422987991,1
CHEMBL6053410,Cn1cc(Nc2nccc(N3C[C@H]4CC[C@@H](C3)N4C(=O)[C@H]3C[C@H]3F)n2)cn1,6.359518563029578,4
CHEMBL6053494,CN(c1ccc(O)cc1CNc1nc(-c2cc(F)c(O)cc2CC(F)(F)F)nc(N)c1C(=N)c1nc2c([nH]1)CCNC2)S(C)(=O)=O,7.163675884293248,1
CHEMBL6054443,CCC(CC)n1cc(-c2nc(-c3cnn(C[C@H](O)CO)c3)cn3nccc23)cn1,7.259637310505756,3
CHEMBL6054491,CC1CCCCCC1n1cc(-c2nc(-c3cnn(C)c3)cn3nccc23)cn1,7.259637310505756,3
CHEMBL6054549,COc1cc(C)c(S(=O)(=O)C[C@H]2C[C@@H](N(C)c3ncnc4[nH]ccc34)C2)cn1,8.943095148663527,1
CHEMBL6054614,CS(=O)(=O)N1CC(CC#N)(n2cc(-c3cc(-c4cn[nH]c4)cc4ncccc34)cn2)C1,6.705533773838407,1
CHEMBL6054620,CCOc1ncccc1S(=O)(=O)C[C@H]1C[C@@H](N(C)c2ncnc3[nH]ccc23)C1,8.910094888560602,1
CHEMBL6054636,CC(C)Oc1cccc(S(=O)(=O)C[C@H]2C[C@@H](N(C)c3ncnc4[nH]ccc34)C2)c1,8.774690718274137,1
CHEMBL6055152,CN(Cc1cnccn1)S(=O)(=O)C[C@H]1C[C@@H](N(C)c2ncnc3[nH]ccc23)C1,5.223226197587893,1
CHEMBL6055224,CCc1ccc(Cl)cc1-c1cn(-c2ncnc3[nH]ccc23)cc1C(N)=O,9.0,1
CHEMBL6055387,CCn1cc(-c2cc3ncccc3c(-c3ccn(C4(CC#N)CN(CC(F)(F)F)C4)n3)n2)cn1,7.568636235841013,1
CHEMBL6055465,COCC1CCCN(S(=O)(=O)C[C@H]2C[C@@H](N(C)c3ncnc4[nH]ccc34)C2)C1,5.926281649653878,1
CHEMBL6055686,Cn1cc(-c2cc(-c3cnn(C4(CC#N)CC(C#N)C4)n3)c3cccnc3c2)nn1,7.443697499232712,1
CHEMBL6055737,N#CCC1(n2ccc(-c3nc(-c4cn[nH]c4CO)cc4ncccc34)n2)CC(C#N)C1,7.75713928675921,2
CHEMBL6055993,C[C@@H]1CCN(C)C[C@@H]1n1ccc(=O)c2cnc3[nH]ccc3c21,5.4089353929735005,1
CHEMBL6056631,CCNC(=O)c1ccc(Nc2nccc(N3CC4CC(C3)N4C(=O)C(C)(F)F)n2)cc1,7.2076083105017466,4
CHEMBL6056658,CN(c1ncnc2[nH]ccc12)[C@H]1C[C@@H](CS(=O)(=O)N2CC(C)(O)C2)C1,5.739213331345024,1
CHEMBL6056896,N#CC[C@H]1CC[C@H](n2c(CNC(=O)C3CCCCC3)nc3cnc4[nH]ccc4c32)CC1,7.2716462179787715,1
CHEMBL6057066,N#CC[C@H]1CC[C@H](n2c(-c3ccc(C(=O)c4ccc(CO)cc4)cc3)nc3cnc4[nH]ccc4c32)CC1,7.3535962737769305,1
CHEMBL6057165,N#CCC1(n2ncc(-c3cc(-c4cc[nH]n4)cc4ncccc34)n2)CC(C#N)C1,8.0,2
CHEMBL6057245,CCC(CC)n1cc(-c2nc(-c3cnn(C[C@@H](O)CC)c3)cn3nccc23)cn1,7.259637310505756,3
CHEMBL6057592,Cc1cncc2ccc(NC(=O)[C@@H]3CC3c3ccc(S(=O)(=O)NC[C@@H]4CCCNC4)cc3)cc12,6.723538195826756,1
CHEMBL6058071,N#CC[C@H]1CC[C@H](n2c(C(=O)N3CCC(C#N)CC3)nc3cnc4[nH]ccc4c32)CC1,6.991399828238082,1
CHEMBL6058229,N#CCCNC(=O)c1nc2cnc3[nH]ccc3c2n1[C@H]1CC[C@H](CC#N)CC1,7.728158393463501,1
CHEMBL6058523,CC(C)C[C@@H](C)n1cc(-c2nc(-c3cnn(C[C@@H](O)CO)c3)cn3nccc23)cn1,6.259637310505756,3
CHEMBL6058534,CN(c1ncnc2[nH]ccc12)[C@H]1C[C@@H](CS(=O)(=O)N2CCC(CF)CC2)C1,8.97061622231479,1
CHEMBL6058544,CCN(c1ccccc1CNc1nc(-c2cc(F)c(O)cc2CC(F)(F)F)nc2[nH]nc(C(=O)NC)c12)S(C)(=O)=O,6.45717457304082,2
CHEMBL6058788,N#CCC1(n2ccc(-c3nc(-c4ccc5nncn5c4)cc4ncccc34)n2)CN(CC(F)(F)F)C1,6.889410289700751,1
CHEMBL6058939,C[C@@H]1CCC1n1cc(-c2nc(-c3cnn(C[C@@H](O)CO)c3)cn3nccc23)cn1,6.759637310505756,2
CHEMBL6059080,N#CCC12CCC(NC(=O)Cc3nc4cnc5[nH]ccc5c4n3[C@H]3CC[C@H](CC#N)CC3)(CC1)C2,8.045757490560675,4
CHEMBL6059508,O=C1NCc2nc(-c3c(F)cccc3F)cc(Nc3ccc(C(=O)N4CCCCC4)cc3)c21,7.045757490560675,2
CHEMBL6059683,CC[C@@H](C)CS(=O)(=O)C[C@H]1C[C@@H](N(C)c2ncnc3[nH]ccc23)C1,9.437707135543524,1
CHEMBL6059703,CCc1cc(O)ccc1-c1cc2[nH]ncc2c(NCCc2ccc(-c3ccccc3)cc2)n1,5.373249146316606,1
CHEMBL6059717,CO[C@@H]1C[C@H]2CC[C@@H](C1)N2S(=O)(=O)C[C@H]1C[C@@H](N(C)c2ncnc3[nH]ccc23)C1,5.047982909952574,1
CHEMBL6060158,CCn1cc(Nc2ncc(C(N)=O)c(Nc3c(F)cccc3Cl)n2)cn1,9.275724130399212,1
CHEMBL6060226,N#CC[C@H]1CC[C@H](n2c(CC(=O)NCc3ccc(C#N)cc3)nc3cnc4[nH]ccc4c32)CC1,8.0,1
CHEMBL6060475,CCCN(Cc1cc(C)ccc1N(C)S(C)(=O)=O)c1nc(-c2cc(F)c(O)cc2CC)cc2[nH]ncc12,5.058786812414679,2
CHEMBL6060702,Cc1n[nH]c(C)c1CCOc1ccc(-c2cccc3nc(NC(=O)C4CC4)nn23)cc1,6.1249387366083,1
CHEMBL6060706,CN(c1ncnc2[nH]ccc12)[C@H]1C[C@@H](CS(=O)(=O)N2CCS(=O)(=O)CC2)C1,9.29413628771608,1
CHEMBL6060866,N#CCC1(n2ncc(-c3cc(-c4cnc(N)nc4)cc4ncccc34)n2)CC(C#N)C1,5.988006885340743,1
CHEMBL6060937,N#CCC1(n2ncc(-c3cc(-c4cc[nH]n4)cc4ncccc34)n2)CN(CC2(F)CC2)C1,6.501689446210399,1
CHEMBL6060952,CCOC(=O)c1ccc(Nc2ncc3ccn(CC(CC)CC)c3n2)cc1,6.259637310505756,1
CHEMBL6061532,CS(=O)(=O)N(CCO)c1ccccc1CNc1nc(-c2cc(F)c(O)cc2CC(F)(F)F)cc(N)c1C(=N)C(N)=O,7.311580177997289,1
CHEMBL6061810,N#CCC1(n2ncc(-c3cc(-c4ccc(N)cn4)cc4ncccc34)n2)CC(C#N)C1,7.3979400086720375,3
CHEMBL6062038,CCc1cc(O)ccc1-c1ccc2c(-c3nc4c([nH]3)CN(C)[C@H](C(=O)N3CCN(CCO)C[C@H]3C)C4)n[nH]c2c1,8.801342913045577,1
CHEMBL6062052,N#CC[C@H]1CC[C@H](n2c(CC(=O)NCC(O)CO)nc3cnc4[nH]ccc4c32)CC1,7.950781977329818,1
CHEMBL6062152,FC1(F)CC1CN1[C@@H]2CC[C@H]1CN(c1ccnc(Nc3cn[nH]c3)n1)C2,7.422331981267469,8
CHEMBL6062880,CS(=O)(=O)N1CC(CC#N)(n2ccc(-c3cc(-c4cn[nH]c4)cc4ncccc34)n2)C1,6.767003889607846,1
CHEMBL6062998,CN1CCC(NC(=O)c2nc3cnc4[nH]ccc4c3n2[C@H]2CC[C@H](CC#N)CC2)CC1,7.982966660701219,1
CHEMBL6063008,COC1(C)CN(S(=O)(=O)C[C@H]2C[C@@H](N(C)c3ncnc4[nH]ccc34)C2)C1,5.208730519089731,1
CHEMBL6063057,c1ccc2sc(CN3CCC(c4nnn5cnc6[nH]ccc6c45)CC3)nc2c1,6.130768280269024,1
CHEMBL6063322,Cc1cncc2ccc(NC(=O)[C@@H]3CC3c3ccc(S(=O)(=O)Nc4ccc(F)cn4)cc3)cc12,8.0,1
CHEMBL6063365,CN(c1ncnc2[nH]ccc12)[C@H]1C[C@@H](CS(=O)(=O)c2cnc(N3CCCC3)nc2)C1,8.730487055782083,1
CHEMBL6063674,Cn1cnc2cc(-c3cc4ncccc4c(-c4ccn(C5(CC#N)CN(S(C)(=O)=O)C5)n4)n3)cnc21,6.628932137728263,1
CHEMBL6063769,Cn1cc(-c2cn3nccc3c(-c3cnn([C@]4(CC#N)C[C@@H](C#N)C4)c3)n2)c(CO)n1,7.522878745280337,4
CHEMBL6064118,CCc1cc(O)ccc1-c1ccc2c(-c3nc4c([nH]3)CN(CC)[C@H](C(=O)N3CC(N(C)C)C3)C4)n[nH]c2c1,8.698970004336019,1
CHEMBL6064161,Cc1nc(-c2cc(-c3cnn(C4(CC#N)CC(C#N)C4)n3)c3cccnc3c2)c[nH]1,7.789198036565084,2
CHEMBL6064266,CC1(C(=O)NC2CC=C(c3cccc4nc(NC(=O)C5CC5)nn34)CC2)CC1(F)F,6.137272471682025,1
CHEMBL6064726,COc1cc(S(=O)(=O)C[C@H]2C[C@@H](N(C)c3ncnc4[nH]ccc34)C2)cnc1OC,9.41907502432438,1
CHEMBL6065248,CN(c1ncnc2[nH]ccc12)[C@H]1C[C@@H](NS(=O)(=O)[C@@H]2CC[C@H](C#N)C2)C1,6.351639989019068,1
CHEMBL6065435,COc1ccc(S(=O)(=O)C[C@H]2C[C@@H](N(C)c3ncnc4[nH]ccc34)C2)c(C)n1,9.414539270491499,1
CHEMBL6065588,CNC(=O)c1ncc(Nc2nccc(N3C[C@H]4CC[C@@H](C3)N4C(=O)[C@@H]3C[C@H]3C#N)n2)cc1C,7.769551078621726,4
CHEMBL6065707,CN(c1ncnc2[nH]ccc12)[C@H]1C[C@@H](CS(=O)(=O)N2CCC(c3ncco3)CC2)C1,8.991399828238082,1
CHEMBL6065759,CCC(CC)n1cc(-c2nc(-c3cnn(CCCO)c3)cn3nccc23)cn1,5.259637310505756,3
CHEMBL6065785,O=C1NCc2nc(-c3c(F)cccc3F)cc(Nc3ccc(N4CCCC4)cn3)c21,6.4089353929735005,2
CHEMBL6065846,CCC(CC)n1cc(-c2nc(-c3cnn(C[C@@H](CN)OC)c3)cn3nccc23)cn1,6.259637310505756,3
CHEMBL6066012,CC(C)OC(=O)Cn1cc(Nc2ncc3ccn(C[C@@H](CCN(C)C)C(C)C)c3n2)cn1,6.259637310505756,1
CHEMBL6102070,CCc1cc(C#N)cc(F)c1N(C)c1cc2c(ncn2C)c(NC(=O)C2CC2F)n1,8.3767507096021,1
CHEMBL6102299,CCc1cc(C#N)ccc1N(C)c1cc2c(ncn2C)c(NC(=O)[C@H]2C[C@H]2F)n1,8.455931955649724,1
CHEMBL6102359,CCc1cc(-c2cccs2)ccc1N(C)c1cc2c(cn1)ncn2C,8.522878745280337,1
CHEMBL6102457,CCc1cc(C#N)cc(F)c1N(C)c1cc2c(ncn2C)c(NC(=O)C2CC2(F)F)n1,7.2839966563652006,1
CHEMBL6103349,CCc1ccc(C#N)cc1N(C)c1cc2c(ncn2C)c(NC(=O)[C@H]2C[C@H]2F)n1,8.886056647693163,1
CHEMBL6120593,N#C[C@H]1C[C@@H](N2C3CCC2CN(c2ccnn4cc(-c5cnn(C(F)F)c5)cc24)C3)C1,8.623423042943488,1
CHEMBL6120710,CCc1cc(-c2cnc(OC)nc2)ccc1N(C)c1cc2c(cn1)ncn2C,7.3979400086720375,1
CHEMBL6120758,Cn1cc(-c2cc3c(N4CC5CCC(C4)N5[C@H]4C[C@@H](C#N)C4)ccnn3c2)cn1,8.640164517660113,1
CHEMBL6133023,Cl.Cn1cc(-c2ccnc(Nc3cccc(N)c3)n2)c2ccccc21,6.762959208620809,1
CHEMBL6133785,CNC(=O)c1cnc(Nc2ccc(C(=O)NC3CCC(Nc4ccc5c(c4)C(=O)N(C4CCC(=O)NC4=O)C5=O)CC3)cn2)cc1Nc1cccc(-c2ncc(F)cn2)c1OC,8.920818753952375,1
CHEMBL6134556,CCc1ccc(C(N)=O)cc1N(C)c1cc2c(ncn2C)c(NC(=O)[C@H]2C[C@H]2F)n1,7.2839966563652006,1
CHEMBL6134634,CS(=O)(=O)Nc1ccc(-c2ccnc(Nc3ccc(N4CCN(CC(=O)Nc5ccc(/C=C/C(=O)NO)cc5)CC4)cc3)n2)cc1,8.356547323513812,1
CHEMBL6141983,CCc1cc(S(C)(=O)=O)cc(F)c1N(C)c1cc2c(ncn2C)c(NC(=O)NC)n1,6.539102157243452,1
CHEMBL6142850,Cc1cc(C#N)ncc1N(C)c1cc2c(ncn2C)c(NC(=O)[C@H]2C[C@H]2F)n1,7.366531544420414,1
CHEMBL6142971,CCc1cc(C2=CCN(S(C)(=O)=O)CC2)ccc1N(C)c1cc2c(ncn2C)c(NC(=O)[C@H]2C[C@H]2F)n1,8.346787486224656,1
CHEMBL6144983,CCc1cc(C2=CCN(S(C)(=O)=O)CC2)ccc1N(C)c1cc2c(cn1)ncn2C,8.318758762624412,1
CHEMBL6145070,CCc1cc(S(C)(=O)=O)cc(F)c1N(C)c1cc2c(ncn2C)c(NC(=O)NCCO)n1,6.818156412055227,1
CHEMBL6145510,Cn1cc(-c2cc3c(N4CC5CCC(C4)N5C4CC(F)(F)C4)ccnn3c2)cn1,8.721246399047171,1
CHEMBL6146315,Cc1cc(C#N)nc(F)c1N(C)c1cc2c(ncn2C)c(NC(=O)[C@H]2C[C@H]2F)n1,8.244125144327509,1
CHEMBL6147166,CCc1ccc(OC)cc1N(C)c1cc2c(ncn2C)c(NC(=O)[C@H]2C[C@H]2F)n1,8.356547323513812,1
CHEMBL6147612,CCc1cc(C2=CCN(S(C)(=O)=O)CC2)ccc1N(C)c1cc2c(ncn2C)c(NC(=O)C2CC2)n1,8.481486060122112,1
CHEMBL6148528,CCc1ccnc(F)c1N(C)c1cc2c(ncn2C)c(NC(=O)[C@H]2C[C@H]2F)n1,7.455931955649724,1
CHEMBL6150030,CS(=O)(=O)Nc1ccc(-c2ccnc(Nc3ccc(N4CCN(CC(=O)Nc5ccc(C(=O)NO)cc5)CC4)cc3)n2)cc1,8.585026652029182,1
CHEMBL6150682,CCc1cc(S(C)(=O)=O)cc(F)c1N(C)c1cc2c(ncn2C)c(NC(=O)N2CC(O)C2)n1,6.301029995663981,1
CHEMBL6151013,CCc1cc(C#N)cc(F)c1N(C)c1cc2c(ncn2C)c(NC(=O)C2CC2)n1,8.318758762624412,1
CHEMBL6151179,CCc1cc(C(N)=O)ccc1N(C)c1cc2c(ncn2C)c(NC(=O)[C@H]2C[C@H]2F)n1,8.468521082957745,1
CHEMBL6151568,CCc1cc(C2=CCN(S(=O)(=O)N3CCCCC3)CC2)ccc1N(C)c1cc2c(cn1)ncn2C,8.508638306165727,1
CHEMBL6151798,CCc1cc(C#N)ccc1N(C)c1cc2c(cn1)ncn2C,6.764471553092451,1
CHEMBL6151967,CCc1ccccc1N(C)c1cc2c(ncn2C)c(NC)n1,6.58838029403677,1
CHEMBL6152057,CCc1cc(C#N)cc(F)c1N(C)c1cc2c(ncn2C)c(NC(=O)OC)n1,8.09151498112135,1
CHEMBL6152336,CCc1cc(C#N)cc(F)c1N(C)c1cc2c(ncn2C)c(NC(=O)[C@@H]2C[C@@H]2F)n1,8.161150909262744,1
CHEMBL6152394,CCc1cc(C#N)cc(F)c1N(C)c1cc2c(ncn2C)c(NC(=O)[C@H]2C[C@H]2F)n1,8.698970004336019,1
CHEMBL6160368,CCc1cc(S(C)(=O)=O)cc(F)c1N(C)c1cc2c(ncn2C)c(NC(=O)[C@H]2C[C@H]2F)n1,8.017728766960431,1
CHEMBL6161407,CCc1cc(C#N)ncc1N(C)c1cc2c(ncn2C)c(NC(=O)[C@H]2C[C@H]2F)n1,8.013228265733755,1
CHEMBL6163248,Cn1cc(-c2cc3c(N4CC5CCC(C4)N5[C@H]4C[C@@H](C#N)C4(C)C)ccnn3c2)cn1,8.63264407897398,1
CHEMBL6163850,COc1cc(-c2cc3c(N4CC5CCC(C4)N5[C@H]4C[C@H](C#N)C4)ccnc3[nH]2)ccn1,8.671620396561263,1
CHEMBL6164211,CCc1cc(C#N)nc(F)c1N(C)c1cc2c(ncn2C)c(NC(=O)[C@H]2C[C@H]2F)n1,8.853871964321762,1
CHEMBL6166160,Cn1cc(-c2nc3c(N4CC5CCC(C4)N5[C@H]4C[C@@](C)(C#N)C4)ccnc3[nH]2)cn1,8.920818753952375,1
CHEMBL6167388,CCc1cc(S(C)(=O)=O)cc(F)c1N(C)c1cc2c(ncn2C)c(Nc2cnn(CC#N)c2)n1,9.229147988357855,1
CHEMBL6195920,C=CC(=O)Nc1cccc(CNc2nc(Nc3ccc(N4CCN(CCNC(=O)CC5C6CC7CC(C6)CC5C7)CC4)cc3OC)ncc2Cl)c1,5.524038410807576,1
CHEMBL6195921,C=CC(=O)Nc1cccc(CNc2nc(Nc3ccc(N4CCN(CCCNC(=O)CC5C6CC7CC(C6)CC5C7)CC4)cc3OC)ncc2Cl)c1,5.739928612014925,1
CHEMBL6195922,C=CC(=O)Nc1cccc(CNc2nc(Nc3ccc(N4CCN(CCCNC(=O)CC5C6CC7CC(C6)CC5C7)CC4)cc3)ncc2Cl)c1,6.266000713461613,1
CHEMBL6195923,C=CC(=O)Nc1cccc(CNc2nc(Nc3ccc(N4CCN(CCCCNC(=O)CC5C6C[C@H]7CC5C[C@@H](C6)C7)CC4)cc3)ncc2Cl)c1,6.429457060118103,1
CHEMBL6195924,C=CC(=O)Nc1cccc(CNc2nc(Nc3cnn(CCN4CCN(C(=O)CC5C6CC7CC(C6)CC5C7)CC4)c3)ncc2Cl)c1,6.170053304058364,1
CHEMBL6195925,C=CC(=O)Nc1cccc(CNc2nc(Nc3cnn(C4CCN(C(=O)CC5C6CC7CC(C6)CC5C7)CC4)c3)ncc2Cl)c1,8.785156151952302,1
CHEMBL6195926,C=CC(=O)Nc1cccc(CNc2nc(Nc3cnn(C4CCN(CCNC(=O)CC5C6CC7CC(C6)CC5C7)CC4)c3)ncc2Cl)c1,6.100179497572904,1
CHEMBL7064,O=C1c2ccccc2-c2n[nH]c3cccc1c23,6.055517327849832,1
